{
    "config": 0,
    "clang_size": [],
    "data": {
        "ReleaseThinLTO": {
            "kimwitu++": {
                "task-clock": 42029.675762000006,
                "context-switches": 2342,
                "cpu-migrations": 99,
                "page-faults": 147285,
                "cycles": 128104818600,
                "instructions": 93498580074,
                "branches": 20308309630,
                "branch-misses": 572584414,
                "max-rss": 1205316,
                "wall-time": 38.18
            },
            "sqlite3": {
                "task-clock": 57809.791874,
                "context-switches": 2780,
                "cpu-migrations": 103,
                "page-faults": 61968,
                "cycles": 176126061579,
                "instructions": 141645494214,
                "branches": 30490443305,
                "branch-misses": 814181790,
                "max-rss": 315972,
                "wall-time": 70.43
            },
            "consumer-typeset": {
                "task-clock": 37480.74216700001,
                "context-switches": 2610,
                "cpu-migrations": 128,
                "page-faults": 186610,
                "cycles": 114103902102,
                "instructions": 92584875435,
                "branches": 19743816425,
                "branch-misses": 567057356,
                "max-rss": 2831512,
                "wall-time": 34.699999999999996
            },
            "Bullet": {
                "task-clock": 61896.213804999985,
                "context-switches": 5014,
                "cpu-migrations": 200,
                "page-faults": 497374,
                "cycles": 188673782687,
                "instructions": 139655376028,
                "branches": 29563260912,
                "branch-misses": 784389413,
                "max-rss": 7209256,
                "wall-time": 82.88999999999999
            },
            "tramp3d-v4": {
                "task-clock": 113352.853272,
                "context-switches": 3151,
                "cpu-migrations": 168,
                "page-faults": 128463,
                "cycles": 344516659230,
                "instructions": 289638846351,
                "branches": 63305462309,
                "branch-misses": 1364280396,
                "max-rss": 483880,
                "wall-time": 133.44
            },
            "mafft": {
                "task-clock": 21673.174850999996,
                "context-switches": 672,
                "cpu-migrations": 1,
                "page-faults": 110523,
                "cycles": 66009643902,
                "instructions": 58013316405,
                "branches": 12329471267,
                "branch-misses": 297123751,
                "max-rss": 1551460,
                "wall-time": 17.249999999999996
            },
            "ClamAV": {
                "task-clock": 52252.88074799999,
                "context-switches": 4036,
                "cpu-migrations": 222,
                "page-faults": 298729,
                "cycles": 159054780988,
                "instructions": 129064715503,
                "branches": 27571563079,
                "branch-misses": 813691402,
                "max-rss": 5215684,
                "wall-time": 55.56999999999999
            },
            "lencod": {
                "task-clock": 69551.089668,
                "context-switches": 4162,
                "cpu-migrations": 214,
                "page-faults": 231602,
                "cycles": 210627244541,
                "instructions": 194255253022,
                "branches": 40743216833,
                "branch-misses": 806085924,
                "max-rss": 3123492,
                "wall-time": 60.11
            },
            "SPASS": {
                "task-clock": 49064.282823999994,
                "context-switches": 3832,
                "cpu-migrations": 99,
                "page-faults": 174739,
                "cycles": 149425333373,
                "instructions": 117003239567,
                "branches": 25211732065,
                "branch-misses": 754718651,
                "max-rss": 2823500,
                "wall-time": 42.97
            },
            "7zip": {
                "task-clock": 145982.09474600002,
                "context-switches": 12710,
                "cpu-migrations": 324,
                "page-faults": 810576,
                "cycles": 444811903748,
                "instructions": 330224821135,
                "branches": 70717114902,
                "branch-misses": 2140084590,
                "max-rss": 12372600,
                "wall-time": 132.08999999999997
            },
            "geomean": {
                "task-clock": 56975.27008660775,
                "context-switches": 3287.833743885418,
                "cpu-migrations": 96.04988780320122,
                "page-faults": 202832.6194155891,
                "cycles": 173415561669.91727,
                "instructions": 139481878829.38318,
                "branches": 29867924945.42858,
                "branch-misses": 785166517.4902267,
                "max-rss": 2249747.129500879,
                "wall-time": 56.60206527077899
            }
        },
        "ReleaseLTO-g": {
            "kimwitu++": {
                "task-clock": 45880.313325,
                "context-switches": 1150,
                "cpu-migrations": 1,
                "page-faults": 205888,
                "cycles": 139626191424,
                "instructions": 97326397631,
                "branches": 21048396615,
                "branch-misses": 597346544,
                "max-rss": 1437168,
                "wall-time": 46.570000000000014
            },
            "sqlite3": {
                "task-clock": 63470.102552,
                "context-switches": 458,
                "cpu-migrations": 1,
                "page-faults": 110231,
                "cycles": 193331479060,
                "instructions": 151085709356,
                "branches": 32322140513,
                "branch-misses": 845766693,
                "max-rss": 503512,
                "wall-time": 63.629999999999995
            },
            "consumer-typeset": {
                "task-clock": 39174.93230699999,
                "context-switches": 923,
                "cpu-migrations": 1,
                "page-faults": 216574,
                "cycles": 119315127934,
                "instructions": 95269654557,
                "branches": 20203284360,
                "branch-misses": 542755316,
                "max-rss": 2964744,
                "wall-time": 41.09999999999999
            },
            "Bullet": {
                "task-clock": 69346.703273,
                "context-switches": 3560,
                "cpu-migrations": 2,
                "page-faults": 562032,
                "cycles": 210990894850,
                "instructions": 157146616107,
                "branches": 33164006899,
                "branch-misses": 853639653,
                "max-rss": 7512868,
                "wall-time": 73.88999999999997
            },
            "tramp3d-v4": {
                "task-clock": 115453.485413,
                "context-switches": 460,
                "cpu-migrations": 1,
                "page-faults": 298744,
                "cycles": 351436085869,
                "instructions": 269862272614,
                "branches": 58388551498,
                "branch-misses": 1304611440,
                "max-rss": 1191552,
                "wall-time": 115.6
            },
            "mafft": {
                "task-clock": 22621.279805999995,
                "context-switches": 579,
                "cpu-migrations": 0,
                "page-faults": 126244,
                "cycles": 68776895168,
                "instructions": 68392711678,
                "branches": 14461160791,
                "branch-misses": 338693182,
                "max-rss": 1638160,
                "wall-time": 23.610000000000007
            },