{
    "config": 0,
    "clang_size": {
        "size-text": 68502613,
        "size-data": 2842408,
        "size-bss": 290408,
        "size-total": 71635429
    },
    "data": {
        "ReleaseThinLTO": {
            "kimwitu++": {
                "task-clock": 31079.07922899999,
                "context-switches": 1681,
                "cpu-migrations": 53,
                "page-faults": 142543,
                "cycles": 104661374871,
                "instructions": 91125896244,
                "branches": 19782421042,
                "branch-misses": 501192828,
                "max-rss": 1168168,
                "wall-time": 28.32,
                "size-text": 786980,
                "size-data": 25960,
                "size-bss": 12560,
                "size-total": 825500
            },
            "sqlite3": {
                "task-clock": 46240.028887,
                "context-switches": 2099,
                "cpu-migrations": 126,
                "page-faults": 59739,
                "cycles": 155735392975,
                "instructions": 143550807858,
                "branches": 30863000121,
                "branch-misses": 766694582,
                "max-rss": 307908,
                "wall-time": 56.42,
                "size-text": 780826,
                "size-data": 3095,
                "size-bss": 624,
                "size-total": 784545
            },
            "consumer-typeset": {
                "task-clock": 29286.35455900001,
                "context-switches": 1987,
                "cpu-migrations": 122,
                "page-faults": 182851,
                "cycles": 98630246670,
                "instructions": 92779030541,
                "branches": 19759402696,
                "branch-misses": 524823746,
                "max-rss": 2736708,
                "wall-time": 27.209999999999997,
                "size-text": 667954,
                "size-data": 3768,
                "size-bss": 65200,
                "size-total": 736922
            },
            "Bullet": {
                "task-clock": 46755.53563400002,
                "context-switches": 4534,
                "cpu-migrations": 225,
                "page-faults": 483793,
                "cycles": 157303042285,
                "instructions": 139173491147,
                "branches": 29457523607,
                "branch-misses": 695432394,
                "max-rss": 6961224,
                "wall-time": 65.66999999999999,
                "size-text": 394152,
                "size-data": 403696,
                "size-bss": 43328,
                "size-total": 841176
            },
            "tramp3d-v4": {
                "task-clock": 89371.047759,
                "context-switches": 2379,
                "cpu-migrations": 109,
                "page-faults": 125488,
                "cycles": 301163596785,
                "instructions": 294070428208,
                "branches": 64253061156,
                "branch-misses": 1258163006,
                "max-rss": 478952,
                "wall-time": 104.9,
                "size-text": 885402,
                "size-data": 1800,
                "size-bss": 1848,
                "size-total": 889050
            },
            "mafft": {
                "task-clock": 17687.949917,
                "context-switches": 632,
                "cpu-migrations": 1,
                "page-faults": 106573,
                "cycles": 59448488962,
                "instructions": 59541003355,
                "branches": 12634099096,
                "branch-misses": 286654905,
                "max-rss": 1498892,
                "wall-time": 14.270000000000001,
                "size-text": 275689,
                "size-data": 3052,
                "size-bss": 14911040,
                "size-total": 15189781
            },
            "ClamAV": {
                "task-clock": 40896.29048299999,
                "context-switches": 3238,
                "cpu-migrations": 146,
                "page-faults": 292572,
                "cycles": 137621358506,
                "instructions": 129679360078,
                "branches": 27666052630,
                "branch-misses": 759418147,
                "max-rss": 5049148,
                "wall-time": 44.46000000000001,
                "size-text": 773613,
                "size-data": 52872,
                "size-bss": 4752,
                "size-total": 831237
            },
            "lencod": {
                "task-clock": 56948.326363,
                "context-switches": 3379,
                "cpu-migrations": 115,
                "page-faults": 222517,
                "cycles": 191815467350,
                "instructions": 200983889901,
                "branches": 42080996384,
                "branch-misses": 763785918,
                "max-rss": 3012180,
                "wall-time": 49.16999999999999,
                "size-text": 957979,
                "size-data": 2144,
                "size-bss": 106176,
                "size-total": 1066299
            },
            "SPASS": {
                "task-clock": 37371.857493999996,
                "context-switches": 3207,
                "cpu-migrations": 114,
                "page-faults": 169892,
                "cycles": 125741739917,
                "instructions": 115626758133,
                "branches": 24914160456,
                "branch-misses": 689995537,
                "max-rss": 2731672,
                "wall-time": 32.900000000000006,
                "size-text": 608440,
                "size-data": 872,
                "size-bss": 346536,
                "size-total": 955848
            },
            "7zip": {
                "task-clock": 110281.47894600005,
                "context-switches": 10141,
                "cpu-migrations": 267,
                "page-faults": 793451,
                "cycles": 370951954972,
                "instructions": 327597852724,
                "branches": 70103080910,
                "branch-misses": 1927262449,
                "max-rss": 11975680,
                "wall-time": 100.72,
                "size-text": 1433841,
                "size-data": 4160,
                "size-bss": 29280,
                "size-total": 1467281
            },
            "geomean": {
                "task-clock": 44412.6931276801,
                "context-switches": 2648.875725301299,
                "cpu-migrations": 79.59910910613125,
                "page-faults": 197083.34056765394,
                "cycles": 149493768195.03754,
                "instructions": 140131341961.22372,
                "branches": 29980179623.436752,
                "branch-misses": 722974814.2123768,
                "max-rss": 2182091.932612729,
                "wall-time": 44.573861900059725,
                "size-text": 692960.8016962184,
                "size-data": 6984.009238215472,
                "size-bss": 35437.433332268796,
                "size-total": 1210215.4774662808
            }
        },
        "O3": {
            "kimwitu++": {
                "task-clock": 24163.644885,
                "context-switches": 834,
                "cpu-migrations": 1,
                "page-faults": 140236,
                "cycles": 81410782928,
                "instructions": 65923688178,
                "branches": 14250768007,
                "branch-misses": 409379952,
                "max-rss": 1202412,
                "wall-time": 24.8,
                "size-text": 805309,
                "size-data": 31168,
                "size-bss": 12592,
                "size-total": 849069
            },
            "sqlite3": {
                "task-clock": 32674.151405000004,
                "context-switches": 183,
                "cpu-migrations": 1,
                "page-faults": 39413,
                "cycles": 110138910306,
                "instructions": 95808201642,
                "branches": 20463462157,
                "branch-misses": 558901647,
                "max-rss": 251244,