{
    "config": 0,
    "clang_size": [],
    "data": {
        "ReleaseThinLTO": {
            "kimwitu++": {
                "task-clock": 41985.372611,
                "context-switches": 2189,
                "cpu-migrations": 67,
                "page-faults": 147031,
                "cycles": 127091037184,
                "instructions": 93489339131,
                "branches": 20293301069,
                "branch-misses": 579940305,
                "max-rss": 1202280,
                "wall-time": 38.290000000000006
            },
            "sqlite3": {
                "task-clock": 56825.12336700001,
                "context-switches": 2629,
                "cpu-migrations": 165,
                "page-faults": 61702,
                "cycles": 172615429468,
                "instructions": 141632870566,
                "branches": 30488272079,
                "branch-misses": 816581768,
                "max-rss": 316680,
                "wall-time": 69.88000000000001
            },
            "consumer-typeset": {
                "task-clock": 37074.56567199999,
                "context-switches": 2426,
                "cpu-migrations": 112,
                "page-faults": 188916,
                "cycles": 112794338034,
                "instructions": 92541288299,
                "branches": 19733784464,
                "branch-misses": 568703692,
                "max-rss": 2835048,
                "wall-time": 33.83
            },
            "Bullet": {
                "task-clock": 62231.85338400001,
                "context-switches": 5255,
                "cpu-migrations": 200,
                "page-faults": 497945,
                "cycles": 187363938295,
                "instructions": 139624110772,
                "branches": 29543134646,
                "branch-misses": 787933059,
                "max-rss": 7206176,
                "wall-time": 83.06
            },
            "tramp3d-v4": {
                "task-clock": 111477.69978600001,
                "context-switches": 3112,
                "cpu-migrations": 238,
                "page-faults": 129687,
                "cycles": 337357993241,
                "instructions": 289392393243,
                "branches": 63202328181,
                "branch-misses": 1364076272,
                "max-rss": 486232,
                "wall-time": 131.38
            },
            "mafft": {
                "task-clock": 21688.390863999994,
                "context-switches": 783,
                "cpu-migrations": 3,
                "page-faults": 112028,
                "cycles": 65660695796,
                "instructions": 57991682256,
                "branches": 12328354751,
                "branch-misses": 299161277,
                "max-rss": 1555500,
                "wall-time": 17.259999999999998
            },
            "ClamAV": {
                "task-clock": 51743.32775599998,
                "context-switches": 3985,
                "cpu-migrations": 212,
                "page-faults": 302938,
                "cycles": 156952597787,
                "instructions": 129041649329,
                "branches": 27585509668,
                "branch-misses": 812959018,
                "max-rss": 5228664,
                "wall-time": 54.85000000000001
            },
            "lencod": {
                "task-clock": 68452.966508,
                "context-switches": 4204,
                "cpu-migrations": 184,
                "page-faults": 230502,
                "cycles": 207527121289,
                "instructions": 193896165545,
                "branches": 40674826347,
                "branch-misses": 798568118,
                "max-rss": 3124584,
                "wall-time": 59.2
            },
            "SPASS": {
                "task-clock": 48745.797383,
                "context-switches": 3916,
                "cpu-migrations": 123,
                "page-faults": 175514,
                "cycles": 147803774038,
                "instructions": 116746929472,
                "branches": 25151121792,
                "branch-misses": 755723671,
                "max-rss": 2830344,
                "wall-time": 42.53
            },
            "7zip": {
                "task-clock": 145923.029819,
                "context-switches": 12701,
                "cpu-migrations": 315,
                "page-faults": 810490,
                "cycles": 440727313103,
                "instructions": 330179783517,
                "branches": 70713386690,
                "branch-misses": 2143796051,
                "max-rss": 12396356,
                "wall-time": 131.75999999999993
            },
            "geomean": {
                "task-clock": 56564.63881762321,
                "context-switches": 3290.843919239122,
                "cpu-migrations": 110.32842860561699,
                "page-faults": 203726.2153515514,
                "cycles": 171327200602.8236,
                "instructions": 139391727330.88626,
                "branches": 29845965877.910057,
                "branch-misses": 786942405.8792145,
                "max-rss": 2253160.5021885238,
                "wall-time": 56.12649916362603
            }
        },
        "ReleaseLTO-g": {
            "kimwitu++": {
                "task-clock": 45406.228068,
                "context-switches": 723,
                "cpu-migrations": 1,
                "page-faults": 206165,
                "cycles": 138206715648,
                "instructions": 97307276390,
                "branches": 21026588464,
                "branch-misses": 600350425,
                "max-rss": 1441932,
                "wall-time": 45.97
            },
            "sqlite3": {
                "task-clock": 62044.620458000005,
                "context-switches": 338,
                "cpu-migrations": 1,
                "page-faults": 110345,
                "cycles": 187373726883,
                "instructions": 151406152616,
                "branches": 32377079434,
                "branch-misses": 847486865,
                "max-rss": 503780,
                "wall-time": 62.19
            },
            "consumer-typeset": {
                "task-clock": 38980.934279999994,
                "context-switches": 1001,
                "cpu-migrations": 1,
                "page-faults": 216735,
                "cycles": 117412155300,
                "instructions": 95318891889,
                "branches": 20211054180,
                "branch-misses": 547318448,
                "max-rss": 2973948,
                "wall-time": 40.81999999999999
            },
            "Bullet": {
                "task-clock": 69435.97885500001,
                "context-switches": 2167,
                "cpu-migrations": 2,
                "page-faults": 562518,
                "cycles": 210441594037,
                "instructions": 157238029052,
                "branches": 33167081464,
                "branch-misses": 861404980,
                "max-rss": 7535208,
                "wall-time": 73.78999999999998
            },
            "tramp3d-v4": {
                "task-clock": 111828.988217,
                "context-switches": 1410,
                "cpu-migrations": 1,
                "page-faults": 299043,
                "cycles": 340335841375,
                "instructions": 269855516266,
                "branches": 58338214031,
                "branch-misses": 1307028117,
                "max-rss": 1192836,
                "wall-time": 111.99000000000001
            },
            "mafft": {
                "task-clock": 22528.991034,
                "context-switches": 543,
                "cpu-migrations": 1,
                "page-faults": 126486,
                "cycles": 67652833458,
                "instructions": 68344478327,
                "branches": 14456992009,
                "branch-misses": 340596300,
                "max-rss": 1643004,
                "wall-time": 23.57
            },