{
    "config": 0,
    "clang_size": [],
    "data": {
        "ReleaseThinLTO": {
            "kimwitu++": {
                "task-clock": 42104.544006,
                "context-switches": 2113,
                "cpu-migrations": 61,
                "page-faults": 148545,
                "cycles": 128581873019,
                "instructions": 93612144622,
                "branches": 20332639243,
                "branch-misses": 578528479,
                "max-rss": 1210404,
                "wall-time": 38.230000000000004
            },
            "sqlite3": {
                "task-clock": 57774.381377,
                "context-switches": 2960,
                "cpu-migrations": 192,
                "page-faults": 61673,
                "cycles": 175866002662,
                "instructions": 141612927746,
                "branches": 30486909655,
                "branch-misses": 812459042,
                "max-rss": 316864,
                "wall-time": 71.46
            },
            "consumer-typeset": {
                "task-clock": 37456.575348000006,
                "context-switches": 2362,
                "cpu-migrations": 78,
                "page-faults": 186771,
                "cycles": 113897104842,
                "instructions": 92652520249,
                "branches": 19761947685,
                "branch-misses": 563429734,
                "max-rss": 2837692,
                "wall-time": 34.199999999999996
            },
            "Bullet": {
                "task-clock": 62094.96290299999,
                "context-switches": 5312,
                "cpu-migrations": 205,
                "page-faults": 497339,
                "cycles": 189157591441,
                "instructions": 139723789856,
                "branches": 29575894215,
                "branch-misses": 781902515,
                "max-rss": 7206036,
                "wall-time": 83.46
            },
            "tramp3d-v4": {
                "task-clock": 112101.303753,
                "context-switches": 3253,
                "cpu-migrations": 201,
                "page-faults": 131322,
                "cycles": 341833427789,
                "instructions": 289847614740,
                "branches": 63343416206,
                "branch-misses": 1365919432,
                "max-rss": 484164,
                "wall-time": 131.63
            },
            "mafft": {
                "task-clock": 21924.973667999995,
                "context-switches": 857,
                "cpu-migrations": 17,
                "page-faults": 110791,
                "cycles": 66895317318,
                "instructions": 58027749013,
                "branches": 12330972326,
                "branch-misses": 300065139,
                "max-rss": 1552096,
                "wall-time": 17.669999999999998
            },
            "ClamAV": {
                "task-clock": 52366.84666700003,
                "context-switches": 3799,
                "cpu-migrations": 176,
                "page-faults": 300551,
                "cycles": 159158884574,
                "instructions": 129085812656,
                "branches": 27576631554,
                "branch-misses": 813351952,
                "max-rss": 5217924,
                "wall-time": 55.09
            },
            "lencod": {
                "task-clock": 69003.19337700002,
                "context-switches": 4085,
                "cpu-migrations": 176,
                "page-faults": 231870,
                "cycles": 210390562702,
                "instructions": 194233660774,
                "branches": 40741810678,
                "branch-misses": 805064462,
                "max-rss": 3113412,
                "wall-time": 59.64999999999999
            },
            "SPASS": {
                "task-clock": 49218.276161999995,
                "context-switches": 4123,
                "cpu-migrations": 92,
                "page-faults": 174798,
                "cycles": 149788787217,
                "instructions": 116990713914,
                "branches": 25208701548,
                "branch-misses": 756235268,
                "max-rss": 2824488,
                "wall-time": 43.209999999999994
            },
            "7zip": {
                "task-clock": 146315.97411000004,
                "context-switches": 12785,
                "cpu-migrations": 354,
                "page-faults": 811029,
                "cycles": 445238633216,
                "instructions": 330405427594,
                "branches": 70756267763,
                "branch-misses": 2146307960,
                "max-rss": 12391440,
                "wall-time": 132.35999999999996
            },
            "geomean": {
                "task-clock": 56997.29182035559,
                "context-switches": 3351.7911309227084,
                "cpu-migrations": 120.5019550692717,
                "page-faults": 203586.63428633436,
                "cycles": 173613608403.60507,
                "instructions": 139533012853.34213,
                "branches": 29879068433.14066,
                "branch-misses": 786179535.967053,
                "max-rss": 2251734.523384134,
                "wall-time": 56.657674785375455
            }
        },
        "ReleaseLTO-g": {
            "kimwitu++": {
                "task-clock": 45637.85887799999,
                "context-switches": 1147,
                "cpu-migrations": 1,
                "page-faults": 205888,
                "cycles": 139152341549,
                "instructions": 97284459305,
                "branches": 21036162042,
                "branch-misses": 595245827,
                "max-rss": 1439680,
                "wall-time": 46.24
            },
            "sqlite3": {
                "task-clock": 62258.652400000006,
                "context-switches": 438,
                "cpu-migrations": 1,
                "page-faults": 110068,
                "cycles": 189951044602,
                "instructions": 151035435709,
                "branches": 32308764147,
                "branch-misses": 843391718,
                "max-rss": 504000,
                "wall-time": 62.41
            },
            "consumer-typeset": {
                "task-clock": 38996.63433700001,
                "context-switches": 878,
                "cpu-migrations": 1,
                "page-faults": 216316,
                "cycles": 118984254762,
                "instructions": 95276388608,
                "branches": 20203592605,
                "branch-misses": 544905322,
                "max-rss": 2967872,
                "wall-time": 40.859999999999985
            },
            "Bullet": {
                "task-clock": 68965.07782799996,
                "context-switches": 3572,
                "cpu-migrations": 3,
                "page-faults": 562436,
                "cycles": 210383615685,
                "instructions": 157132400479,
                "branches": 33159350700,
                "branch-misses": 852682024,
                "max-rss": 7529132,
                "wall-time": 73.36
            },
            "tramp3d-v4": {
                "task-clock": 113971.637254,
                "context-switches": 743,
                "cpu-migrations": 2,
                "page-faults": 298755,
                "cycles": 347199228430,
                "instructions": 270293647802,
                "branches": 58476825819,
                "branch-misses": 1302946715,
                "max-rss": 1191820,
                "wall-time": 114.13
            },
            "mafft": {
                "task-clock": 22541.729908000005,
                "context-switches": 592,
                "cpu-migrations": 0,
                "page-faults": 126156,
                "cycles": 68602988896,
                "instructions": 68413705138,
                "branches": 14465634059,
                "branch-misses": 338829925,
                "max-rss": 1642128,
                "wall-time": 23.53
            },