{
    "config": 0,
    "clang_size": {
        "size-text": 68525588,
        "size-data": 2842408,
        "size-bss": 290408,
        "size-total": 71658404
    },
    "data": {
        "ReleaseThinLTO": {
            "kimwitu++": {
                "task-clock": 31893.931408999997,
                "context-switches": 1845,
                "cpu-migrations": 43,
                "page-faults": 144101,
                "cycles": 106789291063,
                "instructions": 91956589216,
                "branches": 20005274874,
                "branch-misses": 508376003,
                "max-rss": 1175348,
                "wall-time": 29.790000000000003,
                "size-text": 786980,
                "size-data": 25960,
                "size-bss": 12560,
                "size-total": 825500
            },
            "sqlite3": {
                "task-clock": 46705.105725,
                "context-switches": 1882,
                "cpu-migrations": 116,
                "page-faults": 59907,
                "cycles": 157147687038,
                "instructions": 144299318628,
                "branches": 31067845231,
                "branch-misses": 766654165,
                "max-rss": 307852,
                "wall-time": 57.739999999999995,
                "size-text": 780826,
                "size-data": 3095,
                "size-bss": 624,
                "size-total": 784545
            },
            "consumer-typeset": {
                "task-clock": 29566.929485000004,
                "context-switches": 1949,
                "cpu-migrations": 70,
                "page-faults": 182377,
                "cycles": 99526839939,
                "instructions": 93222613366,
                "branches": 19877821406,
                "branch-misses": 526849687,
                "max-rss": 2738852,
                "wall-time": 27.420000000000005,
                "size-text": 667954,
                "size-data": 3768,
                "size-bss": 65200,
                "size-total": 736922
            },
            "Bullet": {
                "task-clock": 47462.033900000024,
                "context-switches": 4062,
                "cpu-migrations": 179,
                "page-faults": 484371,
                "cycles": 159038155279,
                "instructions": 140368701095,
                "branches": 29775657651,
                "branch-misses": 702798732,
                "max-rss": 6970052,
                "wall-time": 66.03999999999999,
                "size-text": 394152,
                "size-data": 403696,
                "size-bss": 43328,
                "size-total": 841176
            },
            "tramp3d-v4": {
                "task-clock": 90833.193506,
                "context-switches": 2626,
                "cpu-migrations": 136,
                "page-faults": 123305,
                "cycles": 304869348787,
                "instructions": 295985595473,
                "branches": 64768196467,
                "branch-misses": 1267257087,
                "max-rss": 482728,
                "wall-time": 105.8,
                "size-text": 885402,
                "size-data": 1800,
                "size-bss": 1848,
                "size-total": 889050
            },
            "mafft": {
                "task-clock": 17835.250924000007,
                "context-switches": 747,
                "cpu-migrations": 10,
                "page-faults": 108082,
                "cycles": 60082911039,
                "instructions": 59862029368,
                "branches": 12716167994,
                "branch-misses": 289358390,
                "max-rss": 1503504,
                "wall-time": 14.700000000000001,
                "size-text": 275609,
                "size-data": 3052,
                "size-bss": 14911040,
                "size-total": 15189701
            },
            "ClamAV": {
                "task-clock": 41499.67237899997,
                "context-switches": 3157,
                "cpu-migrations": 118,
                "page-faults": 293813,
                "cycles": 138930149486,
                "instructions": 130020305813,
                "branches": 27760041556,
                "branch-misses": 761214765,
                "max-rss": 5050668,
                "wall-time": 44.07000000000001,
                "size-text": 773613,
                "size-data": 52872,
                "size-bss": 4752,
                "size-total": 831237
            },
            "lencod": {
                "task-clock": 57964.017036000005,
                "context-switches": 3616,
                "cpu-migrations": 246,
                "page-faults": 224569,
                "cycles": 193822878834,
                "instructions": 202215652768,
                "branches": 42408846591,
                "branch-misses": 769778260,
                "max-rss": 3024276,
                "wall-time": 50.980000000000004,
                "size-text": 957979,
                "size-data": 2144,
                "size-bss": 106176,
                "size-total": 1066299
            },
            "SPASS": {
                "task-clock": 38290.097998000005,
                "context-switches": 3192,
                "cpu-migrations": 80,
                "page-faults": 169842,
                "cycles": 127854592557,
                "instructions": 116674998085,
                "branches": 25191058197,
                "branch-misses": 696308168,
                "max-rss": 2734376,
                "wall-time": 34.099999999999994,
                "size-text": 608440,
                "size-data": 872,
                "size-bss": 346536,
                "size-total": 955848
            },
            "7zip": {
                "task-clock": 111804.47091999999,
                "context-switches": 10366,
                "cpu-migrations": 238,
                "page-faults": 792959,
                "cycles": 374560539420,
                "instructions": 329510765810,
                "branches": 70615610873,
                "branch-misses": 1940339900,
                "max-rss": 11996668,
                "wall-time": 101.99,
                "size-text": 1433841,
                "size-data": 4160,
                "size-bss": 29280,
                "size-total": 1467281
            },
            "geomean": {
                "task-clock": 45107.60394287999,
                "context-switches": 2697.093585974393,
                "cpu-migrations": 92.72354949939896,
                "page-faults": 197503.29560064652,
                "cycles": 151271873891.64594,
                "instructions": 141017628387.43033,
                "branches": 30216402491.575745,
                "branch-misses": 728141056.2511722,
                "max-rss": 2187766.2742927205,
                "wall-time": 45.478691968008945,
                "size-text": 692940.6905911259,
                "size-data": 6984.009238215472,
                "size-bss": 35437.433332268796,
                "size-total": 1210214.8400807409
            }
        },
        "O3": {
            "kimwitu++": {
                "task-clock": 24640.526484,
                "context-switches": 794,
                "cpu-migrations": 1,
                "page-faults": 139199,
                "cycles": 82668769475,
                "instructions": 66588526006,
                "branches": 14430565526,
                "branch-misses": 410925994,
                "max-rss": 1201984,
                "wall-time": 25.27,
                "size-text": 805309,
                "size-data": 31168,
                "size-bss": 12592,
                "size-total": 849069
            },
            "sqlite3": {
                "task-clock": 32713.382783999998,
                "context-switches": 122,
                "cpu-migrations": 1,
                "page-faults": 39354,
                "cycles": 109901117266,
                "instructions": 96326912612,
                "branches": 20603400844,
                "branch-misses": 561924390,