{
    "config": 0,
    "clang_size": {
        "size-text": 65547666,
        "size-data": 2702800,
        "size-bss": 248464,
        "size-total": 68498930
    },
    "data": {
        "ReleaseThinLTO": {
            "kimwitu++": {
                "task-clock": 30633.615454000003,
                "context-switches": 1794,
                "cpu-migrations": 81,
                "page-faults": 159587,
                "cycles": 103158159275,
                "instructions": 89783649707,
                "branches": 19422270700,
                "branch-misses": 490297415,
                "max-rss": 1136292,
                "wall-time": 28.650000000000002,
                "size-text": 791796,
                "size-data": 25992,
                "size-bss": 12560,
                "size-total": 830348
            },
            "sqlite3": {
                "task-clock": 45616.576167,
                "context-switches": 2387,
                "cpu-migrations": 149,
                "page-faults": 62711,
                "cycles": 153614721748,
                "instructions": 140602947344,
                "branches": 30395209409,
                "branch-misses": 762053069,
                "max-rss": 306056,
                "wall-time": 55.760000000000005,
                "size-text": 811290,
                "size-data": 3095,
                "size-bss": 624,
                "size-total": 815009
            },
            "consumer-typeset": {
                "task-clock": 28835.692885999993,
                "context-switches": 2204,
                "cpu-migrations": 184,
                "page-faults": 240035,
                "cycles": 97047828667,
                "instructions": 90476683053,
                "branches": 19346584007,
                "branch-misses": 521330603,
                "max-rss": 2624552,
                "wall-time": 27.090000000000003,
                "size-text": 676042,
                "size-data": 3768,
                "size-bss": 65200,
                "size-total": 745010
            },
            "Bullet": {
                "task-clock": 46317.74248699998,
                "context-switches": 4504,
                "cpu-migrations": 245,
                "page-faults": 618154,
                "cycles": 155749494028,
                "instructions": 137388966472,
                "branches": 28992866137,
                "branch-misses": 686481583,
                "max-rss": 6670604,
                "wall-time": 64.59,
                "size-text": 400212,
                "size-data": 403704,
                "size-bss": 43328,
                "size-total": 847244
            },
            "tramp3d-v4": {
                "task-clock": 88361.04543,
                "context-switches": 2611,
                "cpu-migrations": 136,
                "page-faults": 123189,
                "cycles": 297556087564,
                "instructions": 289715628349,
                "branches": 63581643742,
                "branch-misses": 1248917130,
                "max-rss": 477612,
                "wall-time": 103.00999999999999,
                "size-text": 901706,
                "size-data": 1800,
                "size-bss": 1848,
                "size-total": 905354
            },
            "mafft": {
                "task-clock": 17365.682477,
                "context-switches": 789,
                "cpu-migrations": 27,
                "page-faults": 136812,
                "cycles": 58477069761,
                "instructions": 58177514521,
                "branches": 12373946352,
                "branch-misses": 285197962,
                "max-rss": 1444592,
                "wall-time": 14.120000000000003,
                "size-text": 280825,
                "size-data": 3052,
                "size-bss": 14911040,
                "size-total": 15194917
            },
            "ClamAV": {
                "task-clock": 40458.18007999998,
                "context-switches": 3347,
                "cpu-migrations": 217,
                "page-faults": 401243,
                "cycles": 135977974041,
                "instructions": 126990285142,
                "branches": 27169250504,
                "branch-misses": 751977759,
                "max-rss": 4838576,
                "wall-time": 43.68999999999998,
                "size-text": 793997,
                "size-data": 52872,
                "size-bss": 4752,
                "size-total": 851621
            },
            "lencod": {
                "task-clock": 55916.539573999995,
                "context-switches": 3642,
                "cpu-migrations": 223,
                "page-faults": 280528,
                "cycles": 188276034422,
                "instructions": 196845662435,
                "branches": 41489025159,
                "branch-misses": 757463078,
                "max-rss": 2885156,
                "wall-time": 48.82000000000001,
                "size-text": 969283,
                "size-data": 2144,
                "size-bss": 106176,
                "size-total": 1077603
            },
            "SPASS": {
                "task-clock": 37045.354473,
                "context-switches": 3571,
                "cpu-migrations": 126,
                "page-faults": 227410,
                "cycles": 124496709862,
                "instructions": 113635599934,
                "branches": 24495367358,
                "branch-misses": 687518601,
                "max-rss": 2625452,
                "wall-time": 32.78,
                "size-text": 625776,
                "size-data": 872,
                "size-bss": 346536,
                "size-total": 973184
            },
            "7zip": {
                "task-clock": 109724.84132000002,
                "context-switches": 11426,
                "cpu-migrations": 435,
                "page-faults": 1029722,
                "cycles": 368867872231,
                "instructions": 323653103021,
                "branches": 69256648831,
                "branch-misses": 1915049380,
                "max-rss": 11486832,
                "wall-time": 100.93999999999998,
                "size-text": 1462233,
                "size-data": 4176,
                "size-bss": 29280,
                "size-total": 1495689
            },
            "geomean": {
                "task-clock": 43858.49011751982,
                "context-switches": 2910.0794281712965,
                "cpu-migrations": 148.73672910654207,
                "page-faults": 240952.9150698636,
                "cycles": 147577301398.11435,
                "instructions": 137590922537.18576,
                "branches": 29494408335.519142,
                "branch-misses": 716621421.9160095,
                "max-rss": 2112332.5157450186,
                "wall-time": 44.236298853851444,
                "size-text": 706522.3224964435,
                "size-data": 6987.56535283568,
                "size-bss": 35437.433332268796,
                "size-total": 1228811.1186170832
            }
        },
        "O3": {
            "kimwitu++": {
                "task-clock": 23479.505565,
                "context-switches": 820,
                "cpu-migrations": 16,
                "page-faults": 155066,
                "cycles": 79095623812,
                "instructions": 64142424854,
                "branches": 13804554313,
                "branch-misses": 390320232,
                "max-rss": 1163320,
                "wall-time": 24.1,
                "size-text": 809721,
                "size-data": 31168,
                "size-bss": 12592,
                "size-total": 853481
            },
            "sqlite3": {
                "task-clock": 31625.147333,
                "context-switches": 200,
                "cpu-migrations": 4,
                "page-faults": 42194,
                "cycles": 106606714800,
                "instructions": 93205319056,
                "branches": 19993402708,
                "branch-misses": 549778465,
                "max-rss": 246996,