{
    "config": 0,
    "clang_size": [],
    "data": {
        "ReleaseThinLTO": {
            "kimwitu++": {
                "task-clock": 40986.927702,
                "context-switches": 2137,
                "cpu-migrations": 72,
                "page-faults": 147359,
                "cycles": 127959588177,
                "instructions": 93887810452,
                "branches": 20396421272,
                "branch-misses": 580745413,
                "max-rss": 1203728,
                "wall-time": 37.99
            },
            "sqlite3": {
                "task-clock": 55719.951258,
                "context-switches": 2523,
                "cpu-migrations": 199,
                "page-faults": 61491,
                "cycles": 173662363900,
                "instructions": 142307688880,
                "branches": 30640414833,
                "branch-misses": 812630516,
                "max-rss": 314752,
                "wall-time": 68.21
            },
            "consumer-typeset": {
                "task-clock": 36384.89088400001,
                "context-switches": 2468,
                "cpu-migrations": 177,
                "page-faults": 186975,
                "cycles": 113465081448,
                "instructions": 92856532583,
                "branches": 19810270191,
                "branch-misses": 564515809,
                "max-rss": 2835076,
                "wall-time": 33.81
            },
            "Bullet": {
                "task-clock": 60175.10100599999,
                "context-switches": 5120,
                "cpu-migrations": 280,
                "page-faults": 496884,
                "cycles": 188197513275,
                "instructions": 139838362988,
                "branches": 29603398451,
                "branch-misses": 784525703,
                "max-rss": 7207148,
                "wall-time": 81.45000000000002
            },
            "tramp3d-v4": {
                "task-clock": 108085.273097,
                "context-switches": 3225,
                "cpu-migrations": 156,
                "page-faults": 133538,
                "cycles": 338176414046,
                "instructions": 291239052679,
                "branches": 63655216508,
                "branch-misses": 1359799723,
                "max-rss": 483924,
                "wall-time": 125.35
            },
            "mafft": {
                "task-clock": 21200.364980000006,
                "context-switches": 722,
                "cpu-migrations": 2,
                "page-faults": 111290,
                "cycles": 66272398647,
                "instructions": 58275258415,
                "branches": 12387542192,
                "branch-misses": 298656325,
                "max-rss": 1554196,
                "wall-time": 16.85
            },
            "ClamAV": {
                "task-clock": 50543.55472100002,
                "context-switches": 3755,
                "cpu-migrations": 194,
                "page-faults": 299109,
                "cycles": 157627865193,
                "instructions": 129373597803,
                "branches": 27643372933,
                "branch-misses": 813515789,
                "max-rss": 5223380,
                "wall-time": 52.980000000000004
            },
            "lencod": {
                "task-clock": 67161.530496,
                "context-switches": 4294,
                "cpu-migrations": 182,
                "page-faults": 232021,
                "cycles": 209704959051,
                "instructions": 194343681239,
                "branches": 40765978831,
                "branch-misses": 807497587,
                "max-rss": 3114968,
                "wall-time": 59.24
            },
            "SPASS": {
                "task-clock": 47844.942519000004,
                "context-switches": 4069,
                "cpu-migrations": 82,
                "page-faults": 175220,
                "cycles": 149015939872,
                "instructions": 117494021345,
                "branches": 25325661862,
                "branch-misses": 758936003,
                "max-rss": 2825176,
                "wall-time": 41.97
            },
            "7zip": {
                "task-clock": 141662.397932,
                "context-switches": 11925,
                "cpu-migrations": 274,
                "page-faults": 810345,
                "cycles": 443440612227,
                "instructions": 330598022107,
                "branches": 70804076241,
                "branch-misses": 2147398151,
                "max-rss": 12380136,
                "wall-time": 127.01999999999998
            },
            "geomean": {
                "task-clock": 55220.2139934729,
                "context-switches": 3231.3365013873445,
                "cpu-migrations": 105.80127461036273,
                "page-faults": 203746.34156455757,
                "cycles": 172426516458.5754,
                "instructions": 139918206227.3446,
                "branches": 29966827662.963825,
                "branch-misses": 786762010.7075056,
                "max-rss": 2249201.730901673,
                "wall-time": 54.97580441433629
            }
        },
        "ReleaseLTO-g": {
            "kimwitu++": {
                "task-clock": 44277.57390999999,
                "context-switches": 1053,
                "cpu-migrations": 1,
                "page-faults": 205703,
                "cycles": 137893110919,
                "instructions": 97479994669,
                "branches": 21084806240,
                "branch-misses": 595568920,
                "max-rss": 1436396,
                "wall-time": 44.88000000000001
            },
            "sqlite3": {
                "task-clock": 60327.310731,
                "context-switches": 401,
                "cpu-migrations": 1,
                "page-faults": 110113,
                "cycles": 188622620226,
                "instructions": 151687018797,
                "branches": 32458206792,
                "branch-misses": 846056521,
                "max-rss": 504060,
                "wall-time": 60.459999999999994
            },
            "consumer-typeset": {
                "task-clock": 37861.19297900002,
                "context-switches": 783,
                "cpu-migrations": 1,
                "page-faults": 216408,
                "cycles": 118362790716,
                "instructions": 95534977892,
                "branches": 20264612607,
                "branch-misses": 546252629,
                "max-rss": 2966060,
                "wall-time": 39.62999999999998
            },
            "Bullet": {
                "task-clock": 67662.30546199996,
                "context-switches": 2873,
                "cpu-migrations": 1,
                "page-faults": 561958,
                "cycles": 210779405590,
                "instructions": 157298094013,
                "branches": 33199694569,
                "branch-misses": 858629733,
                "max-rss": 7524216,
                "wall-time": 71.82999999999998
            },
            "tramp3d-v4": {
                "task-clock": 109970.693697,
                "context-switches": 910,
                "cpu-migrations": 1,
                "page-faults": 298567,
                "cycles": 341953311424,
                "instructions": 270744310268,
                "branches": 58586538208,
                "branch-misses": 1303283484,
                "max-rss": 1191228,
                "wall-time": 110.14
            },
            "mafft": {
                "task-clock": 21804.075785,
                "context-switches": 544,
                "cpu-migrations": 0,
                "page-faults": 126110,
                "cycles": 68309865044,
                "instructions": 68602238303,
                "branches": 14511366087,
                "branch-misses": 340546963,
                "max-rss": 1640200,
                "wall-time": 22.739999999999995
            },
            "ClamAV": {
                "task-clock": 58187.30524800001,