{
    "config": 1,
    "clang_size": {
        "size-text": 79770557,
        "size-data": 3269112,
        "size-bss": 319505,
        "size-total": 83359174
    },
    "data": {
        "O3": {
            "lencod": {
                "instructions": 106330254080,
                "instructions:u": 104814173494,
                "cycles": 64825604916.5,
                "task-clock": 18020.934999999994,
                "branches": 20851960271,
                "branch-misses": 422172849.5,
                "max-rss": 3670466,
                "wall-time": 18.114999999999995,
                "size-file": 970560,
                "size-text": 892768,
                "size-data": 14768,
                "size-bss": 108672,
                "size-total": 1016208
            },
            "Bullet": {
                "instructions": 134594065026.5,
                "instructions:u": 131132509935,
                "cycles": 94611702539.5,
                "task-clock": 26299.215000000015,
                "branches": 26825378352,
                "branch-misses": 635992579.5,
                "max-rss": 8477442,
                "wall-time": 26.495000000000008,
                "size-file": 1908936,
                "size-text": 912216,
                "size-data": 747360,
                "size-bss": 45424,
                "size-total": 1705000
            },
            "mafft": {
                "instructions": 55279394252.5,
                "instructions:u": 54520641811.5,
                "cycles": 35992747086.5,
                "task-clock": 10005.965000000002,
                "branches": 10938842323,
                "branch-misses": 277222173,
                "max-rss": 1868798,
                "wall-time": 10.035,
                "size-file": 606600,
                "size-text": 541779,
                "size-data": 8965,
                "size-bss": 132716800,
                "size-total": 133267544
            },
            "tramp3d-v4": {
                "instructions": 120263607151.5,
                "instructions:u": 119881018743.5,
                "cycles": 83125953858.5,
                "task-clock": 23106.809999999998,
                "branches": 24290099457,
                "branch-misses": 540989566.5,
                "max-rss": 373916,
                "wall-time": 23.125,
                "size-file": 1233336,
                "size-text": 884918,
                "size-data": 1848,
                "size-bss": 2048,
                "size-total": 888814
            },
            "ClamAV": {
                "instructions": 76800371533,
                "instructions:u": 74464831246,
                "cycles": 51734352475.5,
                "task-clock": 14381.860000000008,
                "branches": 15372974821,
                "branch-misses": 422517286.5,
                "max-rss": 6244794,
                "wall-time": 14.520000000000003,
                "size-file": 834840,
                "size-text": 728938,
                "size-data": 58292,
                "size-bss": 4768,
                "size-total": 791998
            },
            "kimwitu++": {
                "instructions": 62046906690.5,
                "instructions:u": 61312476331,
                "cycles": 45751213069.5,
                "task-clock": 12717.75,
                "branches": 12592012252,
                "branch-misses": 314860253,
                "max-rss": 1299166,
                "wall-time": 12.729999999999999,
                "size-file": 1264232,
                "size-text": 813364,
                "size-data": 31152,
                "size-bss": 12624,
                "size-total": 857140
            },
            "sqlite3": {
                "instructions": 73101950163.5,
                "instructions:u": 72925010001,
                "cycles": 50518373569,
                "task-clock": 14042.315,
                "branches": 14655645749.5,
                "branch-misses": 393702233,
                "max-rss": 248842,
                "wall-time": 14.05,
                "size-file": 754248,
                "size-text": 712458,
                "size-data": 3095,
                "size-bss": 696,
                "size-total": 716249
            },
            "SPASS": {
                "instructions": 64999602060,
                "instructions:u": 63728398058.5,
                "cycles": 45717405198.5,
                "task-clock": 12708.609999999997,
                "branches": 13125518864,
                "branch-misses": 374588397,
                "max-rss": 3341814,
                "wall-time": 12.800000000000004,
                "size-file": 686408,
                "size-text": 617153,
                "size-data": 880,
                "size-bss": 358760,
                "size-total": 976793
            },
            "7zip": {
                "instructions": 198414852643,
                "instructions:u": 192242367552.5,
                "cycles": 144430237175.5,
                "task-clock": 40146.68500000001,
                "branches": 39917724436,
                "branch-misses": 1083727291.5,
                "max-rss": 14585336,
                "wall-time": 40.59499999999999,
                "size-file": 1597400,
                "size-text": 1262350,
                "size-data": 5184,
                "size-bss": 29376,
                "size-total": 1296910
            },
            "consumer-typeset": {
                "instructions": 53157690676,
                "instructions:u": 51883989124,
                "cycles": 36112773364,
                "task-clock": 10039.225,
                "branches": 10713881338,
                "branch-misses": 275130172.5,
                "max-rss": 3379420,
                "wall-time": 10.114999999999995,
                "size-file": 603760,
                "size-text": 562712,
                "size-data": 3752,
                "size-bss": 65240,
                "size-total": 631704
            },
            "geomean": {
                "instructions": 86227216404.9834,
                "instructions:u": 84703894837.63669,
                "cycles": 59138112667.240616,
                "task-clock": 16439.291864782215,
                "branches": 17274999762.619644,
                "branch-misses": 433720745.1987703,
                "max-rss": 2431739.0956862164,
                "wall-time": 16.52692714907362,
                "size-file": 969081.2973350354,
                "size-text": 768980.8252993133,
                "size-data": 10581.006551431929,
                "size-bss": 45573.37571239431,
                "size-total": 1549639.9906679054
            }
        },
        "ReleaseThinLTO": {
            "lencod": {
                "instructions": 169490241144.5,
                "instructions:u": 167991154624.5,
                "cycles": 100331689480.5,
                "task-clock": 27888.830000000005,
                "branches": 33250161260.5,
                "branch-misses": 609539062.5,
                "max-rss": 3376876,
                "wall-time": 17.12500000000001,
                "size-file": 1024488,
                "size-text": 960192,
                "size-data": 2144,
                "size-bss": 106144,
                "size-total": 1068480
            },
            "Bullet": {
                "instructions": 127178225513,
                "instructions:u": 123871606140,
                "cycles": 89577451931,
                "task-clock": 24903.809999999994,
                "branches": 25449870064,
                "branch-misses": 571016001.5,
                "max-rss": 7704196,
                "wall-time": 33.76,
                "size-file": 902088,
                "size-text": 392639,
                "size-data": 403696,
                "size-bss": 43328,
                "size-total": 839663
            },
            "mafft": {
                "instructions": 49741840338.5,
                "instructions:u": 49020151072,
                "cycles": 31917229513,
                "task-clock": 8871.535,