{
    "config": 0,
    "clang_size": {
        "size-text": 66871542,
        "size-data": 2785592,
        "size-bss": 284144,
        "size-total": 69941278
    },
    "data": {
        "ReleaseThinLTO": {
            "kimwitu++": {
                "task-clock": 31615.893538,
                "context-switches": 1723,
                "cpu-migrations": 73,
                "page-faults": 159489,
                "cycles": 106440095698,
                "instructions": 92270892278,
                "branches": 19919433087,
                "branch-misses": 503986244,
                "max-rss": 1147672,
                "wall-time": 29.2,
                "size-text": 787080,
                "size-data": 25960,
                "size-bss": 12560,
                "size-total": 825600
            },
            "sqlite3": {
                "task-clock": 47846.568331999995,
                "context-switches": 1899,
                "cpu-migrations": 110,
                "page-faults": 63872,
                "cycles": 160523627466,
                "instructions": 145067411475,
                "branches": 31250272544,
                "branch-misses": 788603697,
                "max-rss": 308012,
                "wall-time": 58.33,
                "size-text": 781474,
                "size-data": 3095,
                "size-bss": 624,
                "size-total": 785193
            },
            "consumer-typeset": {
                "task-clock": 30270.737799999995,
                "context-switches": 2447,
                "cpu-migrations": 138,
                "page-faults": 242371,
                "cycles": 101170130661,
                "instructions": 93771014466,
                "branches": 19939508644,
                "branch-misses": 537914414,
                "max-rss": 2682464,
                "wall-time": 28.339999999999996,
                "size-text": 677634,
                "size-data": 3768,
                "size-bss": 65200,
                "size-total": 746602
            },
            "Bullet": {
                "task-clock": 47337.673214,
                "context-switches": 4616,
                "cpu-migrations": 236,
                "page-faults": 627199,
                "cycles": 159080358046,
                "instructions": 139577588796,
                "branches": 29434957221,
                "branch-misses": 700631474,
                "max-rss": 6797716,
                "wall-time": 66,
                "size-text": 393144,
                "size-data": 403696,
                "size-bss": 43328,
                "size-total": 840168
            },
            "tramp3d-v4": {
                "task-clock": 90678.588238,
                "context-switches": 2421,
                "cpu-migrations": 130,
                "page-faults": 123163,
                "cycles": 305348840847,
                "instructions": 294503041710,
                "branches": 64430997975,
                "branch-misses": 1274745328,
                "max-rss": 478612,
                "wall-time": 105.41,
                "size-text": 885858,
                "size-data": 1800,
                "size-bss": 1848,
                "size-total": 889506
            },
            "mafft": {
                "task-clock": 17862.973282000003,
                "context-switches": 718,
                "cpu-migrations": 26,
                "page-faults": 139189,
                "cycles": 59624554828,
                "instructions": 59273735069,
                "branches": 12590612663,
                "branch-misses": 291325387,
                "max-rss": 1468476,
                "wall-time": 14.47,
                "size-text": 275169,
                "size-data": 3052,
                "size-bss": 14911040,
                "size-total": 15189261
            },
            "ClamAV": {
                "task-clock": 42416.466288999996,
                "context-switches": 3770,
                "cpu-migrations": 259,
                "page-faults": 413729,
                "cycles": 141675150651,
                "instructions": 131460893166,
                "branches": 28018564082,
                "branch-misses": 776963333,
                "max-rss": 4929780,
                "wall-time": 45.709999999999994,
                "size-text": 774253,
                "size-data": 52872,
                "size-bss": 4752,
                "size-total": 831877
            },
            "lencod": {
                "task-clock": 56437.05862000001,
                "context-switches": 3932,
                "cpu-migrations": 264,
                "page-faults": 283632,
                "cycles": 189741623426,
                "instructions": 197619142464,
                "branches": 41593453171,
                "branch-misses": 771866977,
                "max-rss": 2941412,
                "wall-time": 49.89,
                "size-text": 958131,
                "size-data": 2144,
                "size-bss": 106176,
                "size-total": 1066451
            },
            "SPASS": {
                "task-clock": 37961.090930000006,
                "context-switches": 3411,
                "cpu-migrations": 129,
                "page-faults": 231787,
                "cycles": 127632618298,
                "instructions": 116229273099,
                "branches": 24976091939,
                "branch-misses": 702501623,
                "max-rss": 2677468,
                "wall-time": 33.42,
                "size-text": 607600,
                "size-data": 872,
                "size-bss": 346536,
                "size-total": 955008
            },
            "7zip": {
                "task-clock": 113491.648354,
                "context-switches": 11890,
                "cpu-migrations": 429,
                "page-faults": 1050516,
                "cycles": 381106563997,
                "instructions": 333404141231,
                "branches": 71157373050,
                "branch-misses": 1979176994,
                "max-rss": 11705108,
                "wall-time": 103.64,
                "size-text": 1436409,
                "size-data": 4160,
                "size-bss": 29280,
                "size-total": 1469849
            },
            "geomean": {
                "task-clock": 45277.726434955955,
                "context-switches": 2875.31061638423,
                "cpu-migrations": 142.04874557241908,
                "page-faults": 244341.66967841264,
                "cycles": 151914732072.0145,
                "instructions": 140876420052.1166,
                "branches": 30116643004.296135,
                "branch-misses": 735589807.2591629,
                "max-rss": 2144675.492362328,
                "wall-time": 45.54206857378987,
                "size-text": 693848.660065021,
                "size-data": 6984.009238215472,
                "size-bss": 35437.433332268796,
                "size-total": 1212039.2022614183
            }
        },
        "O3": {
            "kimwitu++": {
                "task-clock": 24323.741229,
                "context-switches": 896,
                "cpu-migrations": 15,
                "page-faults": 156871,
                "cycles": 81917788465,
                "instructions": 66165084216,
                "branches": 14215385305,
                "branch-misses": 405248386,
                "max-rss": 1180916,
                "wall-time": 24.950000000000003,
                "size-text": 805325,
                "size-data": 31168,
                "size-bss": 12592,
                "size-total": 849085
            },
            "sqlite3": {
                "task-clock": 32839.932932,
                "context-switches": 136,
                "cpu-migrations": 2,
                "page-faults": 42335,
                "cycles": 110701584396,
                "instructions": 95873046153,
                "branches": 20510223286,
                "branch-misses": 567434704,
                "max-rss": 249132,
                "wall-time": 32.980000000000004,