{
    "config": 0,
    "clang_size": [],
    "data": {
        "ReleaseThinLTO": {
            "kimwitu++": {
                "task-clock": 42118.47400100001,
                "context-switches": 2407,
                "cpu-migrations": 115,
                "page-faults": 148474,
                "cycles": 126572488148,
                "instructions": 93495315722,
                "branches": 20292060211,
                "branch-misses": 576678245,
                "max-rss": 1208388,
                "wall-time": 38.92
            },
            "sqlite3": {
                "task-clock": 57216.356149,
                "context-switches": 2804,
                "cpu-migrations": 183,
                "page-faults": 62042,
                "cycles": 172099852011,
                "instructions": 141672980965,
                "branches": 30496406726,
                "branch-misses": 816294787,
                "max-rss": 317920,
                "wall-time": 71.37
            },
            "consumer-typeset": {
                "task-clock": 37594.095592,
                "context-switches": 2294,
                "cpu-migrations": 91,
                "page-faults": 186795,
                "cycles": 113073338570,
                "instructions": 92582619624,
                "branches": 19742562847,
                "branch-misses": 568034250,
                "max-rss": 2839248,
                "wall-time": 33.49
            },
            "Bullet": {
                "task-clock": 62528.54235299998,
                "context-switches": 5075,
                "cpu-migrations": 228,
                "page-faults": 497673,
                "cycles": 187647802140,
                "instructions": 139674836399,
                "branches": 29553938468,
                "branch-misses": 787263070,
                "max-rss": 7205576,
                "wall-time": 83.11
            },
            "tramp3d-v4": {
                "task-clock": 111726.29084999999,
                "context-switches": 3269,
                "cpu-migrations": 199,
                "page-faults": 124072,
                "cycles": 336050079900,
                "instructions": 289405323126,
                "branches": 63205697025,
                "branch-misses": 1363036135,
                "max-rss": 483428,
                "wall-time": 130.45
            },
            "mafft": {
                "task-clock": 22067.648821999996,
                "context-switches": 720,
                "cpu-migrations": 5,
                "page-faults": 112637,
                "cycles": 66332698571,
                "instructions": 57985453320,
                "branches": 12325876013,
                "branch-misses": 301227740,
                "max-rss": 1554796,
                "wall-time": 17.720000000000002
            },
            "ClamAV": {
                "task-clock": 52330.33738099996,
                "context-switches": 4029,
                "cpu-migrations": 209,
                "page-faults": 302612,
                "cycles": 157195126015,
                "instructions": 129101121948,
                "branches": 27597349232,
                "branch-misses": 814913111,
                "max-rss": 5222980,
                "wall-time": 55.58999999999999
            },
            "lencod": {
                "task-clock": 69075.548877,
                "context-switches": 4178,
                "cpu-migrations": 247,
                "page-faults": 229730,
                "cycles": 207929282303,
                "instructions": 193961187797,
                "branches": 40688403616,
                "branch-misses": 804643253,
                "max-rss": 3122552,
                "wall-time": 60.059999999999995
            },
            "SPASS": {
                "task-clock": 49227.24192100001,
                "context-switches": 3871,
                "cpu-migrations": 106,
                "page-faults": 174890,
                "cycles": 147741213142,
                "instructions": 116801730626,
                "branches": 25161933008,
                "branch-misses": 756725942,
                "max-rss": 2826328,
                "wall-time": 43.25
            },
            "7zip": {
                "task-clock": 146827.43634100002,
                "context-switches": 13070,
                "cpu-migrations": 365,
                "page-faults": 810969,
                "cycles": 440844235786,
                "instructions": 330275126442,
                "branches": 70736468933,
                "branch-misses": 2148617221,
                "max-rss": 12379816,
                "wall-time": 133.35000000000002
            },
            "geomean": {
                "task-clock": 57045.22289823953,
                "context-switches": 3309.249743478911,
                "cpu-migrations": 124.11921549358047,
                "page-faults": 202855.76160522888,
                "cycles": 171439019359.32016,
                "instructions": 139428645679.7249,
                "branches": 29853091535.43632,
                "branch-misses": 787859848.1526768,
                "max-rss": 2253080.087898336,
                "wall-time": 56.71168998714256
            }
        },
        "ReleaseLTO-g": {
            "kimwitu++": {
                "task-clock": 45702.323892,
                "context-switches": 1068,
                "cpu-migrations": 1,
                "page-faults": 206244,
                "cycles": 137314272720,
                "instructions": 97319826513,
                "branches": 21030508232,
                "branch-misses": 599346641,
                "max-rss": 1441200,
                "wall-time": 46.33
            },
            "sqlite3": {
                "task-clock": 62229.347349,
                "context-switches": 342,
                "cpu-migrations": 1,
                "page-faults": 110314,
                "cycles": 187269037061,
                "instructions": 151408839526,
                "branches": 32381207411,
                "branch-misses": 847530708,
                "max-rss": 504700,
                "wall-time": 62.400000000000006
            },
            "consumer-typeset": {
                "task-clock": 39196.262216,
                "context-switches": 872,
                "cpu-migrations": 1,
                "page-faults": 216561,
                "cycles": 117992182051,
                "instructions": 95332598455,
                "branches": 20214196862,
                "branch-misses": 547148187,
                "max-rss": 2975144,
                "wall-time": 41.040000000000006
            },
            "Bullet": {
                "task-clock": 69810.610186,
                "context-switches": 3314,
                "cpu-migrations": 2,
                "page-faults": 562386,
                "cycles": 209632950012,
                "instructions": 157151723471,
                "branches": 33152543580,
                "branch-misses": 859935804,
                "max-rss": 7530888,
                "wall-time": 74.11
            },
            "tramp3d-v4": {
                "task-clock": 113401.52609900001,
                "context-switches": 579,
                "cpu-migrations": 2,
                "page-faults": 298213,
                "cycles": 341244873871,
                "instructions": 269989056022,
                "branches": 58369978527,
                "branch-misses": 1311346027,
                "max-rss": 1189832,
                "wall-time": 113.59
            },
            "mafft": {
                "task-clock": 22527.944537999996,
                "context-switches": 589,
                "cpu-migrations": 0,
                "page-faults": 126455,
                "cycles": 67791146638,
                "instructions": 68343137386,
                "branches": 14457534515,
                "branch-misses": 338921637,
                "max-rss": 1643992,
                "wall-time": 23.48
            },
            "ClamAV": {
                "task-clock": 59789.230016999994,