{
    "config": 0,
    "clang_size": [],
    "data": {
        "ReleaseThinLTO": {
            "kimwitu++": {
                "task-clock": 41470.03766300001,
                "context-switches": 1988,
                "cpu-migrations": 100,
                "page-faults": 146970,
                "cycles": 127549838270,
                "instructions": 93922535539,
                "branches": 20392643953,
                "branch-misses": 583562125,
                "max-rss": 1204876,
                "wall-time": 38.28
            },
            "sqlite3": {
                "task-clock": 57617.641668,
                "context-switches": 2996,
                "cpu-migrations": 168,
                "page-faults": 61615,
                "cycles": 173180593943,
                "instructions": 142579535543,
                "branches": 30653419278,
                "branch-misses": 816978137,
                "max-rss": 315608,
                "wall-time": 70.62
            },
            "consumer-typeset": {
                "task-clock": 38010.32216700001,
                "context-switches": 2389,
                "cpu-migrations": 115,
                "page-faults": 188582,
                "cycles": 113276255169,
                "instructions": 92958975419,
                "branches": 19798973640,
                "branch-misses": 569296864,
                "max-rss": 2824928,
                "wall-time": 34.47
            },
            "Bullet": {
                "task-clock": 60787.47944000001,
                "context-switches": 5134,
                "cpu-migrations": 218,
                "page-faults": 496894,
                "cycles": 188090437216,
                "instructions": 139772686729,
                "branches": 29568762380,
                "branch-misses": 783401670,
                "max-rss": 7209228,
                "wall-time": 81.59
            },
            "tramp3d-v4": {
                "task-clock": 109814.190202,
                "context-switches": 3281,
                "cpu-migrations": 190,
                "page-faults": 128756,
                "cycles": 338962939963,
                "instructions": 291344260370,
                "branches": 63595864988,
                "branch-misses": 1360569813,
                "max-rss": 486576,
                "wall-time": 128.38
            },
            "mafft": {
                "task-clock": 22188.73286000001,
                "context-switches": 610,
                "cpu-migrations": 2,
                "page-faults": 111030,
                "cycles": 66172525344,
                "instructions": 58278032995,
                "branches": 12369263883,
                "branch-misses": 299773609,
                "max-rss": 1549644,
                "wall-time": 17.64
            },
            "ClamAV": {
                "task-clock": 51472.955119000006,
                "context-switches": 4009,
                "cpu-migrations": 203,
                "page-faults": 302960,
                "cycles": 157330306562,
                "instructions": 129784071320,
                "branches": 27659209788,
                "branch-misses": 818243790,
                "max-rss": 5210108,
                "wall-time": 55.32999999999999
            },
            "lencod": {
                "task-clock": 67926.25087699998,
                "context-switches": 4237,
                "cpu-migrations": 256,
                "page-faults": 231605,
                "cycles": 209489602084,
                "instructions": 194657357451,
                "branches": 40735248009,
                "branch-misses": 807367407,
                "max-rss": 3117180,
                "wall-time": 59.08
            },
            "SPASS": {
                "task-clock": 48508.033540000004,
                "context-switches": 3637,
                "cpu-migrations": 71,
                "page-faults": 174679,
                "cycles": 148572808562,
                "instructions": 117552856375,
                "branches": 25301999033,
                "branch-misses": 756990751,
                "max-rss": 2820700,
                "wall-time": 41.870000000000005
            },
            "7zip": {
                "task-clock": 146327.03336499998,
                "context-switches": 12341,
                "cpu-migrations": 319,
                "page-faults": 809265,
                "cycles": 441458616749,
                "instructions": 331035861738,
                "branches": 70771885996,
                "branch-misses": 2151877265,
                "max-rss": 12353948,
                "wall-time": 132.55
            },
            "geomean": {
                "task-clock": 56539.91540086727,
                "context-switches": 3196.7998356543967,
                "cpu-migrations": 106.5376774290583,
                "page-faults": 203252.15694709402,
                "cycles": 172120217217.88705,
                "instructions": 140057137034.77847,
                "branches": 29950403365.598896,
                "branch-misses": 788859580.9122467,
                "max-rss": 2248609.4931793264,
                "wall-time": 56.165000370243696
            }
        },
        "ReleaseLTO-g": {
            "kimwitu++": {
                "task-clock": 44854.314934999995,
                "context-switches": 1043,
                "cpu-migrations": 1,
                "page-faults": 205689,
                "cycles": 137221287043,
                "instructions": 97409748927,
                "branches": 21057433283,
                "branch-misses": 593922424,
                "max-rss": 1438092,
                "wall-time": 45.47
            },
            "sqlite3": {
                "task-clock": 62196.134346,
                "context-switches": 372,
                "cpu-migrations": 2,
                "page-faults": 110151,
                "cycles": 188673104136,
                "instructions": 151898953941,
                "branches": 32452989659,
                "branch-misses": 846747184,
                "max-rss": 503924,
                "wall-time": 62.339999999999996
            },
            "consumer-typeset": {
                "task-clock": 38336.116942999986,
                "context-switches": 950,
                "cpu-migrations": 1,
                "page-faults": 216251,
                "cycles": 117971058335,
                "instructions": 95562717411,
                "branches": 20237966527,
                "branch-misses": 545350639,
                "max-rss": 2961380,
                "wall-time": 40.169999999999995
            },
            "Bullet": {
                "task-clock": 68483.36865299998,
                "context-switches": 3629,
                "cpu-migrations": 1,
                "page-faults": 561528,
                "cycles": 210164347242,
                "instructions": 157319572168,
                "branches": 33177691591,
                "branch-misses": 858488450,
                "max-rss": 7513888,
                "wall-time": 72.65999999999998
            },
            "tramp3d-v4": {
                "task-clock": 111557.64119600001,
                "context-switches": 750,
                "cpu-migrations": 3,
                "page-faults": 299062,
                "cycles": 340870014034,
                "instructions": 271401103412,
                "branches": 58674305784,
                "branch-misses": 1297973360,
                "max-rss": 1193056,
                "wall-time": 111.72999999999999
            },
            "mafft": {
                "task-clock": 22190.54341,
                "context-switches": 586,
                "cpu-migrations": 0,
                "page-faults": 126471,
                "cycles": 67947645620,
                "instructions": 68623352327,
                "branches": 14488793151,
                "branch-misses": 339976382,
                "max-rss": 1641288,
                "wall-time": 23.119999999999997
            },