{
    "config": 0,
    "clang_size": [],
    "data": {
        "ReleaseThinLTO": {
            "kimwitu++": {
                "task-clock": 42114.294143,
                "context-switches": 2032,
                "cpu-migrations": 95,
                "page-faults": 148515,
                "cycles": 128054848648,
                "instructions": 93564461427,
                "branches": 20322590429,
                "branch-misses": 576259481,
                "max-rss": 1211080,
                "wall-time": 38.19
            },
            "sqlite3": {
                "task-clock": 58123.014225000006,
                "context-switches": 2393,
                "cpu-migrations": 159,
                "page-faults": 62020,
                "cycles": 176545363694,
                "instructions": 141613435283,
                "branches": 30483630716,
                "branch-misses": 817516294,
                "max-rss": 317332,
                "wall-time": 71.08
            },
            "consumer-typeset": {
                "task-clock": 37692.967959,
                "context-switches": 2396,
                "cpu-migrations": 89,
                "page-faults": 189074,
                "cycles": 114452741517,
                "instructions": 92617141791,
                "branches": 19751504784,
                "branch-misses": 569354967,
                "max-rss": 2839912,
                "wall-time": 34.129999999999995
            },
            "Bullet": {
                "task-clock": 62196.54884999999,
                "context-switches": 5110,
                "cpu-migrations": 235,
                "page-faults": 497527,
                "cycles": 188795616012,
                "instructions": 139714406589,
                "branches": 29575017712,
                "branch-misses": 786390510,
                "max-rss": 7210192,
                "wall-time": 83.79999999999997
            },
            "tramp3d-v4": {
                "task-clock": 112725.90168800001,
                "context-switches": 3478,
                "cpu-migrations": 202,
                "page-faults": 128330,
                "cycles": 342723626643,
                "instructions": 289735759644,
                "branches": 63322879263,
                "branch-misses": 1367541825,
                "max-rss": 483868,
                "wall-time": 132.62
            },
            "mafft": {
                "task-clock": 21827.150654,
                "context-switches": 693,
                "cpu-migrations": 0,
                "page-faults": 110636,
                "cycles": 66290160691,
                "instructions": 58020753403,
                "branches": 12331100291,
                "branch-misses": 298459330,
                "max-rss": 1547112,
                "wall-time": 17.36
            },
            "ClamAV": {
                "task-clock": 52344.70865899999,
                "context-switches": 4055,
                "cpu-migrations": 276,
                "page-faults": 300960,
                "cycles": 159030797188,
                "instructions": 129034112550,
                "branches": 27565041037,
                "branch-misses": 812726883,
                "max-rss": 5218668,
                "wall-time": 55.93999999999998
            },
            "lencod": {
                "task-clock": 69237.327123,
                "context-switches": 4090,
                "cpu-migrations": 207,
                "page-faults": 229651,
                "cycles": 210208170981,
                "instructions": 194226901014,
                "branches": 40736188996,
                "branch-misses": 806612741,
                "max-rss": 3117436,
                "wall-time": 59.870000000000005
            },
            "SPASS": {
                "task-clock": 49160.035801000005,
                "context-switches": 3817,
                "cpu-migrations": 110,
                "page-faults": 174597,
                "cycles": 149153218902,
                "instructions": 116987204180,
                "branches": 25206764074,
                "branch-misses": 756026387,
                "max-rss": 2820452,
                "wall-time": 43.150000000000006
            },
            "7zip": {
                "task-clock": 146864.330372,
                "context-switches": 12690,
                "cpu-migrations": 394,
                "page-faults": 810854,
                "cycles": 445954254897,
                "instructions": 330426516363,
                "branches": 70764890770,
                "branch-misses": 2152535796,
                "max-rss": 12386592,
                "wall-time": 132.61
            },
            "geomean": {
                "task-clock": 57115.85260557739,
                "context-switches": 3207.550389350311,
                "cpu-migrations": 0,
                "page-faults": 203260.58760386912,
                "cycles": 173472937942.14807,
                "instructions": 139507018836.0005,
                "branches": 29873130903.498085,
                "branch-misses": 787600293.8964868,
                "max-rss": 2251549.4158461057,
                "wall-time": 56.68556665634993
            }
        },
        "ReleaseLTO-g": {
            "kimwitu++": {
                "task-clock": 45879.14541900001,
                "context-switches": 1085,
                "cpu-migrations": 1,
                "page-faults": 205786,
                "cycles": 139222728733,
                "instructions": 97310360174,
                "branches": 21038806416,
                "branch-misses": 600907839,
                "max-rss": 1440068,
                "wall-time": 46.480000000000004
            },
            "sqlite3": {
                "task-clock": 62692.299377,
                "context-switches": 444,
                "cpu-migrations": 1,
                "page-faults": 110147,
                "cycles": 190505659098,
                "instructions": 151015325712,
                "branches": 32297153798,
                "branch-misses": 846167887,
                "max-rss": 504108,
                "wall-time": 62.84
            },
            "consumer-typeset": {
                "task-clock": 39064.57739200001,
                "context-switches": 829,
                "cpu-migrations": 1,
                "page-faults": 216964,
                "cycles": 118707545155,
                "instructions": 95266916847,
                "branches": 20200727503,
                "branch-misses": 545549064,
                "max-rss": 2970976,
                "wall-time": 41
            },
            "Bullet": {
                "task-clock": 69397.31768200002,
                "context-switches": 3364,
                "cpu-migrations": 2,
                "page-faults": 562374,
                "cycles": 210547950172,
                "instructions": 157169532819,
                "branches": 33166831284,
                "branch-misses": 855576112,
                "max-rss": 7529360,
                "wall-time": 73.89999999999998
            },
            "tramp3d-v4": {
                "task-clock": 114200.692766,
                "context-switches": 668,
                "cpu-migrations": 2,
                "page-faults": 298202,
                "cycles": 347200667615,
                "instructions": 269988395060,
                "branches": 58400564147,
                "branch-misses": 1308557577,
                "max-rss": 1190168,
                "wall-time": 114.34
            },
            "mafft": {
                "task-clock": 22631.665994999992,
                "context-switches": 590,
                "cpu-migrations": 0,
                "page-faults": 126585,
                "cycles": 68638980189,
                "instructions": 68378298189,
                "branches": 14458266820,
                "branch-misses": 339328883,
                "max-rss": 1644728,
                "wall-time": 23.63000000000001
            },
            "ClamAV": {
                "task-clock": 59804.10843100001,