{
    "config": 0,
    "clang_size": {
        "size-text": 68536190,
        "size-data": 2842408,
        "size-bss": 290408,
        "size-total": 71669006
    },
    "data": {
        "ReleaseThinLTO": {
            "kimwitu++": {
                "task-clock": 32303.28885,
                "context-switches": 1753,
                "cpu-migrations": 52,
                "page-faults": 144597,
                "cycles": 107511345923,
                "instructions": 92010133504,
                "branches": 20015818265,
                "branch-misses": 510834273,
                "max-rss": 1172372,
                "wall-time": 29.73,
                "size-text": 786980,
                "size-data": 25960,
                "size-bss": 12560,
                "size-total": 825500
            },
            "sqlite3": {
                "task-clock": 47602.11616600001,
                "context-switches": 2570,
                "cpu-migrations": 106,
                "page-faults": 59805,
                "cycles": 158195730281,
                "instructions": 144232195478,
                "branches": 31053867673,
                "branch-misses": 769914113,
                "max-rss": 308084,
                "wall-time": 58.57000000000001,
                "size-text": 780826,
                "size-data": 3095,
                "size-bss": 624,
                "size-total": 784545
            },
            "consumer-typeset": {
                "task-clock": 29941.16045999999,
                "context-switches": 2173,
                "cpu-migrations": 80,
                "page-faults": 182837,
                "cycles": 100009785938,
                "instructions": 93248140367,
                "branches": 19882007549,
                "branch-misses": 528652619,
                "max-rss": 2739992,
                "wall-time": 27.66999999999999,
                "size-text": 667954,
                "size-data": 3768,
                "size-bss": 65200,
                "size-total": 736922
            },
            "Bullet": {
                "task-clock": 48218.254676000026,
                "context-switches": 4205,
                "cpu-migrations": 164,
                "page-faults": 483359,
                "cycles": 160324955504,
                "instructions": 140383920703,
                "branches": 29778460734,
                "branch-misses": 705041864,
                "max-rss": 6974908,
                "wall-time": 66.56000000000002,
                "size-text": 394152,
                "size-data": 403696,
                "size-bss": 43328,
                "size-total": 841176
            },
            "tramp3d-v4": {
                "task-clock": 92001.591088,
                "context-switches": 2490,
                "cpu-migrations": 141,
                "page-faults": 125303,
                "cycles": 307438265041,
                "instructions": 296074779201,
                "branches": 64791089089,
                "branch-misses": 1273462050,
                "max-rss": 478832,
                "wall-time": 107.69,
                "size-text": 885402,
                "size-data": 1800,
                "size-bss": 1848,
                "size-total": 889050
            },
            "mafft": {
                "task-clock": 17945.071469000002,
                "context-switches": 897,
                "cpu-migrations": 13,
                "page-faults": 107850,
                "cycles": 60244247356,
                "instructions": 59845622859,
                "branches": 12713183781,
                "branch-misses": 289383196,
                "max-rss": 1500564,
                "wall-time": 14.709999999999999,
                "size-text": 275609,
                "size-data": 3052,
                "size-bss": 14911040,
                "size-total": 15189701
            },
            "ClamAV": {
                "task-clock": 41810.478260000025,
                "context-switches": 3326,
                "cpu-migrations": 150,
                "page-faults": 292317,
                "cycles": 139072779878,
                "instructions": 129966815574,
                "branches": 27748075994,
                "branch-misses": 764175170,
                "max-rss": 5055932,
                "wall-time": 45.3,
                "size-text": 773613,
                "size-data": 52872,
                "size-bss": 4752,
                "size-total": 831237
            },
            "lencod": {
                "task-clock": 58069.734852,
                "context-switches": 3611,
                "cpu-migrations": 187,
                "page-faults": 223743,
                "cycles": 194004443938,
                "instructions": 202142867421,
                "branches": 42390611848,
                "branch-misses": 769882721,
                "max-rss": 3018072,
                "wall-time": 50.75,
                "size-text": 957979,
                "size-data": 2144,
                "size-bss": 106176,
                "size-total": 1066299
            },
            "SPASS": {
                "task-clock": 38761.557953,
                "context-switches": 3230,
                "cpu-migrations": 86,
                "page-faults": 169870,
                "cycles": 128453177421,
                "instructions": 116653431235,
                "branches": 25184136878,
                "branch-misses": 699016178,
                "max-rss": 2734552,
                "wall-time": 34.21,
                "size-text": 608440,
                "size-data": 872,
                "size-bss": 346536,
                "size-total": 955848
            },
            "7zip": {
                "task-clock": 113160.036172,
                "context-switches": 10380,
                "cpu-migrations": 248,
                "page-faults": 792986,
                "cycles": 377067694771,
                "instructions": 329454842611,
                "branches": 70598520335,
                "branch-misses": 1943763963,
                "max-rss": 12012848,
                "wall-time": 103.44,
                "size-text": 1433841,
                "size-data": 4160,
                "size-bss": 29280,
                "size-total": 1467281
            },
            "geomean": {
                "task-clock": 45618.6356819465,
                "context-switches": 2863.177130693715,
                "cpu-migrations": 97.7077135818566,
                "page-faults": 197651.35812193743,
                "cycles": 152040194917.8179,
                "instructions": 141009169282.80362,
                "branches": 30213750337.175434,
                "branch-misses": 730350812.159029,
                "max-rss": 2185507.513261347,
                "wall-time": 45.88023661583623,
                "size-text": 692940.6905911259,
                "size-data": 6984.009238215472,
                "size-bss": 35437.433332268796,
                "size-total": 1210214.8400807409
            }
        },
        "O3": {
            "kimwitu++": {
                "task-clock": 24847.529866999997,
                "context-switches": 890,
                "cpu-migrations": 1,
                "page-faults": 139984,
                "cycles": 83343224658,
                "instructions": 66587900639,
                "branches": 14430027502,
                "branch-misses": 414607861,
                "max-rss": 1203072,
                "wall-time": 25.499999999999996,
                "size-text": 805309,
                "size-data": 31168,
                "size-bss": 12592,
                "size-total": 849069
            },
            "sqlite3": {
                "task-clock": 33648.822241999995,
                "context-switches": 192,
                "cpu-migrations": 2,
                "page-faults": 39335,
                "cycles": 110931638449,
                "instructions": 96326837475,
                "branches": 20604923736,
                "branch-misses": 563821468,
                "max-rss": 251208,