{
    "config": 0,
    "clang_size": [],
    "data": {
        "ReleaseThinLTO": {
            "kimwitu++": {
                "task-clock": 41052.776657,
                "context-switches": 1953,
                "cpu-migrations": 91,
                "page-faults": 148467,
                "cycles": 127147011685,
                "instructions": 93862159689,
                "branches": 20378064444,
                "branch-misses": 578116558,
                "max-rss": 1209380,
                "wall-time": 37.39000000000001
            },
            "sqlite3": {
                "task-clock": 55679.491997000005,
                "context-switches": 2638,
                "cpu-migrations": 170,
                "page-faults": 61623,
                "cycles": 172718431458,
                "instructions": 142461491786,
                "branches": 30625324173,
                "branch-misses": 814601289,
                "max-rss": 315636,
                "wall-time": 67.95
            },
            "consumer-typeset": {
                "task-clock": 36708.281470999995,
                "context-switches": 2353,
                "cpu-migrations": 150,
                "page-faults": 187327,
                "cycles": 113508527370,
                "instructions": 92907242511,
                "branches": 19789558099,
                "branch-misses": 568520874,
                "max-rss": 2831388,
                "wall-time": 33.589999999999996
            },
            "Bullet": {
                "task-clock": 60643.747595999994,
                "context-switches": 5052,
                "cpu-migrations": 225,
                "page-faults": 496896,
                "cycles": 187263343706,
                "instructions": 139797981311,
                "branches": 29576857823,
                "branch-misses": 782225436,
                "max-rss": 7194984,
                "wall-time": 81.18000000000002
            },
            "tramp3d-v4": {
                "task-clock": 107463.16645799999,
                "context-switches": 3214,
                "cpu-migrations": 178,
                "page-faults": 126943,
                "cycles": 335790464782,
                "instructions": 291306757066,
                "branches": 63590186657,
                "branch-misses": 1355021954,
                "max-rss": 484080,
                "wall-time": 125.35000000000001
            },
            "mafft": {
                "task-clock": 20987.588939999998,
                "context-switches": 670,
                "cpu-migrations": 2,
                "page-faults": 110987,
                "cycles": 65902079184,
                "instructions": 58247116634,
                "branches": 12364071795,
                "branch-misses": 298146550,
                "max-rss": 1549704,
                "wall-time": 16.67
            },
            "ClamAV": {
                "task-clock": 49885.489214999994,
                "context-switches": 4076,
                "cpu-migrations": 273,
                "page-faults": 302407,
                "cycles": 157279563828,
                "instructions": 129651855126,
                "branches": 27632709596,
                "branch-misses": 816624692,
                "max-rss": 5207912,
                "wall-time": 52.90999999999998
            },
            "lencod": {
                "task-clock": 67057.41578699999,
                "context-switches": 4282,
                "cpu-migrations": 251,
                "page-faults": 229938,
                "cycles": 208904633196,
                "instructions": 194513845229,
                "branches": 40707248933,
                "branch-misses": 807646636,
                "max-rss": 3116204,
                "wall-time": 59.28000000000001
            },
            "SPASS": {
                "task-clock": 46462.483383,
                "context-switches": 3457,
                "cpu-migrations": 118,
                "page-faults": 174603,
                "cycles": 148902508280,
                "instructions": 117507142948,
                "branches": 25293335395,
                "branch-misses": 755926103,
                "max-rss": 2817368,
                "wall-time": 40.59
            },
            "7zip": {
                "task-clock": 142227.128409,
                "context-switches": 12226,
                "cpu-migrations": 335,
                "page-faults": 810242,
                "cycles": 441466373696,
                "instructions": 330953262966,
                "branches": 70761447411,
                "branch-misses": 2145569736,
                "max-rss": 12360924,
                "wall-time": 128.35999999999996
            },
            "geomean": {
                "task-clock": 55008.72737765501,
                "context-switches": 3153.586579900197,
                "cpu-migrations": 117.5432588355897,
                "page-faults": 202861.13740633155,
                "cycles": 171732052008.28476,
                "instructions": 139988502574.10245,
                "branches": 29936990604.574406,
                "branch-misses": 786444508.6380258,
                "max-rss": 2248085.6106960974,
                "wall-time": 54.625555084737385
            }
        },
        "ReleaseLTO-g": {
            "kimwitu++": {
                "task-clock": 44348.089725,
                "context-switches": 902,
                "cpu-migrations": 1,
                "page-faults": 206068,
                "cycles": 136777524871,
                "instructions": 97442407923,
                "branches": 21067401630,
                "branch-misses": 594346789,
                "max-rss": 1438032,
                "wall-time": 44.94
            },
            "sqlite3": {
                "task-clock": 61550.216417,
                "context-switches": 513,
                "cpu-migrations": 2,
                "page-faults": 108930,
                "cycles": 188865992858,
                "instructions": 151874046005,
                "branches": 32455067308,
                "branch-misses": 845632649,
                "max-rss": 498872,
                "wall-time": 61.709999999999994
            },
            "consumer-typeset": {
                "task-clock": 38492.61110100001,
                "context-switches": 914,
                "cpu-migrations": 2,
                "page-faults": 216303,
                "cycles": 117520982078,
                "instructions": 95543939885,
                "branches": 20236542131,
                "branch-misses": 544347725,
                "max-rss": 2965376,
                "wall-time": 40.19000000000001
            },
            "Bullet": {
                "task-clock": 68039.441911,
                "context-switches": 3323,
                "cpu-migrations": 3,
                "page-faults": 561563,
                "cycles": 209023842660,
                "instructions": 157274030744,
                "branches": 33172952088,
                "branch-misses": 855872500,
                "max-rss": 7514368,
                "wall-time": 72.38999999999999
            },
            "tramp3d-v4": {
                "task-clock": 109318.622257,
                "context-switches": 834,
                "cpu-migrations": 1,
                "page-faults": 298937,
                "cycles": 341198067172,
                "instructions": 271169438371,
                "branches": 58624508879,
                "branch-misses": 1300791544,
                "max-rss": 1192704,
                "wall-time": 109.49
            },
            "mafft": {
                "task-clock": 22143.115035000003,
                "context-switches": 513,
                "cpu-migrations": 2,
                "page-faults": 126074,
                "cycles": 67911606690,
                "instructions": 68636530262,
                "branches": 14492911079,
                "branch-misses": 340484800,
                "max-rss": 1640416,
                "wall-time": 23.11
            },