{
    "config": 0,
    "clang_size": [],
    "data": {
        "ReleaseThinLTO": {
            "kimwitu++": {
                "task-clock": 41632.987997000004,
                "context-switches": 1929,
                "cpu-migrations": 70,
                "page-faults": 148386,
                "cycles": 127587955904,
                "instructions": 93792751251,
                "branches": 20363541379,
                "branch-misses": 578255787,
                "max-rss": 1207896,
                "wall-time": 38.089999999999996
            },
            "sqlite3": {
                "task-clock": 56683.873382,
                "context-switches": 2514,
                "cpu-migrations": 165,
                "page-faults": 61777,
                "cycles": 172483026287,
                "instructions": 142537835845,
                "branches": 30645127875,
                "branch-misses": 812163574,
                "max-rss": 316292,
                "wall-time": 69.58
            },
            "consumer-typeset": {
                "task-clock": 37101.557952999996,
                "context-switches": 2638,
                "cpu-migrations": 194,
                "page-faults": 188578,
                "cycles": 112862462190,
                "instructions": 92937859472,
                "branches": 19794864702,
                "branch-misses": 563889686,
                "max-rss": 2822396,
                "wall-time": 34.24999999999999
            },
            "Bullet": {
                "task-clock": 61709.970732000016,
                "context-switches": 5175,
                "cpu-migrations": 211,
                "page-faults": 497426,
                "cycles": 187557475757,
                "instructions": 139769964792,
                "branches": 29568684828,
                "branch-misses": 785038904,
                "max-rss": 7194180,
                "wall-time": 82.70999999999998
            },
            "tramp3d-v4": {
                "task-clock": 110625.28279200001,
                "context-switches": 3093,
                "cpu-migrations": 227,
                "page-faults": 126915,
                "cycles": 338285996628,
                "instructions": 291344848778,
                "branches": 63589757826,
                "branch-misses": 1361301064,
                "max-rss": 485040,
                "wall-time": 129.62
            },
            "mafft": {
                "task-clock": 21632.165232,
                "context-switches": 749,
                "cpu-migrations": 1,
                "page-faults": 110492,
                "cycles": 65637894094,
                "instructions": 58259289494,
                "branches": 12365554223,
                "branch-misses": 298703829,
                "max-rss": 1545264,
                "wall-time": 17.09
            },
            "ClamAV": {
                "task-clock": 51593.66818200002,
                "context-switches": 3892,
                "cpu-migrations": 183,
                "page-faults": 302616,
                "cycles": 157201881782,
                "instructions": 129766408173,
                "branches": 27656288567,
                "branch-misses": 817061722,
                "max-rss": 5200384,
                "wall-time": 53.95
            },
            "lencod": {
                "task-clock": 67924.785286,
                "context-switches": 4191,
                "cpu-migrations": 250,
                "page-faults": 234343,
                "cycles": 208521272801,
                "instructions": 194700039318,
                "branches": 40747781459,
                "branch-misses": 806292068,
                "max-rss": 3114660,
                "wall-time": 58.85
            },
            "SPASS": {
                "task-clock": 48780.01464000001,
                "context-switches": 3867,
                "cpu-migrations": 122,
                "page-faults": 174505,
                "cycles": 148941411890,
                "instructions": 117536761074,
                "branches": 25297762342,
                "branch-misses": 758414560,
                "max-rss": 2818328,
                "wall-time": 42.89
            },
            "7zip": {
                "task-clock": 145646.00395399999,
                "context-switches": 12654,
                "cpu-migrations": 342,
                "page-faults": 810141,
                "cycles": 442713614039,
                "instructions": 331066592267,
                "branches": 70776857852,
                "branch-misses": 2148082262,
                "max-rss": 12368152,
                "wall-time": 131.72999999999993
            },
            "geomean": {
                "task-clock": 56334.75570511678,
                "context-switches": 3226.886483137472,
                "cpu-migrations": 107.4352765721389,
                "page-faults": 203347.8287963282,
                "cycles": 171768097462.4955,
                "instructions": 140026292009.09995,
                "branches": 29943814943.078228,
                "branch-misses": 786637891.8189555,
                "max-rss": 2247108.098182033,
                "wall-time": 55.90757727957637
            }
        },
        "ReleaseLTO-g": {
            "kimwitu++": {
                "task-clock": 44942.50245300001,
                "context-switches": 1118,
                "cpu-migrations": 2,
                "page-faults": 205737,
                "cycles": 137960339017,
                "instructions": 97622864692,
                "branches": 21104787135,
                "branch-misses": 596248716,
                "max-rss": 1434228,
                "wall-time": 45.61000000000001
            },
            "sqlite3": {
                "task-clock": 61595.228839,
                "context-switches": 602,
                "cpu-migrations": 1,
                "page-faults": 110198,
                "cycles": 188299511166,
                "instructions": 151980454288,
                "branches": 32475788041,
                "branch-misses": 844713515,
                "max-rss": 504104,
                "wall-time": 61.76
            },
            "consumer-typeset": {
                "task-clock": 38641.60282300001,
                "context-switches": 856,
                "cpu-migrations": 1,
                "page-faults": 216140,
                "cycles": 117687613365,
                "instructions": 95597231459,
                "branches": 20248240734,
                "branch-misses": 544536558,
                "max-rss": 2963124,
                "wall-time": 40.399999999999984
            },
            "Bullet": {
                "task-clock": 68594.852621,
                "context-switches": 3310,
                "cpu-migrations": 1,
                "page-faults": 561690,
                "cycles": 209491334301,
                "instructions": 157204423287,
                "branches": 33158688581,
                "branch-misses": 858098551,
                "max-rss": 7506928,
                "wall-time": 72.92999999999999
            },
            "tramp3d-v4": {
                "task-clock": 111482.311538,
                "context-switches": 600,
                "cpu-migrations": 1,
                "page-faults": 298458,
                "cycles": 340897247988,
                "instructions": 271082849669,
                "branches": 58594084164,
                "branch-misses": 1305234879,
                "max-rss": 1191108,
                "wall-time": 111.66
            },
            "mafft": {
                "task-clock": 22323.027933000005,
                "context-switches": 556,
                "cpu-migrations": 0,
                "page-faults": 126302,
                "cycles": 67523578028,
                "instructions": 68594918171,
                "branches": 14483564932,
                "branch-misses": 338538530,
                "max-rss": 1637308,
                "wall-time": 23.249999999999996
            },