{
    "config": 0,
    "clang_size": {
        "size-text": 66874800,
        "size-data": 2785592,
        "size-bss": 284144,
        "size-total": 69944536
    },
    "data": {
        "ReleaseThinLTO": {
            "kimwitu++": {
                "task-clock": 31925.858328000002,
                "context-switches": 1850,
                "cpu-migrations": 70,
                "page-faults": 159173,
                "cycles": 107015055485,
                "instructions": 92208997186,
                "branches": 19904669427,
                "branch-misses": 508384700,
                "max-rss": 1142332,
                "wall-time": 28.849999999999998,
                "size-text": 787080,
                "size-data": 25960,
                "size-bss": 12560,
                "size-total": 825600
            },
            "sqlite3": {
                "task-clock": 47640.895058,
                "context-switches": 2689,
                "cpu-migrations": 167,
                "page-faults": 62738,
                "cycles": 160346766873,
                "instructions": 145128669109,
                "branches": 31267171506,
                "branch-misses": 790449945,
                "max-rss": 307456,
                "wall-time": 60.03,
                "size-text": 781474,
                "size-data": 3095,
                "size-bss": 624,
                "size-total": 785193
            },
            "consumer-typeset": {
                "task-clock": 29907.248402999994,
                "context-switches": 2155,
                "cpu-migrations": 91,
                "page-faults": 243848,
                "cycles": 100585667193,
                "instructions": 93784589273,
                "branches": 19942055949,
                "branch-misses": 537991096,
                "max-rss": 2687808,
                "wall-time": 27.37000000000002,
                "size-text": 677634,
                "size-data": 3768,
                "size-bss": 65200,
                "size-total": 746602
            },
            "Bullet": {
                "task-clock": 47503.66175699997,
                "context-switches": 4598,
                "cpu-migrations": 272,
                "page-faults": 627607,
                "cycles": 159412756067,
                "instructions": 139571859561,
                "branches": 29431942584,
                "branch-misses": 702122687,
                "max-rss": 6807576,
                "wall-time": 66.26999999999998,
                "size-text": 393144,
                "size-data": 403696,
                "size-bss": 43328,
                "size-total": 840168
            },
            "tramp3d-v4": {
                "task-clock": 91829.922927,
                "context-switches": 2846,
                "cpu-migrations": 200,
                "page-faults": 121716,
                "cycles": 308743770751,
                "instructions": 294522102782,
                "branches": 64441314471,
                "branch-misses": 1290434712,
                "max-rss": 483032,
                "wall-time": 109.51,
                "size-text": 885858,
                "size-data": 1800,
                "size-bss": 1848,
                "size-total": 889506
            },
            "mafft": {
                "task-clock": 17775.966018,
                "context-switches": 1095,
                "cpu-migrations": 53,
                "page-faults": 139145,
                "cycles": 59853043185,
                "instructions": 59282337673,
                "branches": 12592174250,
                "branch-misses": 293903772,
                "max-rss": 1469980,
                "wall-time": 15.650000000000002,
                "size-text": 275169,
                "size-data": 3052,
                "size-bss": 14911040,
                "size-total": 15189261
            },
            "ClamAV": {
                "task-clock": 41876.717307999985,
                "context-switches": 3416,
                "cpu-migrations": 210,
                "page-faults": 415642,
                "cycles": 140935565995,
                "instructions": 131438837953,
                "branches": 28012395130,
                "branch-misses": 774418188,
                "max-rss": 4934800,
                "wall-time": 43.319999999999986,
                "size-text": 774253,
                "size-data": 52872,
                "size-bss": 4752,
                "size-total": 831877
            },
            "lencod": {
                "task-clock": 56248.261818,
                "context-switches": 3605,
                "cpu-migrations": 174,
                "page-faults": 283351,
                "cycles": 189195484346,
                "instructions": 197593344521,
                "branches": 41589204660,
                "branch-misses": 769411589,
                "max-rss": 2943304,
                "wall-time": 48.769999999999996,
                "size-text": 958131,
                "size-data": 2144,
                "size-bss": 106176,
                "size-total": 1066451
            },
            "SPASS": {
                "task-clock": 37778.399316,
                "context-switches": 3366,
                "cpu-migrations": 158,
                "page-faults": 232083,
                "cycles": 127004100911,
                "instructions": 116228524415,
                "branches": 24976850575,
                "branch-misses": 704279851,
                "max-rss": 2678608,
                "wall-time": 33.42,
                "size-text": 607600,
                "size-data": 872,
                "size-bss": 346536,
                "size-total": 955008
            },
            "7zip": {
                "task-clock": 113250.62374800003,
                "context-switches": 11837,
                "cpu-migrations": 442,
                "page-faults": 1050318,
                "cycles": 380121048542,
                "instructions": 333369489377,
                "branches": 71150194279,
                "branch-misses": 1976487507,
                "max-rss": 11710364,
                "wall-time": 103.25000000000003,
                "size-text": 1436409,
                "size-data": 4160,
                "size-bss": 29280,
                "size-total": 1469849
            },
            "geomean": {
                "task-clock": 45194.016137020066,
                "context-switches": 3074.118947487991,
                "cpu-migrations": 154.6528248797885,
                "page-faults": 243838.941198505,
                "cycles": 151911962191.24658,
                "instructions": 140871573879.61203,
                "branches": 30115786963.73355,
                "branch-misses": 737729200.940342,
                "max-rss": 2146761.320871041,
                "wall-time": 45.64373506831023,
                "size-text": 693848.660065021,
                "size-data": 6984.009238215472,
                "size-bss": 35437.433332268796,
                "size-total": 1212039.2022614183
            }
        },
        "O3": {
            "kimwitu++": {
                "task-clock": 24437.412498000005,
                "context-switches": 838,
                "cpu-migrations": 15,
                "page-faults": 155847,
                "cycles": 82286076327,
                "instructions": 66151494749,
                "branches": 14214302705,
                "branch-misses": 405511901,
                "max-rss": 1179520,
                "wall-time": 25.049999999999997,
                "size-text": 805325,
                "size-data": 31168,
                "size-bss": 12592,
                "size-total": 849085
            },
            "sqlite3": {
                "task-clock": 33024.941282,
                "context-switches": 247,
                "cpu-migrations": 2,
                "page-faults": 43431,
                "cycles": 111273780351,
                "instructions": 95897398568,
                "branches": 20517638411,
                "branch-misses": 567309720,
                "max-rss": 250940,