{
    "config": 0,
    "clang_size": {
        "size-text": 66682889,
        "size-data": 2766192,
        "size-bss": 253104,
        "size-total": 69702185
    },
    "data": {
        "O3": {
            "kimwitu++": {
                "task-clock": 24443.204682000003,
                "context-switches": 887,
                "cpu-migrations": 15,
                "page-faults": 156122,
                "cycles": 82225026723,
                "instructions": 66029596196,
                "branches": 14194821212,
                "branch-misses": 403893527,
                "max-rss": 1178556,
                "wall-time": 25.090000000000003,
                "size-text": 805325,
                "size-data": 31168,
                "size-bss": 12592,
                "size-total": 849085
            },
            "sqlite3": {
                "task-clock": 33142.907576000005,
                "context-switches": 150,
                "cpu-migrations": 3,
                "page-faults": 42179,
                "cycles": 111732150387,
                "instructions": 95476169076,
                "branches": 20462986447,
                "branch-misses": 563080581,
                "max-rss": 249184,
                "wall-time": 33.269999999999996,
                "size-text": 744376,
                "size-data": 3095,
                "size-bss": 704,
                "size-total": 748175
            },
            "consumer-typeset": {
                "task-clock": 20121.979754,
                "context-switches": 921,
                "cpu-migrations": 51,
                "page-faults": 270432,
                "cycles": 67757474500,
                "instructions": 61421117580,
                "branches": 12996897620,
                "branch-misses": 357708652,
                "max-rss": 2994592,
                "wall-time": 22.119999999999994,
                "size-text": 576090,
                "size-data": 3768,
                "size-bss": 65232,
                "size-total": 645090
            },
            "Bullet": {
                "task-clock": 49978.260835999994,
                "context-switches": 2915,
                "cpu-migrations": 132,
                "page-faults": 667970,
                "cycles": 168053178057,
                "instructions": 144449706552,
                "branches": 30347776474,
                "branch-misses": 783443862,
                "max-rss": 7432016,
                "wall-time": 54.69000000000004,
                "size-text": 910157,
                "size-data": 747360,
                "size-bss": 45424,
                "size-total": 1702941
            },
            "tramp3d-v4": {
                "task-clock": 49203.690026000004,
                "context-switches": 287,
                "cpu-migrations": 2,
                "page-faults": 92742,
                "cycles": 165880462493,
                "instructions": 143714376076,
                "branches": 31032273232,
                "branch-misses": 764068816,
                "max-rss": 359252,
                "wall-time": 49.31,
                "size-text": 912906,
                "size-data": 1856,
                "size-bss": 2048,
                "size-total": 916810
            },
            "mafft": {
                "task-clock": 19702.768921000003,
                "context-switches": 580,
                "cpu-migrations": 26,
                "page-faults": 162377,
                "cycles": 66380027120,
                "instructions": 63163835616,
                "branches": 13311690793,
                "branch-misses": 359638774,
                "max-rss": 1664700,
                "wall-time": 20.78,
                "size-text": 536425,
                "size-data": 8981,
                "size-bss": 132716880,
                "size-total": 133262286
            },
            "ClamAV": {
                "task-clock": 29518.142174000004,
                "context-switches": 1544,
                "cpu-migrations": 100,
                "page-faults": 458611,
                "cycles": 99293876634,
                "instructions": 89496202583,
                "branches": 18918804076,
                "branch-misses": 545547173,
                "max-rss": 5509760,
                "wall-time": 33.33999999999999,
                "size-text": 724886,
                "size-data": 58332,
                "size-bss": 4760,
                "size-total": 787978
            },
            "lencod": {
                "task-clock": 35656.094541,
                "context-switches": 1188,
                "cpu-migrations": 58,
                "page-faults": 309688,
                "cycles": 120038949327,
                "instructions": 120945049693,
                "branches": 25356507450,
                "branch-misses": 543029367,
                "max-rss": 3232628,
                "wall-time": 37.81000000000001,
                "size-text": 893987,
                "size-data": 14768,
                "size-bss": 108768,
                "size-total": 1017523
            },
            "SPASS": {
                "task-clock": 25478.197523000003,
                "context-switches": 1050,
                "cpu-migrations": 54,
                "page-faults": 247606,
                "cycles": 85801616313,
                "instructions": 74141267769,
                "branches": 15887647757,
                "branch-misses": 490296044,
                "max-rss": 2940440,
                "wall-time": 27.47,
                "size-text": 601946,
                "size-data": 880,
                "size-bss": 358728,
                "size-total": 961554
            },
            "7zip": {
                "task-clock": 78999.65043300003,
                "context-switches": 4876,
                "cpu-migrations": 231,
                "page-faults": 1134883,
                "cycles": 265388006697,
                "instructions": 220833150961,
                "branches": 46715441974,
                "branch-misses": 1365095480,
                "max-rss": 12862048,
                "wall-time": 87.26999999999998,
                "size-text": 1269831,
                "size-data": 5200,
                "size-bss": 29376,
                "size-total": 1304407
            },
            "geomean": {
                "task-clock": 33293.09881286942,
                "context-switches": 943.3958666438663,
                "cpu-migrations": 32.03903078954134,
                "page-faults": 242899.01256822047,
                "cycles": 112073779945.88004,
                "instructions": 98949902256.9502,
                "branches": 21021395871.020554,
                "branch-misses": 567629659.347791,
                "max-rss": 2198093.0376029373,
                "wall-time": 35.44151647271757,
                "size-text": 773073.8158287274,
                "size-data": 10596.507668331473,
                "size-bss": 45609.31598464766,
                "size-total": 1560704.203083892
            }
        }
    }
}