{
    "config": 0,
    "clang_size": [],
    "data": {
        "ReleaseThinLTO": {
            "kimwitu++": {
                "task-clock": 42334.185429000005,
                "context-switches": 2273,
                "cpu-migrations": 96,
                "page-faults": 148641,
                "cycles": 127544936608,
                "instructions": 93286503046,
                "branches": 20241954674,
                "branch-misses": 576175807,
                "max-rss": 1210072,
                "wall-time": 38.91
            },
            "sqlite3": {
                "task-clock": 56928.265713,
                "context-switches": 2745,
                "cpu-migrations": 219,
                "page-faults": 61884,
                "cycles": 171248451164,
                "instructions": 139887996517,
                "branches": 30107038889,
                "branch-misses": 810440671,
                "max-rss": 316552,
                "wall-time": 70.22
            },
            "consumer-typeset": {
                "task-clock": 37476.249075,
                "context-switches": 2518,
                "cpu-migrations": 161,
                "page-faults": 189016,
                "cycles": 112692297487,
                "instructions": 91506760656,
                "branches": 19499654637,
                "branch-misses": 565093126,
                "max-rss": 2835412,
                "wall-time": 34.18999999999998
            },
            "Bullet": {
                "task-clock": 62675.43976200001,
                "context-switches": 5170,
                "cpu-migrations": 251,
                "page-faults": 497886,
                "cycles": 188584561516,
                "instructions": 139144295052,
                "branches": 29429880376,
                "branch-misses": 786058949,
                "max-rss": 7218400,
                "wall-time": 83.73999999999998
            },
            "tramp3d-v4": {
                "task-clock": 111156.12371400002,
                "context-switches": 3185,
                "cpu-migrations": 229,
                "page-faults": 128157,
                "cycles": 334921201401,
                "instructions": 286666280197,
                "branches": 62613801560,
                "branch-misses": 1357343027,
                "max-rss": 482996,
                "wall-time": 130.82
            },
            "mafft": {
                "task-clock": 21948.307822,
                "context-switches": 699,
                "cpu-migrations": 1,
                "page-faults": 111102,
                "cycles": 66075289710,
                "instructions": 57367116194,
                "branches": 12195417261,
                "branch-misses": 298596675,
                "max-rss": 1554168,
                "wall-time": 17.41
            },
            "ClamAV": {
                "task-clock": 51631.96909299999,
                "context-switches": 3933,
                "cpu-migrations": 208,
                "page-faults": 301182,
                "cycles": 155324004111,
                "instructions": 126337401550,
                "branches": 27004814301,
                "branch-misses": 810182774,
                "max-rss": 5224844,
                "wall-time": 54.87
            },
            "lencod": {
                "task-clock": 68780.63713199999,
                "context-switches": 4122,
                "cpu-migrations": 229,
                "page-faults": 231761,
                "cycles": 206955563402,
                "instructions": 190684809529,
                "branches": 40004678951,
                "branch-misses": 800332961,
                "max-rss": 3129736,
                "wall-time": 59.32000000000001
            },
            "SPASS": {
                "task-clock": 49389.495801000005,
                "context-switches": 3853,
                "cpu-migrations": 78,
                "page-faults": 175123,
                "cycles": 148254949894,
                "instructions": 115831990035,
                "branches": 24949837956,
                "branch-misses": 756135592,
                "max-rss": 2834520,
                "wall-time": 43.02
            },
            "7zip": {
                "task-clock": 146155.32298099998,
                "context-switches": 12412,
                "cpu-migrations": 372,
                "page-faults": 811588,
                "cycles": 439945302783,
                "instructions": 325908382343,
                "branches": 69803062646,
                "branch-misses": 2139372207,
                "max-rss": 12402872,
                "wall-time": 132.02000000000004
            },
            "geomean": {
                "task-clock": 56872.73600730016,
                "context-switches": 3270.9562666415586,
                "cpu-migrations": 110.39735765998633,
                "page-faults": 203580.3169943736,
                "cycles": 171127400439.71,
                "instructions": 137890058731.9467,
                "branches": 29519546661.70361,
                "branch-misses": 784398168.4967297,
                "max-rss": 2253895.4709277083,
                "wall-time": 56.46343907475103
            }
        },
        "ReleaseLTO-g": {
            "kimwitu++": {
                "task-clock": 45877.969833999996,
                "context-switches": 814,
                "cpu-migrations": 2,
                "page-faults": 206027,
                "cycles": 137945664263,
                "instructions": 96936858301,
                "branches": 20949896958,
                "branch-misses": 597133567,
                "max-rss": 1439836,
                "wall-time": 46.47
            },
            "sqlite3": {
                "task-clock": 61533.67917399999,
                "context-switches": 378,
                "cpu-migrations": 2,
                "page-faults": 110230,
                "cycles": 186236589844,
                "instructions": 149359544386,
                "branches": 31947347568,
                "branch-misses": 841944598,
                "max-rss": 504740,
                "wall-time": 61.69
            },
            "consumer-typeset": {
                "task-clock": 38919.793032000016,
                "context-switches": 892,
                "cpu-migrations": 1,
                "page-faults": 217002,
                "cycles": 117452181504,
                "instructions": 94129433981,
                "branches": 19951472791,
                "branch-misses": 543590960,
                "max-rss": 2977952,
                "wall-time": 40.71999999999999
            },
            "Bullet": {
                "task-clock": 70149.33854499999,
                "context-switches": 2969,
                "cpu-migrations": 3,
                "page-faults": 562836,
                "cycles": 211256810229,
                "instructions": 156467772386,
                "branches": 32995432360,
                "branch-misses": 860320044,
                "max-rss": 7535772,
                "wall-time": 74.47999999999999
            },
            "tramp3d-v4": {
                "task-clock": 112789.75546300001,
                "context-switches": 982,
                "cpu-migrations": 2,
                "page-faults": 298442,
                "cycles": 339920224454,
                "instructions": 267232847118,
                "branches": 57783372652,
                "branch-misses": 1304350070,
                "max-rss": 1190876,
                "wall-time": 113.01
            },
            "mafft": {
                "task-clock": 22328.364328,
                "context-switches": 609,
                "cpu-migrations": 0,
                "page-faults": 127929,
                "cycles": 67313392625,
                "instructions": 67380416091,
                "branches": 14255499350,
                "branch-misses": 338210334,
                "max-rss": 1644404,
                "wall-time": 23.280000000000005
            },