{
    "config": 0,
    "clang_size": [],
    "data": {
        "ReleaseThinLTO": {
            "kimwitu++": {
                "task-clock": 42295.358495,
                "context-switches": 2254,
                "cpu-migrations": 96,
                "page-faults": 148673,
                "cycles": 127652958895,
                "instructions": 93301971597,
                "branches": 20246043931,
                "branch-misses": 580055964,
                "max-rss": 1208320,
                "wall-time": 39.02
            },
            "sqlite3": {
                "task-clock": 56771.115082,
                "context-switches": 2443,
                "cpu-migrations": 168,
                "page-faults": 61969,
                "cycles": 171250156596,
                "instructions": 139938700475,
                "branches": 30117084925,
                "branch-misses": 809229534,
                "max-rss": 316876,
                "wall-time": 69.89
            },
            "consumer-typeset": {
                "task-clock": 37206.815943,
                "context-switches": 2422,
                "cpu-migrations": 140,
                "page-faults": 188920,
                "cycles": 112276903652,
                "instructions": 91531886375,
                "branches": 19505248463,
                "branch-misses": 563836786,
                "max-rss": 2834188,
                "wall-time": 34.15999999999999
            },
            "Bullet": {
                "task-clock": 62440.606426,
                "context-switches": 5171,
                "cpu-migrations": 202,
                "page-faults": 497233,
                "cycles": 188300614748,
                "instructions": 139126659584,
                "branches": 29425404436,
                "branch-misses": 785695578,
                "max-rss": 7214908,
                "wall-time": 83.76999999999998
            },
            "tramp3d-v4": {
                "task-clock": 110912.098625,
                "context-switches": 3466,
                "cpu-migrations": 174,
                "page-faults": 129207,
                "cycles": 334595413443,
                "instructions": 286823033035,
                "branches": 62648076830,
                "branch-misses": 1355953220,
                "max-rss": 484972,
                "wall-time": 128.99
            },
            "mafft": {
                "task-clock": 21656.937121999996,
                "context-switches": 749,
                "cpu-migrations": 1,
                "page-faults": 110685,
                "cycles": 65285584342,
                "instructions": 57355513658,
                "branches": 12192577791,
                "branch-misses": 297907476,
                "max-rss": 1556140,
                "wall-time": 17.16
            },
            "ClamAV": {
                "task-clock": 51547.828235999994,
                "context-switches": 3953,
                "cpu-migrations": 204,
                "page-faults": 303069,
                "cycles": 155370881236,
                "instructions": 126304997279,
                "branches": 26996841586,
                "branch-misses": 806556046,
                "max-rss": 5226616,
                "wall-time": 54.48
            },
            "lencod": {
                "task-clock": 68704.473616,
                "context-switches": 4211,
                "cpu-migrations": 237,
                "page-faults": 230788,
                "cycles": 206736795676,
                "instructions": 190691848942,
                "branches": 40006170708,
                "branch-misses": 799256548,
                "max-rss": 3129380,
                "wall-time": 60.42999999999999
            },
            "SPASS": {
                "task-clock": 49026.243057,
                "context-switches": 3844,
                "cpu-migrations": 104,
                "page-faults": 175696,
                "cycles": 147728925168,
                "instructions": 115884112208,
                "branches": 24960863765,
                "branch-misses": 755356738,
                "max-rss": 2832792,
                "wall-time": 42.94
            },
            "7zip": {
                "task-clock": 145839.914637,
                "context-switches": 12565,
                "cpu-migrations": 337,
                "page-faults": 811635,
                "cycles": 439753650963,
                "instructions": 325797719668,
                "branches": 69781929693,
                "branch-misses": 2134044685,
                "max-rss": 12396656,
                "wall-time": 131.73
            },
            "geomean": {
                "task-clock": 56631.57128815013,
                "context-switches": 3279.5891118988243,
                "cpu-migrations": 103.0066094364628,
                "page-faults": 203774.42045350463,
                "cycles": 170749865744.49017,
                "instructions": 137902621708.04904,
                "branches": 29522102526.290436,
                "branch-misses": 783601360.9552803,
                "max-rss": 2254599.58569911,
                "wall-time": 56.33027136844483
            }
        },
        "ReleaseLTO-g": {
            "kimwitu++": {
                "task-clock": 45625.123497,
                "context-switches": 1029,
                "cpu-migrations": 1,
                "page-faults": 206111,
                "cycles": 137885882054,
                "instructions": 96773580744,
                "branches": 20914711790,
                "branch-misses": 599424629,
                "max-rss": 1440048,
                "wall-time": 46.309999999999995
            },
            "sqlite3": {
                "task-clock": 61329.362387,
                "context-switches": 563,
                "cpu-migrations": 1,
                "page-faults": 110250,
                "cycles": 185965301784,
                "instructions": 149406091313,
                "branches": 31955419499,
                "branch-misses": 840605113,
                "max-rss": 504148,
                "wall-time": 61.47
            },
            "consumer-typeset": {
                "task-clock": 38647.6628,
                "context-switches": 730,
                "cpu-migrations": 1,
                "page-faults": 216847,
                "cycles": 117120193770,
                "instructions": 94121551838,
                "branches": 19949602295,
                "branch-misses": 541025365,
                "max-rss": 2975792,
                "wall-time": 40.49000000000001
            },
            "Bullet": {
                "task-clock": 70042.189692,
                "context-switches": 2996,
                "cpu-migrations": 1,
                "page-faults": 563124,
                "cycles": 211337996065,
                "instructions": 156408173503,
                "branches": 32982527501,
                "branch-misses": 861284307,
                "max-rss": 7538184,
                "wall-time": 74.46999999999998
            },
            "tramp3d-v4": {
                "task-clock": 112276.653041,
                "context-switches": 831,
                "cpu-migrations": 1,
                "page-faults": 298328,
                "cycles": 339862806830,
                "instructions": 267359810536,
                "branches": 57805278450,
                "branch-misses": 1306458155,
                "max-rss": 1189776,
                "wall-time": 112.44
            },
            "mafft": {
                "task-clock": 22179.142633999996,
                "context-switches": 646,
                "cpu-migrations": 1,
                "page-faults": 126392,
                "cycles": 67092437761,
                "instructions": 67332464315,
                "branches": 14245561082,
                "branch-misses": 335841006,
                "max-rss": 1644428,
                "wall-time": 23.169999999999998
            },
            "ClamAV": {
                "task-clock": 58745.541996000014,