{
    "config": 0,
    "clang_size": {
        "size-text": 68523663,
        "size-data": 2842408,
        "size-bss": 290408,
        "size-total": 71656479
    },
    "data": {
        "ReleaseThinLTO": {
            "kimwitu++": {
                "task-clock": 31594.569224000003,
                "context-switches": 1669,
                "cpu-migrations": 62,
                "page-faults": 144027,
                "cycles": 106197813074,
                "instructions": 91927485754,
                "branches": 19998925911,
                "branch-misses": 506613366,
                "max-rss": 1171472,
                "wall-time": 29.210000000000004,
                "size-text": 786980,
                "size-data": 25960,
                "size-bss": 12560,
                "size-total": 825500
            },
            "sqlite3": {
                "task-clock": 46906.06954,
                "context-switches": 2692,
                "cpu-migrations": 104,
                "page-faults": 59842,
                "cycles": 157102284037,
                "instructions": 144227488227,
                "branches": 31055897127,
                "branch-misses": 765166757,
                "max-rss": 308068,
                "wall-time": 58.400000000000006,
                "size-text": 780826,
                "size-data": 3095,
                "size-bss": 624,
                "size-total": 784545
            },
            "consumer-typeset": {
                "task-clock": 29673.626501,
                "context-switches": 2112,
                "cpu-migrations": 102,
                "page-faults": 180858,
                "cycles": 99509033762,
                "instructions": 93243814682,
                "branches": 19884392343,
                "branch-misses": 527422475,
                "max-rss": 2743952,
                "wall-time": 27.169999999999998,
                "size-text": 667954,
                "size-data": 3768,
                "size-bss": 65200,
                "size-total": 736922
            },
            "Bullet": {
                "task-clock": 47727.472519999996,
                "context-switches": 4190,
                "cpu-migrations": 232,
                "page-faults": 483345,
                "cycles": 159038079187,
                "instructions": 140384635891,
                "branches": 29781899063,
                "branch-misses": 701271209,
                "max-rss": 6968832,
                "wall-time": 65.9,
                "size-text": 394152,
                "size-data": 403696,
                "size-bss": 43328,
                "size-total": 841176
            },
            "tramp3d-v4": {
                "task-clock": 90812.360588,
                "context-switches": 2566,
                "cpu-migrations": 173,
                "page-faults": 120649,
                "cycles": 305118050133,
                "instructions": 295952375082,
                "branches": 64773138523,
                "branch-misses": 1266511580,
                "max-rss": 482748,
                "wall-time": 106.37,
                "size-text": 885402,
                "size-data": 1800,
                "size-bss": 1848,
                "size-total": 889050
            },
            "mafft": {
                "task-clock": 17884.234632,
                "context-switches": 797,
                "cpu-migrations": 18,
                "page-faults": 107900,
                "cycles": 60054269443,
                "instructions": 59828345907,
                "branches": 12710120793,
                "branch-misses": 289198653,
                "max-rss": 1502276,
                "wall-time": 15.040000000000001,
                "size-text": 275609,
                "size-data": 3052,
                "size-bss": 14911040,
                "size-total": 15189701
            },
            "ClamAV": {
                "task-clock": 41142.45890900001,
                "context-switches": 3268,
                "cpu-migrations": 137,
                "page-faults": 293407,
                "cycles": 138296400010,
                "instructions": 130000097021,
                "branches": 27759846887,
                "branch-misses": 759857907,
                "max-rss": 5049056,
                "wall-time": 44.38000000000002,
                "size-text": 773613,
                "size-data": 52872,
                "size-bss": 4752,
                "size-total": 831237
            },
            "lencod": {
                "task-clock": 57308.52719899999,
                "context-switches": 3800,
                "cpu-migrations": 207,
                "page-faults": 226221,
                "cycles": 192724996299,
                "instructions": 202123331789,
                "branches": 42387780410,
                "branch-misses": 767449418,
                "max-rss": 3015964,
                "wall-time": 50.17999999999999,
                "size-text": 957979,
                "size-data": 2144,
                "size-bss": 106176,
                "size-total": 1066299
            },
            "SPASS": {
                "task-clock": 37987.102398999996,
                "context-switches": 3847,
                "cpu-migrations": 75,
                "page-faults": 170504,
                "cycles": 127446949907,
                "instructions": 116633839489,
                "branches": 25180929992,
                "branch-misses": 693641820,
                "max-rss": 2733612,
                "wall-time": 33.43000000000001,
                "size-text": 608440,
                "size-data": 872,
                "size-bss": 346536,
                "size-total": 955848
            },
            "7zip": {
                "task-clock": 112662.78255099998,
                "context-switches": 10198,
                "cpu-migrations": 257,
                "page-faults": 792998,
                "cycles": 374629261260,
                "instructions": 329391101802,
                "branches": 70596560621,
                "branch-misses": 1941928336,
                "max-rss": 11983524,
                "wall-time": 102.69,
                "size-text": 1433841,
                "size-data": 4160,
                "size-bss": 29280,
                "size-total": 1467281
            },
            "geomean": {
                "task-clock": 45045.58174015437,
                "context-switches": 2882.6088397100616,
                "cpu-migrations": 110.01495090840226,
                "page-faults": 196997.1845166306,
                "cycles": 150985539642.05984,
                "instructions": 140982705994.64645,
                "branches": 30211153896.055523,
                "branch-misses": 727014951.6484612,
                "max-rss": 2186423.5586554175,
                "wall-time": 45.41892948718221,
                "size-text": 692940.6905911259,
                "size-data": 6984.009238215472,
                "size-bss": 35437.433332268796,
                "size-total": 1210214.8400807409
            }
        },
        "O3": {
            "kimwitu++": {
                "task-clock": 24758.673073,
                "context-switches": 837,
                "cpu-migrations": 1,
                "page-faults": 139045,
                "cycles": 82447595554,
                "instructions": 66569929878,
                "branches": 14428253452,
                "branch-misses": 412694212,
                "max-rss": 1201928,
                "wall-time": 25.38,
                "size-text": 805309,
                "size-data": 31168,
                "size-bss": 12592,
                "size-total": 849069
            },
            "sqlite3": {
                "task-clock": 33032.343845,
                "context-switches": 246,
                "cpu-migrations": 1,
                "page-faults": 39352,
                "cycles": 109850471719,
                "instructions": 96385183832,
                "branches": 20616440584,
                "branch-misses": 562490393,
                "max-rss": 250956,