{
    "config": 0,
    "clang_size": {
        "size-text": 66644132,
        "size-data": 2766192,
        "size-bss": 253136,
        "size-total": 69663460
    },
    "data": {
        "O3": {
            "kimwitu++": {
                "task-clock": 24222.07874,
                "context-switches": 853,
                "cpu-migrations": 15,
                "page-faults": 155083,
                "cycles": 81612047636,
                "instructions": 65661880701,
                "branches": 14120511353,
                "branch-misses": 405370741,
                "max-rss": 1177988,
                "wall-time": 24.83,
                "size-text": 805325,
                "size-data": 31168,
                "size-bss": 12592,
                "size-total": 849085
            },
            "sqlite3": {
                "task-clock": 32821.51087,
                "context-switches": 187,
                "cpu-migrations": 2,
                "page-faults": 42206,
                "cycles": 110701278845,
                "instructions": 95193235310,
                "branches": 20400398133,
                "branch-misses": 563985400,
                "max-rss": 249996,
                "wall-time": 32.96,
                "size-text": 744376,
                "size-data": 3095,
                "size-bss": 704,
                "size-total": 748175
            },
            "consumer-typeset": {
                "task-clock": 20181.57701499999,
                "context-switches": 906,
                "cpu-migrations": 53,
                "page-faults": 270515,
                "cycles": 67809676139,
                "instructions": 61288234675,
                "branches": 12970033886,
                "branch-misses": 358118911,
                "max-rss": 2995828,
                "wall-time": 22.109999999999996,
                "size-text": 576090,
                "size-data": 3768,
                "size-bss": 65232,
                "size-total": 645090
            },
            "Bullet": {
                "task-clock": 49645.49080699999,
                "context-switches": 2923,
                "cpu-migrations": 126,
                "page-faults": 667314,
                "cycles": 167168334786,
                "instructions": 144280064934,
                "branches": 30308826959,
                "branch-misses": 780755007,
                "max-rss": 7422132,
                "wall-time": 54.28,
                "size-text": 910157,
                "size-data": 747360,
                "size-bss": 45424,
                "size-total": 1702941
            },
            "tramp3d-v4": {
                "task-clock": 49178.941135,
                "context-switches": 181,
                "cpu-migrations": 2,
                "page-faults": 93586,
                "cycles": 165137111186,
                "instructions": 143569495672,
                "branches": 31003776626,
                "branch-misses": 766729877,
                "max-rss": 359404,
                "wall-time": 49.279999999999994,
                "size-text": 912906,
                "size-data": 1856,
                "size-bss": 2048,
                "size-total": 916810
            },
            "mafft": {
                "task-clock": 19681.135596000004,
                "context-switches": 614,
                "cpu-migrations": 27,
                "page-faults": 161713,
                "cycles": 66194915727,
                "instructions": 63100784644,
                "branches": 13298076616,
                "branch-misses": 360802599,
                "max-rss": 1661604,
                "wall-time": 20.669999999999995,
                "size-text": 536425,
                "size-data": 8981,
                "size-bss": 132716880,
                "size-total": 133262286
            },
            "ClamAV": {
                "task-clock": 29216.746982999994,
                "context-switches": 1678,
                "cpu-migrations": 99,
                "page-faults": 458517,
                "cycles": 98122214265,
                "instructions": 89315139471,
                "branches": 18879048928,
                "branch-misses": 546830112,
                "max-rss": 5506572,
                "wall-time": 32.96999999999999,
                "size-text": 724886,
                "size-data": 58332,
                "size-bss": 4760,
                "size-total": 787978
            },
            "lencod": {
                "task-clock": 35300.578960000006,
                "context-switches": 1214,
                "cpu-migrations": 56,
                "page-faults": 307247,
                "cycles": 118791174097,
                "instructions": 120845471525,
                "branches": 25335408582,
                "branch-misses": 543262234,
                "max-rss": 3232408,
                "wall-time": 37.49,
                "size-text": 893987,
                "size-data": 14768,
                "size-bss": 108768,
                "size-total": 1017523
            },
            "SPASS": {
                "task-clock": 25192.690767,
                "context-switches": 1086,
                "cpu-migrations": 52,
                "page-faults": 247658,
                "cycles": 84827211243,
                "instructions": 74036920104,
                "branches": 15864323765,
                "branch-misses": 491015537,
                "max-rss": 2938964,
                "wall-time": 27.14,
                "size-text": 601946,
                "size-data": 880,
                "size-bss": 358728,
                "size-total": 961554
            },
            "7zip": {
                "task-clock": 78444.66189399998,
                "context-switches": 4888,
                "cpu-migrations": 232,
                "page-faults": 1134659,
                "cycles": 263925284355,
                "instructions": 220351826644,
                "branches": 46608913915,
                "branch-misses": 1362412283,
                "max-rss": 12853096,
                "wall-time": 86.51999999999998,
                "size-text": 1269831,
                "size-data": 5200,
                "size-bss": 29376,
                "size-total": 1304407
            },
            "geomean": {
                "task-clock": 33084.805475339046,
                "context-switches": 934.4512003711559,
                "cpu-migrations": 30.615939988453896,
                "page-faults": 242659.70273292216,
                "cycles": 111316351070.80357,
                "instructions": 98748844876.07948,
                "branches": 20978775277.275055,
                "branch-misses": 568308309.2478551,
                "max-rss": 2197778.6104721744,
                "wall-time": 35.18004917303849,
                "size-text": 773073.8158287274,
                "size-data": 10596.507668331473,
                "size-bss": 45609.31598464766,
                "size-total": 1560704.203083892
            }
        }
    }
}