{
    "config": 0,
    "clang_size": [],
    "data": {
        "ReleaseThinLTO": {
            "kimwitu++": {
                "task-clock": 42209.990879,
                "context-switches": 2162,
                "cpu-migrations": 119,
                "page-faults": 148637,
                "cycles": 128575507336,
                "instructions": 93667421205,
                "branches": 20346079770,
                "branch-misses": 579480587,
                "max-rss": 1209980,
                "wall-time": 38.870000000000005
            },
            "sqlite3": {
                "task-clock": 57961.406697,
                "context-switches": 3034,
                "cpu-migrations": 118,
                "page-faults": 62027,
                "cycles": 176332425447,
                "instructions": 141627465906,
                "branches": 30483900058,
                "branch-misses": 817422004,
                "max-rss": 316964,
                "wall-time": 69.66
            },
            "consumer-typeset": {
                "task-clock": 37576.069371000005,
                "context-switches": 2495,
                "cpu-migrations": 110,
                "page-faults": 186856,
                "cycles": 114376906983,
                "instructions": 92708154421,
                "branches": 19773311489,
                "branch-misses": 570285541,
                "max-rss": 2838000,
                "wall-time": 34.86999999999999
            },
            "Bullet": {
                "task-clock": 62188.22813999999,
                "context-switches": 5191,
                "cpu-migrations": 242,
                "page-faults": 496978,
                "cycles": 189365097490,
                "instructions": 139766200263,
                "branches": 29586341731,
                "branch-misses": 785975092,
                "max-rss": 7209996,
                "wall-time": 84.20999999999998
            },
            "tramp3d-v4": {
                "task-clock": 112245.835834,
                "context-switches": 3664,
                "cpu-migrations": 209,
                "page-faults": 127385,
                "cycles": 342033819102,
                "instructions": 289804058236,
                "branches": 63335657482,
                "branch-misses": 1367597205,
                "max-rss": 488756,
                "wall-time": 130.99
            },
            "mafft": {
                "task-clock": 21832.493143,
                "context-switches": 666,
                "cpu-migrations": 1,
                "page-faults": 110680,
                "cycles": 66467195051,
                "instructions": 58010588523,
                "branches": 12327998087,
                "branch-misses": 298325240,
                "max-rss": 1548180,
                "wall-time": 17.360000000000003
            },
            "ClamAV": {
                "task-clock": 52239.692227000036,
                "context-switches": 4278,
                "cpu-migrations": 248,
                "page-faults": 302925,
                "cycles": 158977409171,
                "instructions": 129085978651,
                "branches": 27577112245,
                "branch-misses": 813501296,
                "max-rss": 5219328,
                "wall-time": 56.059999999999974
            },
            "lencod": {
                "task-clock": 69350.53917100001,
                "context-switches": 4161,
                "cpu-migrations": 281,
                "page-faults": 230624,
                "cycles": 211128037619,
                "instructions": 194255320063,
                "branches": 40745517828,
                "branch-misses": 808552538,
                "max-rss": 3127540,
                "wall-time": 60.25
            },
            "SPASS": {
                "task-clock": 49405.197765000004,
                "context-switches": 3922,
                "cpu-migrations": 117,
                "page-faults": 174759,
                "cycles": 150149969349,
                "instructions": 117004323787,
                "branches": 25212121668,
                "branch-misses": 758765182,
                "max-rss": 2827352,
                "wall-time": 43.379999999999995
            },
            "7zip": {
                "task-clock": 146788.63779299997,
                "context-switches": 12815,
                "cpu-migrations": 393,
                "page-faults": 810838,
                "cycles": 445916575945,
                "instructions": 330358080660,
                "branches": 70750144730,
                "branch-misses": 2149583133,
                "max-rss": 12374696,
                "wall-time": 132.50000000000003
            },
            "geomean": {
                "task-clock": 57094.76387394829,
                "context-switches": 3363.7888253744927,
                "cpu-migrations": 109.61045281497736,
                "page-faults": 203111.85020851303,
                "cycles": 173758688672.10806,
                "instructions": 139550266913.66122,
                "branches": 29882905028.87747,
                "branch-misses": 788526457.0938678,
                "max-rss": 2254436.972909751,
                "wall-time": 56.82398747116478
            }
        },
        "ReleaseLTO-g": {
            "kimwitu++": {
                "task-clock": 45833.147622000004,
                "context-switches": 790,
                "cpu-migrations": 1,
                "page-faults": 205760,
                "cycles": 139426268864,
                "instructions": 97368929024,
                "branches": 21050003880,
                "branch-misses": 599531808,
                "max-rss": 1438292,
                "wall-time": 46.45999999999999
            },
            "sqlite3": {
                "task-clock": 62353.12042200001,
                "context-switches": 425,
                "cpu-migrations": 1,
                "page-faults": 108865,
                "cycles": 189900800034,
                "instructions": 151082066536,
                "branches": 32316214183,
                "branch-misses": 845571408,
                "max-rss": 497912,
                "wall-time": 62.519999999999996
            },
            "consumer-typeset": {
                "task-clock": 39042.88905300001,
                "context-switches": 936,
                "cpu-migrations": 1,
                "page-faults": 216661,
                "cycles": 119022203670,
                "instructions": 95255184372,
                "branches": 20198932838,
                "branch-misses": 545778985,
                "max-rss": 2967088,
                "wall-time": 40.99000000000001
            },
            "Bullet": {
                "task-clock": 69627.71848099997,
                "context-switches": 2803,
                "cpu-migrations": 1,
                "page-faults": 562215,
                "cycles": 211371780966,
                "instructions": 157174295208,
                "branches": 33168061188,
                "branch-misses": 857235389,
                "max-rss": 7534300,
                "wall-time": 73.99
            },
            "tramp3d-v4": {
                "task-clock": 113839.111794,
                "context-switches": 1072,
                "cpu-migrations": 1,
                "page-faults": 298695,
                "cycles": 347114912690,
                "instructions": 270301742404,
                "branches": 58459707131,
                "branch-misses": 1311482884,
                "max-rss": 1192304,
                "wall-time": 114.00999999999999
            },
            "mafft": {
                "task-clock": 22613.250311999996,
                "context-switches": 575,
                "cpu-migrations": 0,
                "page-faults": 126221,
                "cycles": 68788755477,
                "instructions": 68358570518,
                "branches": 14455558368,
                "branch-misses": 338162311,
                "max-rss": 1639872,
                "wall-time": 23.620000000000005
            },