{
    "config": 0,
    "clang_size": [],
    "data": {
        "ReleaseThinLTO": {
            "kimwitu++": {
                "task-clock": 41852.106833000005,
                "context-switches": 1666,
                "cpu-migrations": 18,
                "page-faults": 148744,
                "cycles": 126708538177,
                "instructions": 93247157031,
                "branches": 20234105111,
                "branch-misses": 583248188,
                "max-rss": 1213056,
                "wall-time": 37.4
            },
            "sqlite3": {
                "task-clock": 56673.053738999995,
                "context-switches": 2538,
                "cpu-migrations": 140,
                "page-faults": 61562,
                "cycles": 171105038104,
                "instructions": 139997806510,
                "branches": 30128613735,
                "branch-misses": 812190235,
                "max-rss": 315920,
                "wall-time": 69.48
            },
            "consumer-typeset": {
                "task-clock": 37335.125495,
                "context-switches": 2396,
                "cpu-migrations": 93,
                "page-faults": 189181,
                "cycles": 112707707225,
                "instructions": 91513966994,
                "branches": 19500617268,
                "branch-misses": 567021272,
                "max-rss": 2840596,
                "wall-time": 34.08
            },
            "Bullet": {
                "task-clock": 62072.783179000005,
                "context-switches": 5092,
                "cpu-migrations": 225,
                "page-faults": 497565,
                "cycles": 187559339839,
                "instructions": 139167494796,
                "branches": 29435310763,
                "branch-misses": 788528974,
                "max-rss": 7215316,
                "wall-time": 83.33000000000001
            },
            "tramp3d-v4": {
                "task-clock": 110024.624185,
                "context-switches": 3477,
                "cpu-migrations": 293,
                "page-faults": 127970,
                "cycles": 333016631318,
                "instructions": 286677841500,
                "branches": 62616930255,
                "branch-misses": 1358301735,
                "max-rss": 489104,
                "wall-time": 130.63
            },
            "mafft": {
                "task-clock": 21791.781843999997,
                "context-switches": 766,
                "cpu-migrations": 1,
                "page-faults": 110855,
                "cycles": 65594880211,
                "instructions": 57364458267,
                "branches": 12194175161,
                "branch-misses": 298334157,
                "max-rss": 1556216,
                "wall-time": 17.299999999999997
            },
            "ClamAV": {
                "task-clock": 51325.710856000005,
                "context-switches": 3805,
                "cpu-migrations": 215,
                "page-faults": 301449,
                "cycles": 154671031490,
                "instructions": 126274654834,
                "branches": 26987355535,
                "branch-misses": 806710896,
                "max-rss": 5224636,
                "wall-time": 54.64000000000003
            },
            "lencod": {
                "task-clock": 68066.04853199999,
                "context-switches": 4136,
                "cpu-migrations": 282,
                "page-faults": 229530,
                "cycles": 205976989212,
                "instructions": 190731073586,
                "branches": 40013821464,
                "branch-misses": 800780265,
                "max-rss": 3130432,
                "wall-time": 58.769999999999996
            },
            "SPASS": {
                "task-clock": 48961.412459,
                "context-switches": 4111,
                "cpu-migrations": 103,
                "page-faults": 175993,
                "cycles": 147353101650,
                "instructions": 115867126757,
                "branches": 24957361491,
                "branch-misses": 755011493,
                "max-rss": 2829320,
                "wall-time": 42.87
            },
            "7zip": {
                "task-clock": 144933.97156800004,
                "context-switches": 12523,
                "cpu-migrations": 335,
                "page-faults": 811776,
                "cycles": 437335764588,
                "instructions": 325814272764,
                "branches": 69781717230,
                "branch-misses": 2137885357,
                "max-rss": 12398004,
                "wall-time": 130.40999999999997
            },
            "geomean": {
                "task-clock": 56418.1063733581,
                "context-switches": 3196.3669630130253,
                "cpu-migrations": 89.32033079081151,
                "page-faults": 203344.6674740471,
                "cycles": 170329504061.8243,
                "instructions": 137895058392.5267,
                "branches": 29519806200.09178,
                "branch-misses": 785560551.6495037,
                "max-rss": 2256985.6839547968,
                "wall-time": 55.927475594795716
            }
        },
        "ReleaseLTO-g": {
            "kimwitu++": {
                "task-clock": 45280.984373,
                "context-switches": 1034,
                "cpu-migrations": 4,
                "page-faults": 206454,
                "cycles": 136759792105,
                "instructions": 96843959446,
                "branches": 20931518969,
                "branch-misses": 595775471,
                "max-rss": 1441136,
                "wall-time": 45.96
            },
            "sqlite3": {
                "task-clock": 61439.877910999996,
                "context-switches": 532,
                "cpu-migrations": 1,
                "page-faults": 110357,
                "cycles": 185814907162,
                "instructions": 149435210886,
                "branches": 31958680150,
                "branch-misses": 842362037,
                "max-rss": 504852,
                "wall-time": 61.6
            },
            "consumer-typeset": {
                "task-clock": 38670.327048,
                "context-switches": 898,
                "cpu-migrations": 2,
                "page-faults": 217032,
                "cycles": 116988637175,
                "instructions": 94126263373,
                "branches": 19949410404,
                "branch-misses": 543047237,
                "max-rss": 2976840,
                "wall-time": 40.51
            },
            "Bullet": {
                "task-clock": 69222.507675,
                "context-switches": 3103,
                "cpu-migrations": 1,
                "page-faults": 562855,
                "cycles": 209312323794,
                "instructions": 156483025188,
                "branches": 32997913959,
                "branch-misses": 860008044,
                "max-rss": 7537884,
                "wall-time": 73.55999999999999
            },
            "tramp3d-v4": {
                "task-clock": 112015.951166,
                "context-switches": 1085,
                "cpu-migrations": 2,
                "page-faults": 298163,
                "cycles": 338448677642,
                "instructions": 267620728895,
                "branches": 57871986021,
                "branch-misses": 1302494132,
                "max-rss": 1190296,
                "wall-time": 112.24000000000001
            },
            "mafft": {
                "task-clock": 22264.349116999998,
                "context-switches": 485,
                "cpu-migrations": 1,
                "page-faults": 126886,
                "cycles": 67353769958,
                "instructions": 67388400213,
                "branches": 14255505212,
                "branch-misses": 337496768,
                "max-rss": 1645272,
                "wall-time": 23.240000000000002
            },