{
    "config": 0,
    "clang_size": [],
    "data": {
        "ReleaseThinLTO": {
            "kimwitu++": {
                "task-clock": 42011.847551,
                "context-switches": 2150,
                "cpu-migrations": 97,
                "page-faults": 147190,
                "cycles": 126173191869,
                "instructions": 93169114949,
                "branches": 20221144287,
                "branch-misses": 577852691,
                "max-rss": 1205264,
                "wall-time": 38.709999999999994
            },
            "sqlite3": {
                "task-clock": 56759.688703,
                "context-switches": 2601,
                "cpu-migrations": 153,
                "page-faults": 61880,
                "cycles": 171000630478,
                "instructions": 140025579189,
                "branches": 30137742231,
                "branch-misses": 811384251,
                "max-rss": 315692,
                "wall-time": 69.76
            },
            "consumer-typeset": {
                "task-clock": 37196.62355500001,
                "context-switches": 2278,
                "cpu-migrations": 74,
                "page-faults": 189262,
                "cycles": 112079566168,
                "instructions": 91490922749,
                "branches": 19495674181,
                "branch-misses": 563256302,
                "max-rss": 2844264,
                "wall-time": 33.62999999999999
            },
            "Bullet": {
                "task-clock": 62289.887015999986,
                "context-switches": 5172,
                "cpu-migrations": 211,
                "page-faults": 497873,
                "cycles": 186964775988,
                "instructions": 139135315600,
                "branches": 29429233111,
                "branch-misses": 785190982,
                "max-rss": 7208088,
                "wall-time": 83.43999999999998
            },
            "tramp3d-v4": {
                "task-clock": 111437.36963100001,
                "context-switches": 2925,
                "cpu-migrations": 162,
                "page-faults": 127335,
                "cycles": 334958169380,
                "instructions": 286758244959,
                "branches": 62636591180,
                "branch-misses": 1361231679,
                "max-rss": 483260,
                "wall-time": 129.54
            },
            "mafft": {
                "task-clock": 21703.039612,
                "context-switches": 648,
                "cpu-migrations": 1,
                "page-faults": 110331,
                "cycles": 65354059241,
                "instructions": 57363745124,
                "branches": 12195580584,
                "branch-misses": 298030174,
                "max-rss": 1554308,
                "wall-time": 17.32
            },
            "ClamAV": {
                "task-clock": 51565.87035799999,
                "context-switches": 3978,
                "cpu-migrations": 183,
                "page-faults": 301575,
                "cycles": 155073553050,
                "instructions": 126279185591,
                "branches": 26993115053,
                "branch-misses": 808338937,
                "max-rss": 5225960,
                "wall-time": 54.73999999999999
            },
            "lencod": {
                "task-clock": 68355.269266,
                "context-switches": 4358,
                "cpu-migrations": 265,
                "page-faults": 230412,
                "cycles": 205831071429,
                "instructions": 190626155417,
                "branches": 39992237562,
                "branch-misses": 801338498,
                "max-rss": 3131948,
                "wall-time": 59.989999999999995
            },
            "SPASS": {
                "task-clock": 48982.365322,
                "context-switches": 3976,
                "cpu-migrations": 122,
                "page-faults": 176216,
                "cycles": 147223251960,
                "instructions": 115858148533,
                "branches": 24956494130,
                "branch-misses": 755494631,
                "max-rss": 2835280,
                "wall-time": 43.12
            },
            "7zip": {
                "task-clock": 146213.468231,
                "context-switches": 12629,
                "cpu-migrations": 329,
                "page-faults": 811591,
                "cycles": 439398841209,
                "instructions": 325893463598,
                "branches": 69800989358,
                "branch-misses": 2141964331,
                "max-rss": 12392776,
                "wall-time": 132.26
            },
            "geomean": {
                "task-clock": 56598.45480461775,
                "context-switches": 3188.7900542258894,
                "cpu-migrations": 96.9113190380988,
                "page-faults": 203167.3401412853,
                "cycles": 170231457054.68805,
                "instructions": 137878472677.4814,
                "branches": 29518467754.12582,
                "branch-misses": 784399030.781443,
                "max-rss": 2252993.2242530556,
                "wall-time": 56.2726478876459
            }
        },
        "ReleaseLTO-g": {
            "kimwitu++": {
                "task-clock": 45082.26373,
                "context-switches": 1079,
                "cpu-migrations": 1,
                "page-faults": 205947,
                "cycles": 136626744145,
                "instructions": 96697988558,
                "branches": 20898822249,
                "branch-misses": 598096468,
                "max-rss": 1440096,
                "wall-time": 45.709999999999994
            },
            "sqlite3": {
                "task-clock": 61443.154116,
                "context-switches": 2696,
                "cpu-migrations": 24,
                "page-faults": 110298,
                "cycles": 186769959083,
                "instructions": 149467144640,
                "branches": 31968451630,
                "branch-misses": 842433779,
                "max-rss": 504940,
                "wall-time": 70.50999999999999
            },
            "consumer-typeset": {
                "task-clock": 38280.88085000001,
                "context-switches": 862,
                "cpu-migrations": 1,
                "page-faults": 216920,
                "cycles": 116709718191,
                "instructions": 94121815971,
                "branches": 19950150446,
                "branch-misses": 542225381,
                "max-rss": 2974976,
                "wall-time": 40.10999999999999
            },
            "Bullet": {
                "task-clock": 69250.443935,
                "context-switches": 3559,
                "cpu-migrations": 2,
                "page-faults": 562923,
                "cycles": 209121406305,
                "instructions": 156409955733,
                "branches": 32987507715,
                "branch-misses": 858745647,
                "max-rss": 7536740,
                "wall-time": 73.61999999999998
            },
            "tramp3d-v4": {
                "task-clock": 112068.894533,
                "context-switches": 633,
                "cpu-migrations": 1,
                "page-faults": 298664,
                "cycles": 338992225412,
                "instructions": 267786729734,
                "branches": 57907851254,
                "branch-misses": 1305470475,
                "max-rss": 1191480,
                "wall-time": 112.24000000000001
            },
            "mafft": {
                "task-clock": 22019.504655000004,
                "context-switches": 633,
                "cpu-migrations": 0,
                "page-faults": 126427,
                "cycles": 67089837526,
                "instructions": 67368177926,
                "branches": 14253323062,
                "branch-misses": 337408301,
                "max-rss": 1644540,
                "wall-time": 23.03
            },