{
    "config": 0,
    "clang_size": [],
    "data": {
        "ReleaseThinLTO": {
            "kimwitu++": {
                "task-clock": 42270.895918,
                "context-switches": 2095,
                "cpu-migrations": 80,
                "page-faults": 148712,
                "cycles": 128152111287,
                "instructions": 93537679493,
                "branches": 20300000445,
                "branch-misses": 580861397,
                "max-rss": 1209612,
                "wall-time": 38.940000000000005
            },
            "sqlite3": {
                "task-clock": 57904.53944000001,
                "context-switches": 2803,
                "cpu-migrations": 139,
                "page-faults": 61649,
                "cycles": 175719223715,
                "instructions": 141778852064,
                "branches": 30499741487,
                "branch-misses": 816942702,
                "max-rss": 316068,
                "wall-time": 71.61
            },
            "consumer-typeset": {
                "task-clock": 37357.330708000016,
                "context-switches": 2475,
                "cpu-migrations": 113,
                "page-faults": 186880,
                "cycles": 113302189248,
                "instructions": 92630849266,
                "branches": 19749214855,
                "branch-misses": 567319874,
                "max-rss": 2837412,
                "wall-time": 34.25000000000001
            },
            "Bullet": {
                "task-clock": 62347.97045300001,
                "context-switches": 5330,
                "cpu-migrations": 229,
                "page-faults": 498425,
                "cycles": 188796584816,
                "instructions": 139713575570,
                "branches": 29554049944,
                "branch-misses": 786360519,
                "max-rss": 7218384,
                "wall-time": 83.82000000000001
            },
            "tramp3d-v4": {
                "task-clock": 112858.969328,
                "context-switches": 3225,
                "cpu-migrations": 224,
                "page-faults": 128377,
                "cycles": 342344898922,
                "instructions": 289453493274,
                "branches": 63204510193,
                "branch-misses": 1368468660,
                "max-rss": 483304,
                "wall-time": 132.74
            },
            "mafft": {
                "task-clock": 22012.81784999999,
                "context-switches": 944,
                "cpu-migrations": 12,
                "page-faults": 110817,
                "cycles": 66780029756,
                "instructions": 58032039191,
                "branches": 12331455729,
                "branch-misses": 301276647,
                "max-rss": 1554720,
                "wall-time": 17.77
            },
            "ClamAV": {
                "task-clock": 52274.697414,
                "context-switches": 4055,
                "cpu-migrations": 208,
                "page-faults": 302477,
                "cycles": 158795708899,
                "instructions": 129220407312,
                "branches": 27607795164,
                "branch-misses": 814751120,
                "max-rss": 5226352,
                "wall-time": 54.95000000000002
            },
            "lencod": {
                "task-clock": 69469.569586,
                "context-switches": 4235,
                "cpu-migrations": 225,
                "page-faults": 230126,
                "cycles": 210777076778,
                "instructions": 194249306823,
                "branches": 40728437174,
                "branch-misses": 805595858,
                "max-rss": 3118596,
                "wall-time": 59.900000000000006
            },
            "SPASS": {
                "task-clock": 48917.178552000005,
                "context-switches": 3791,
                "cpu-migrations": 110,
                "page-faults": 175913,
                "cycles": 148496260461,
                "instructions": 116929986180,
                "branches": 25181704627,
                "branch-misses": 756343911,
                "max-rss": 2832784,
                "wall-time": 42.75
            },
            "7zip": {
                "task-clock": 146955.10995800002,
                "context-switches": 12336,
                "cpu-migrations": 301,
                "page-faults": 811500,
                "cycles": 444684411872,
                "instructions": 330481125296,
                "branches": 70755982247,
                "branch-misses": 2150921538,
                "max-rss": 12388124,
                "wall-time": 132.39999999999998
            },
            "geomean": {
                "task-clock": 57120.18652704504,
                "context-switches": 3370.841770212021,
                "cpu-migrations": 128.19329222965914,
                "page-faults": 203318.6797829309,
                "cycles": 173233448515.70496,
                "instructions": 139527626640.8784,
                "branches": 29864133759.67668,
                "branch-misses": 788751178.2414668,
                "max-rss": 2252702.469499088,
                "wall-time": 56.83666301371516
            }
        },
        "ReleaseLTO-g": {
            "kimwitu++": {
                "task-clock": 45564.07252999999,
                "context-switches": 1100,
                "cpu-migrations": 1,
                "page-faults": 206116,
                "cycles": 138353907684,
                "instructions": 97308554284,
                "branches": 21027351215,
                "branch-misses": 598506538,
                "max-rss": 1438232,
                "wall-time": 46.19
            },
            "sqlite3": {
                "task-clock": 62545.973962000004,
                "context-switches": 658,
                "cpu-migrations": 1,
                "page-faults": 110359,
                "cycles": 190356421032,
                "instructions": 151643769354,
                "branches": 32422397817,
                "branch-misses": 848403350,
                "max-rss": 504204,
                "wall-time": 62.709999999999994
            },
            "consumer-typeset": {
                "task-clock": 39213.064054999995,
                "context-switches": 811,
                "cpu-migrations": 1,
                "page-faults": 217117,
                "cycles": 119230013623,
                "instructions": 95362933502,
                "branches": 20216483469,
                "branch-misses": 546805172,
                "max-rss": 2975168,
                "wall-time": 41.10000000000001
            },
            "Bullet": {
                "task-clock": 69459.940795,
                "context-switches": 3569,
                "cpu-migrations": 1,
                "page-faults": 563034,
                "cycles": 210833934771,
                "instructions": 157282538270,
                "branches": 33173077915,
                "branch-misses": 858417410,
                "max-rss": 7534228,
                "wall-time": 73.93
            },
            "tramp3d-v4": {
                "task-clock": 113635.733146,
                "context-switches": 498,
                "cpu-migrations": 1,
                "page-faults": 298615,
                "cycles": 345140766895,
                "instructions": 269908800145,
                "branches": 58341722805,
                "branch-misses": 1313042145,
                "max-rss": 1191444,
                "wall-time": 113.78
            },
            "mafft": {
                "task-clock": 22427.231689999997,
                "context-switches": 637,
                "cpu-migrations": 0,
                "page-faults": 126469,
                "cycles": 68226093208,
                "instructions": 68435018695,
                "branches": 14471351729,
                "branch-misses": 339342446,
                "max-rss": 1643288,
                "wall-time": 23.390000000000004
            },