{
    "config": 0,
    "clang_size": {
        "size-text": 68525636,
        "size-data": 2842408,
        "size-bss": 290408,
        "size-total": 71658452
    },
    "data": {
        "ReleaseThinLTO": {
            "kimwitu++": {
                "task-clock": 31636.073071,
                "context-switches": 1601,
                "cpu-migrations": 46,
                "page-faults": 142551,
                "cycles": 106517767371,
                "instructions": 91933949757,
                "branches": 20000268560,
                "branch-misses": 507608481,
                "max-rss": 1167508,
                "wall-time": 28.999999999999996,
                "size-text": 786980,
                "size-data": 25960,
                "size-bss": 12560,
                "size-total": 825500
            },
            "sqlite3": {
                "task-clock": 46916.403227999996,
                "context-switches": 2304,
                "cpu-migrations": 131,
                "page-faults": 60027,
                "cycles": 157993994930,
                "instructions": 144270976896,
                "branches": 31060375756,
                "branch-misses": 766100530,
                "max-rss": 309712,
                "wall-time": 56.980000000000004,
                "size-text": 780826,
                "size-data": 3095,
                "size-bss": 624,
                "size-total": 784545
            },
            "consumer-typeset": {
                "task-clock": 29662.653761000012,
                "context-switches": 2110,
                "cpu-migrations": 148,
                "page-faults": 183098,
                "cycles": 99865783435,
                "instructions": 93213330246,
                "branches": 19875564791,
                "branch-misses": 525427129,
                "max-rss": 2736332,
                "wall-time": 27.789999999999996,
                "size-text": 667954,
                "size-data": 3768,
                "size-bss": 65200,
                "size-total": 736922
            },
            "Bullet": {
                "task-clock": 47308.888714999994,
                "context-switches": 4325,
                "cpu-migrations": 209,
                "page-faults": 484055,
                "cycles": 159108612636,
                "instructions": 140337286645,
                "branches": 29768489031,
                "branch-misses": 700174540,
                "max-rss": 6964212,
                "wall-time": 66.27000000000001,
                "size-text": 394152,
                "size-data": 403696,
                "size-bss": 43328,
                "size-total": 841176
            },
            "tramp3d-v4": {
                "task-clock": 91074.994844,
                "context-switches": 2415,
                "cpu-migrations": 105,
                "page-faults": 125138,
                "cycles": 306707964790,
                "instructions": 296328428199,
                "branches": 64849077062,
                "branch-misses": 1271520572,
                "max-rss": 479132,
                "wall-time": 106.03999999999999,
                "size-text": 885402,
                "size-data": 1800,
                "size-bss": 1848,
                "size-total": 889050
            },
            "mafft": {
                "task-clock": 17713.231142000008,
                "context-switches": 607,
                "cpu-migrations": 0,
                "page-faults": 107025,
                "cycles": 59671264205,
                "instructions": 59825680707,
                "branches": 12709176335,
                "branch-misses": 287155159,
                "max-rss": 1502024,
                "wall-time": 14.259999999999998,
                "size-text": 275609,
                "size-data": 3052,
                "size-bss": 14911040,
                "size-total": 15189701
            },
            "ClamAV": {
                "task-clock": 41296.084663,
                "context-switches": 3406,
                "cpu-migrations": 151,
                "page-faults": 294014,
                "cycles": 138950096412,
                "instructions": 130062898844,
                "branches": 27770157593,
                "branch-misses": 760856145,
                "max-rss": 5047544,
                "wall-time": 44.76000000000001,
                "size-text": 773613,
                "size-data": 52872,
                "size-bss": 4752,
                "size-total": 831237
            },
            "lencod": {
                "task-clock": 57479.288444,
                "context-switches": 3651,
                "cpu-migrations": 156,
                "page-faults": 227574,
                "cycles": 193537297694,
                "instructions": 202167544901,
                "branches": 42396582686,
                "branch-misses": 767076136,
                "max-rss": 3029912,
                "wall-time": 50.53,
                "size-text": 957979,
                "size-data": 2144,
                "size-bss": 106176,
                "size-total": 1066299
            },
            "SPASS": {
                "task-clock": 38009.340786,
                "context-switches": 3088,
                "cpu-migrations": 90,
                "page-faults": 171124,
                "cycles": 127847484648,
                "instructions": 116627228277,
                "branches": 25177744249,
                "branch-misses": 696437021,
                "max-rss": 2735464,
                "wall-time": 33.69,
                "size-text": 608440,
                "size-data": 872,
                "size-bss": 346536,
                "size-total": 955848
            },
            "7zip": {
                "task-clock": 111522.696982,
                "context-switches": 10194,
                "cpu-migrations": 214,
                "page-faults": 793663,
                "cycles": 375002484568,
                "instructions": 329442354140,
                "branches": 70605114647,
                "branch-misses": 1937776699,
                "max-rss": 11980100,
                "wall-time": 101.36999999999998,
                "size-text": 1433841,
                "size-data": 4160,
                "size-bss": 29280,
                "size-total": 1467281
            },
            "geomean": {
                "task-clock": 44967.94940260292,
                "context-switches": 2682.8269463024344,
                "cpu-migrations": 0,
                "page-faults": 197934.15324848922,
                "cycles": 151356584499.59616,
                "instructions": 141007145547.10092,
                "branches": 30214138695.83671,
                "branch-misses": 726825248.9130632,
                "max-rss": 2185441.720094238,
                "wall-time": 45.193554878515336,
                "size-text": 692940.6905911259,
                "size-data": 6984.009238215472,
                "size-bss": 35437.433332268796,
                "size-total": 1210214.8400807409
            }
        },
        "O3": {
            "kimwitu++": {
                "task-clock": 24513.729163,
                "context-switches": 830,
                "cpu-migrations": 1,
                "page-faults": 140141,
                "cycles": 82525519748,
                "instructions": 66588035120,
                "branches": 14431438439,
                "branch-misses": 411674904,
                "max-rss": 1202584,
                "wall-time": 25.12,
                "size-text": 805309,
                "size-data": 31168,
                "size-bss": 12592,
                "size-total": 849069
            },
            "sqlite3": {
                "task-clock": 32858.470513,
                "context-switches": 138,
                "cpu-migrations": 1,
                "page-faults": 39322,
                "cycles": 110729486604,
                "instructions": 96316438723,
                "branches": 20601577170,
                "branch-misses": 560088217,
                "max-rss": 250544,