{
    "config": 0,
    "clang_size": [],
    "data": {
        "ReleaseThinLTO": {
            "kimwitu++": {
                "task-clock": 42199.497849,
                "context-switches": 2205,
                "cpu-migrations": 93,
                "page-faults": 148660,
                "cycles": 128681359950,
                "instructions": 93917931626,
                "branches": 20405175425,
                "branch-misses": 575990522,
                "max-rss": 1207668,
                "wall-time": 38.43
            },
            "sqlite3": {
                "task-clock": 58196.682689,
                "context-switches": 2772,
                "cpu-migrations": 180,
                "page-faults": 61951,
                "cycles": 177197429326,
                "instructions": 142311590177,
                "branches": 30644242144,
                "branch-misses": 813113995,
                "max-rss": 317264,
                "wall-time": 71.41
            },
            "consumer-typeset": {
                "task-clock": 37635.761605999985,
                "context-switches": 2533,
                "cpu-migrations": 116,
                "page-faults": 188394,
                "cycles": 114576546322,
                "instructions": 92885819358,
                "branches": 19817398936,
                "branch-misses": 566966540,
                "max-rss": 2836496,
                "wall-time": 34.48999999999999
            },
            "Bullet": {
                "task-clock": 62411.084177,
                "context-switches": 5205,
                "cpu-migrations": 243,
                "page-faults": 497161,
                "cycles": 189478624427,
                "instructions": 139823545892,
                "branches": 29601390489,
                "branch-misses": 785770491,
                "max-rss": 7201432,
                "wall-time": 84.49000000000001
            },
            "tramp3d-v4": {
                "task-clock": 112591.50062099998,
                "context-switches": 3292,
                "cpu-migrations": 203,
                "page-faults": 128737,
                "cycles": 343782587510,
                "instructions": 291217060391,
                "branches": 63651527304,
                "branch-misses": 1362814106,
                "max-rss": 486516,
                "wall-time": 131.79
            },
            "mafft": {
                "task-clock": 21988.209122,
                "context-switches": 765,
                "cpu-migrations": 5,
                "page-faults": 111759,
                "cycles": 66960273289,
                "instructions": 58271286159,
                "branches": 12387279417,
                "branch-misses": 299527120,
                "max-rss": 1549492,
                "wall-time": 17.65
            },
            "ClamAV": {
                "task-clock": 52206.75698299998,
                "context-switches": 4145,
                "cpu-migrations": 258,
                "page-faults": 300784,
                "cycles": 159115371290,
                "instructions": 129359986191,
                "branches": 27638369888,
                "branch-misses": 812647660,
                "max-rss": 5212572,
                "wall-time": 55.269999999999975
            },
            "lencod": {
                "task-clock": 69226.758823,
                "context-switches": 4260,
                "cpu-migrations": 231,
                "page-faults": 230595,
                "cycles": 211216000428,
                "instructions": 194405392371,
                "branches": 40781997435,
                "branch-misses": 805454587,
                "max-rss": 3120256,
                "wall-time": 60.25000000000001
            },
            "SPASS": {
                "task-clock": 49235.434599,
                "context-switches": 3882,
                "cpu-migrations": 93,
                "page-faults": 174732,
                "cycles": 150013091206,
                "instructions": 117484403378,
                "branches": 25323205106,
                "branch-misses": 757459246,
                "max-rss": 2824856,
                "wall-time": 42.97
            },
            "7zip": {
                "task-clock": 146923.78435900004,
                "context-switches": 12687,
                "cpu-migrations": 363,
                "page-faults": 810408,
                "cycles": 446300114852,
                "instructions": 330630196834,
                "branches": 70809566711,
                "branch-misses": 2148883516,
                "max-rss": 12379320,
                "wall-time": 132.29
            },
            "geomean": {
                "task-clock": 57175.95156203677,
                "context-switches": 3347.1313922282284,
                "cpu-migrations": 125.42690382954456,
                "page-faults": 203515.42188103538,
                "cycles": 174137586640.2388,
                "instructions": 139927183806.7116,
                "branches": 29969702181.031902,
                "branch-misses": 786648680.0024619,
                "max-rss": 2252055.6896076365,
                "wall-time": 56.84200618884886
            }
        },
        "ReleaseLTO-g": {
            "kimwitu++": {
                "task-clock": 45945.205154,
                "context-switches": 1116,
                "cpu-migrations": 1,
                "page-faults": 205929,
                "cycles": 139872953872,
                "instructions": 97571975240,
                "branches": 21107014079,
                "branch-misses": 596326061,
                "max-rss": 1440788,
                "wall-time": 46.60000000000001
            },
            "sqlite3": {
                "task-clock": 63465.839972,
                "context-switches": 615,
                "cpu-migrations": 1,
                "page-faults": 110116,
                "cycles": 193524149789,
                "instructions": 151742569429,
                "branches": 32475678502,
                "branch-misses": 846811273,
                "max-rss": 503508,
                "wall-time": 63.64
            },
            "consumer-typeset": {
                "task-clock": 39147.284209000034,
                "context-switches": 792,
                "cpu-migrations": 1,
                "page-faults": 216622,
                "cycles": 119642900741,
                "instructions": 95514378643,
                "branches": 20262701089,
                "branch-misses": 543859585,
                "max-rss": 2972572,
                "wall-time": 40.92999999999999
            },
            "Bullet": {
                "task-clock": 69604.07341900001,
                "context-switches": 3493,
                "cpu-migrations": 1,
                "page-faults": 561915,
                "cycles": 211726990958,
                "instructions": 157272612609,
                "branches": 33198364854,
                "branch-misses": 855215427,
                "max-rss": 7532000,
                "wall-time": 74.11999999999999
            },
            "tramp3d-v4": {
                "task-clock": 115643.400144,
                "context-switches": 628,
                "cpu-migrations": 1,
                "page-faults": 298463,
                "cycles": 353325153696,
                "instructions": 270859848119,
                "branches": 58617994347,
                "branch-misses": 1308253862,
                "max-rss": 1190544,
                "wall-time": 115.82
            },
            "mafft": {
                "task-clock": 22547.731424,
                "context-switches": 615,
                "cpu-migrations": 0,
                "page-faults": 126032,
                "cycles": 68669113485,
                "instructions": 68606509414,
                "branches": 14511109427,
                "branch-misses": 338171832,
                "max-rss": 1643052,
                "wall-time": 23.54
            },
            "ClamAV": {
                "task-clock": 60120.77279199999,