{
    "config": 0,
    "clang_size": [],
    "data": {
        "ReleaseThinLTO": {
            "kimwitu++": {
                "task-clock": 42205.002467000006,
                "context-switches": 1964,
                "cpu-migrations": 97,
                "page-faults": 148522,
                "cycles": 127545764324,
                "instructions": 93839490283,
                "branches": 20389504165,
                "branch-misses": 581891352,
                "max-rss": 1209920,
                "wall-time": 38.72
            },
            "sqlite3": {
                "task-clock": 57113.077263,
                "context-switches": 3695,
                "cpu-migrations": 105,
                "page-faults": 62005,
                "cycles": 173341218847,
                "instructions": 142476270018,
                "branches": 30679925252,
                "branch-misses": 811181855,
                "max-rss": 317292,
                "wall-time": 69.47999999999999
            },
            "consumer-typeset": {
                "task-clock": 37431.79745399997,
                "context-switches": 2621,
                "cpu-migrations": 160,
                "page-faults": 188613,
                "cycles": 113632429787,
                "instructions": 92871138187,
                "branches": 19813790522,
                "branch-misses": 564351685,
                "max-rss": 2825572,
                "wall-time": 34.74
            },
            "Bullet": {
                "task-clock": 62446.81440599999,
                "context-switches": 5481,
                "cpu-migrations": 289,
                "page-faults": 497438,
                "cycles": 188086467439,
                "instructions": 139840573792,
                "branches": 29605601651,
                "branch-misses": 787027541,
                "max-rss": 7204144,
                "wall-time": 84.91000000000003
            },
            "tramp3d-v4": {
                "task-clock": 111647.40255600002,
                "context-switches": 3915,
                "cpu-migrations": 197,
                "page-faults": 134788,
                "cycles": 337731722301,
                "instructions": 291191902916,
                "branches": 63647438387,
                "branch-misses": 1364507227,
                "max-rss": 488456,
                "wall-time": 130.53
            },
            "mafft": {
                "task-clock": 21760.538344,
                "context-switches": 649,
                "cpu-migrations": 0,
                "page-faults": 111455,
                "cycles": 66122732423,
                "instructions": 58297912303,
                "branches": 12394364636,
                "branch-misses": 298496416,
                "max-rss": 1552456,
                "wall-time": 17.299999999999997
            },
            "ClamAV": {
                "task-clock": 52213.80880299999,
                "context-switches": 4074,
                "cpu-migrations": 208,
                "page-faults": 302847,
                "cycles": 158236026701,
                "instructions": 129382440825,
                "branches": 27643971172,
                "branch-misses": 814245639,
                "max-rss": 5211156,
                "wall-time": 55.54
            },
            "lencod": {
                "task-clock": 69132.91117800001,
                "context-switches": 4024,
                "cpu-migrations": 222,
                "page-faults": 229331,
                "cycles": 209210240155,
                "instructions": 194385188912,
                "branches": 40776971130,
                "branch-misses": 807591644,
                "max-rss": 3125996,
                "wall-time": 60.290000000000006
            },
            "SPASS": {
                "task-clock": 49195.314824,
                "context-switches": 4244,
                "cpu-migrations": 112,
                "page-faults": 174788,
                "cycles": 149300798468,
                "instructions": 117533869371,
                "branches": 25335613125,
                "branch-misses": 757615417,
                "max-rss": 2823180,
                "wall-time": 43.16
            },
            "7zip": {
                "task-clock": 146334.927818,
                "context-switches": 12524,
                "cpu-migrations": 284,
                "page-faults": 810565,
                "cycles": 441389007041,
                "instructions": 330664936039,
                "branches": 70822510941,
                "branch-misses": 2149101065,
                "max-rss": 12380480,
                "wall-time": 131.17
            },
            "geomean": {
                "task-clock": 56899.84302128003,
                "context-switches": 3438.156682551916,
                "cpu-migrations": 0,
                "page-faults": 204468.51217288134,
                "cycles": 172271022982.81488,
                "instructions": 139944686277.01855,
                "branches": 29974543330.68195,
                "branch-misses": 787239315.19113,
                "max-rss": 2253278.0360184186,
                "wall-time": 56.638368770262915
            }
        },
        "ReleaseLTO-g": {
            "kimwitu++": {
                "task-clock": 45439.16610499999,
                "context-switches": 731,
                "cpu-migrations": 1,
                "page-faults": 205822,
                "cycles": 138435869130,
                "instructions": 97405333234,
                "branches": 21073959408,
                "branch-misses": 599339157,
                "max-rss": 1437172,
                "wall-time": 46.01
            },
            "sqlite3": {
                "task-clock": 61637.14396,
                "context-switches": 724,
                "cpu-migrations": 1,
                "page-faults": 110154,
                "cycles": 188994832564,
                "instructions": 151712749233,
                "branches": 32464034097,
                "branch-misses": 846052331,
                "max-rss": 503548,
                "wall-time": 61.81
            },
            "consumer-typeset": {
                "task-clock": 38696.44282499999,
                "context-switches": 725,
                "cpu-migrations": 2,
                "page-faults": 216738,
                "cycles": 118608226773,
                "instructions": 95483374694,
                "branches": 20254837307,
                "branch-misses": 544799804,
                "max-rss": 2970436,
                "wall-time": 40.539999999999985
            },
            "Bullet": {
                "task-clock": 69231.95441000002,
                "context-switches": 2208,
                "cpu-migrations": 1,
                "page-faults": 562448,
                "cycles": 210714858672,
                "instructions": 157316911528,
                "branches": 33209256928,
                "branch-misses": 857439200,
                "max-rss": 7527808,
                "wall-time": 73.61999999999999
            },
            "tramp3d-v4": {
                "task-clock": 112336.976795,
                "context-switches": 1378,
                "cpu-migrations": 1,
                "page-faults": 298720,
                "cycles": 342887247598,
                "instructions": 271063592411,
                "branches": 58664308820,
                "branch-misses": 1309247633,
                "max-rss": 1192272,
                "wall-time": 112.53
            },
            "mafft": {
                "task-clock": 22308.766513000006,
                "context-switches": 593,
                "cpu-migrations": 0,
                "page-faults": 125823,
                "cycles": 68217494793,
                "instructions": 68605181914,
                "branches": 14510756779,
                "branch-misses": 338189124,
                "max-rss": 1641708,
                "wall-time": 23.240000000000002
            },
            "ClamAV": {
                "task-clock": 59112.217453000005,