{
    "config": 0,
    "clang_size": [],
    "data": {
        "ReleaseThinLTO": {
            "kimwitu++": {
                "task-clock": 42105.86844200001,
                "context-switches": 2145,
                "cpu-migrations": 75,
                "page-faults": 147116,
                "cycles": 128600647151,
                "instructions": 93719173001,
                "branches": 20356553551,
                "branch-misses": 578550034,
                "max-rss": 1202060,
                "wall-time": 38.65
            },
            "sqlite3": {
                "task-clock": 57766.780621,
                "context-switches": 2306,
                "cpu-migrations": 134,
                "page-faults": 62220,
                "cycles": 176094677086,
                "instructions": 141607874895,
                "branches": 30483912322,
                "branch-misses": 812086887,
                "max-rss": 318280,
                "wall-time": 70.72
            },
            "consumer-typeset": {
                "task-clock": 37395.13000200002,
                "context-switches": 2411,
                "cpu-migrations": 108,
                "page-faults": 189270,
                "cycles": 113983376626,
                "instructions": 92573179605,
                "branches": 19747741299,
                "branch-misses": 565655011,
                "max-rss": 2833708,
                "wall-time": 33.760000000000005
            },
            "Bullet": {
                "task-clock": 62227.70977099998,
                "context-switches": 5364,
                "cpu-migrations": 245,
                "page-faults": 496629,
                "cycles": 189664569112,
                "instructions": 139695952268,
                "branches": 29570898802,
                "branch-misses": 782513691,
                "max-rss": 7196732,
                "wall-time": 84.50999999999999
            },
            "tramp3d-v4": {
                "task-clock": 112166.200568,
                "context-switches": 3140,
                "cpu-migrations": 196,
                "page-faults": 127981,
                "cycles": 342537520624,
                "instructions": 289713323762,
                "branches": 63315675850,
                "branch-misses": 1364499457,
                "max-rss": 485004,
                "wall-time": 131.15
            },
            "mafft": {
                "task-clock": 21740.885032000006,
                "context-switches": 773,
                "cpu-migrations": 2,
                "page-faults": 110871,
                "cycles": 66357091951,
                "instructions": 57991899911,
                "branches": 12323960691,
                "branch-misses": 297745603,
                "max-rss": 1552824,
                "wall-time": 17.32
            },
            "ClamAV": {
                "task-clock": 52131.899502999986,
                "context-switches": 4164,
                "cpu-migrations": 322,
                "page-faults": 302618,
                "cycles": 158708728691,
                "instructions": 129001848921,
                "branches": 27568024319,
                "branch-misses": 812401786,
                "max-rss": 5214964,
                "wall-time": 55.86000000000001
            },
            "lencod": {
                "task-clock": 69094.34998500001,
                "context-switches": 4238,
                "cpu-migrations": 211,
                "page-faults": 230399,
                "cycles": 210702307447,
                "instructions": 194164612620,
                "branches": 40721312383,
                "branch-misses": 802691328,
                "max-rss": 3123172,
                "wall-time": 59.769999999999996
            },
            "SPASS": {
                "task-clock": 49048.813872,
                "context-switches": 3801,
                "cpu-migrations": 82,
                "page-faults": 175508,
                "cycles": 149317175739,
                "instructions": 117022803735,
                "branches": 25215172184,
                "branch-misses": 756196103,
                "max-rss": 2830576,
                "wall-time": 43.029999999999994
            },
            "7zip": {
                "task-clock": 146444.49148800003,
                "context-switches": 12262,
                "cpu-migrations": 351,
                "page-faults": 809818,
                "cycles": 446245631728,
                "instructions": 330372477884,
                "branches": 70757156088,
                "branch-misses": 2138498926,
                "max-rss": 12371256,
                "wall-time": 131.76
            },
            "geomean": {
                "task-clock": 56922.06569668174,
                "context-switches": 3240.5688838659216,
                "cpu-migrations": 107.38166322978655,
                "page-faults": 203363.35245982945,
                "cycles": 173554806369.80063,
                "instructions": 139507033444.06464,
                "branches": 29874993386.88958,
                "branch-misses": 785211884.2629611,
                "max-rss": 2251764.3069759584,
                "wall-time": 56.56473530686783
            }
        },
        "ReleaseLTO-g": {
            "kimwitu++": {
                "task-clock": 45776.569319999995,
                "context-switches": 1096,
                "cpu-migrations": 1,
                "page-faults": 206166,
                "cycles": 139326589734,
                "instructions": 97269207930,
                "branches": 21032006885,
                "branch-misses": 597300154,
                "max-rss": 1441096,
                "wall-time": 46.38000000000001
            },
            "sqlite3": {
                "task-clock": 62636.21771700001,
                "context-switches": 574,
                "cpu-migrations": 2,
                "page-faults": 110140,
                "cycles": 190925412939,
                "instructions": 151036898636,
                "branches": 32308158648,
                "branch-misses": 844198627,
                "max-rss": 504040,
                "wall-time": 62.84
            },
            "consumer-typeset": {
                "task-clock": 39121.075127000004,
                "context-switches": 813,
                "cpu-migrations": 3,
                "page-faults": 216854,
                "cycles": 119165875179,
                "instructions": 95258208724,
                "branches": 20205614686,
                "branch-misses": 543949917,
                "max-rss": 2966752,
                "wall-time": 40.97
            },
            "Bullet": {
                "task-clock": 69508.307707,
                "context-switches": 3634,
                "cpu-migrations": 3,
                "page-faults": 562523,
                "cycles": 211983165624,
                "instructions": 157175924862,
                "branches": 33168621740,
                "branch-misses": 853617554,
                "max-rss": 7526988,
                "wall-time": 74.02
            },
            "tramp3d-v4": {
                "task-clock": 114315.546688,
                "context-switches": 464,
                "cpu-migrations": 1,
                "page-faults": 298203,
                "cycles": 348313711444,
                "instructions": 270096389146,
                "branches": 58421196996,
                "branch-misses": 1308083108,
                "max-rss": 1189792,
                "wall-time": 114.44999999999999
            },
            "mafft": {
                "task-clock": 22604.990933000005,
                "context-switches": 598,
                "cpu-migrations": 0,
                "page-faults": 126028,
                "cycles": 68729679636,
                "instructions": 68367016654,
                "branches": 14456724883,
                "branch-misses": 337878959,
                "max-rss": 1642420,
                "wall-time": 23.580000000000002
            },