{
    "config": 1,
    "clang_size": {
        "size-text": 79770557,
        "size-data": 3269112,
        "size-bss": 319505,
        "size-total": 83359174
    },
    "data": {
        "O3": {
            "lencod": {
                "instructions": 106333071219.5,
                "instructions:u": 104814201823,
                "cycles": 64815331789.5,
                "task-clock": 18016.8,
                "branches": 20852481129,
                "branch-misses": 422344446,
                "max-rss": 3668122,
                "wall-time": 18.119999999999994,
                "size-file": 970560,
                "size-text": 892768,
                "size-data": 14768,
                "size-bss": 108672,
                "size-total": 1016208
            },
            "Bullet": {
                "instructions": 134591346995.5,
                "instructions:u": 131131197888.5,
                "cycles": 94513017158,
                "task-clock": 26270.849999999988,
                "branches": 26825199531,
                "branch-misses": 635987699.5,
                "max-rss": 8475718,
                "wall-time": 26.484999999999992,
                "size-file": 1908936,
                "size-text": 912216,
                "size-data": 747360,
                "size-bss": 45424,
                "size-total": 1705000
            },
            "mafft": {
                "instructions": 55279281986,
                "instructions:u": 54519135640,
                "cycles": 36073995528.5,
                "task-clock": 10027.294999999998,
                "branches": 10938910965,
                "branch-misses": 277152832,
                "max-rss": 1867920,
                "wall-time": 10.06,
                "size-file": 606600,
                "size-text": 541779,
                "size-data": 8965,
                "size-bss": 132716800,
                "size-total": 133267544
            },
            "tramp3d-v4": {
                "instructions": 120330437416.5,
                "instructions:u": 119947571386.5,
                "cycles": 82908613393,
                "task-clock": 23045.204999999998,
                "branches": 24304442125.5,
                "branch-misses": 541225160,
                "max-rss": 374980,
                "wall-time": 23.064999999999998,
                "size-file": 1233336,
                "size-text": 884918,
                "size-data": 1848,
                "size-bss": 2048,
                "size-total": 888814
            },
            "ClamAV": {
                "instructions": 76796615307.5,
                "instructions:u": 74465729626.5,
                "cycles": 51677062374.5,
                "task-clock": 14365.469999999996,
                "branches": 15372343083.5,
                "branch-misses": 422598939.5,
                "max-rss": 6252310,
                "wall-time": 14.535,
                "size-file": 834840,
                "size-text": 728938,
                "size-data": 58292,
                "size-bss": 4768,
                "size-total": 791998
            },
            "kimwitu++": {
                "instructions": 62044339362.5,
                "instructions:u": 61309071093.5,
                "cycles": 45554742361,
                "task-clock": 12661.725,
                "branches": 12591202414,
                "branch-misses": 314833089.5,
                "max-rss": 1301724,
                "wall-time": 12.68,
                "size-file": 1264232,
                "size-text": 813364,
                "size-data": 31152,
                "size-bss": 12624,
                "size-total": 857140
            },
            "sqlite3": {
                "instructions": 73097059781.5,
                "instructions:u": 72920237896,
                "cycles": 50459840222,
                "task-clock": 14025.324999999999,
                "branches": 14655442915.5,
                "branch-misses": 394073948.5,
                "max-rss": 248504,
                "wall-time": 14.020000000000001,
                "size-file": 754248,
                "size-text": 712458,
                "size-data": 3095,
                "size-bss": 696,
                "size-total": 716249
            },
            "SPASS": {
                "instructions": 64976896443,
                "instructions:u": 63726814661,
                "cycles": 45617612345.5,
                "task-clock": 12680.56,
                "branches": 13121510079,
                "branch-misses": 374380854.5,
                "max-rss": 3342040,
                "wall-time": 12.775000000000004,
                "size-file": 686408,
                "size-text": 617153,
                "size-data": 880,
                "size-bss": 358760,
                "size-total": 976793
            },
            "7zip": {
                "instructions": 198405635431.5,
                "instructions:u": 192231290664,
                "cycles": 144298686668,
                "task-clock": 40109.90500000001,
                "branches": 39915895321,
                "branch-misses": 1083419093,
                "max-rss": 14581434,
                "wall-time": 40.51499999999999,
                "size-file": 1597400,
                "size-text": 1262350,
                "size-data": 5184,
                "size-bss": 29376,
                "size-total": 1296910
            },
            "consumer-typeset": {
                "instructions": 53163020948.5,
                "instructions:u": 51886265666.5,
                "cycles": 36004515626,
                "task-clock": 10008.044999999996,
                "branches": 10714794967,
                "branch-misses": 275150412,
                "max-rss": 3383208,
                "wall-time": 10.069999999999997,
                "size-file": 603760,
                "size-text": 562712,
                "size-data": 3752,
                "size-bss": 65240,
                "size-total": 631704
            },
            "geomean": {
                "instructions": 86228139523.20287,
                "instructions:u": 84707030064.1787,
                "cycles": 59053989975.5711,
                "task-clock": 16414.895096933906,
                "branches": 17275396434.017113,
                "branch-misses": 433758460.1292903,
                "max-rss": 2432775.3265034547,
                "wall-time": 16.504402773419965,
                "size-file": 969081.2973350354,
                "size-text": 768980.8252993133,
                "size-data": 10581.006551431929,
                "size-bss": 45573.37571239431,
                "size-total": 1549639.9906679054
            }
        },
        "ReleaseThinLTO": {
            "lencod": {
                "instructions": 169469567685.5,
                "instructions:u": 167964253157.5,
                "cycles": 100315619513.5,
                "task-clock": 27884.59,
                "branches": 33244066086.5,
                "branch-misses": 610081335.5,
                "max-rss": 3378476,
                "wall-time": 17.115000000000002,
                "size-file": 1024488,
                "size-text": 960192,
                "size-data": 2144,
                "size-bss": 106144,
                "size-total": 1068480
            },
            "Bullet": {
                "instructions": 127189621341,
                "instructions:u": 123883265315.5,
                "cycles": 89516046123.5,
                "task-clock": 24886.274999999998,
                "branches": 25452907922.5,
                "branch-misses": 571029676,
                "max-rss": 7701854,
                "wall-time": 33.305,
                "size-file": 902088,
                "size-text": 392639,
                "size-data": 403696,
                "size-bss": 43328,
                "size-total": 839663
            },
            "mafft": {
                "instructions": 49741761576,
                "instructions:u": 49021338777,
                "cycles": 31896949832.5,
                "task-clock": 8866.594999999998,