{
    "config": 0,
    "clang_size": [],
    "data": {
        "ReleaseThinLTO": {
            "kimwitu++": {
                "task-clock": 42223.323236,
                "context-switches": 2219,
                "cpu-migrations": 136,
                "page-faults": 148721,
                "cycles": 127869295260,
                "instructions": 93605117315,
                "branches": 20332463319,
                "branch-misses": 581575839,
                "max-rss": 1213608,
                "wall-time": 39.11
            },
            "sqlite3": {
                "task-clock": 58029.326897,
                "context-switches": 2868,
                "cpu-migrations": 142,
                "page-faults": 61647,
                "cycles": 176384206832,
                "instructions": 141591920892,
                "branches": 30479867429,
                "branch-misses": 810894166,
                "max-rss": 316644,
                "wall-time": 71.14
            },
            "consumer-typeset": {
                "task-clock": 37533.77013,
                "context-switches": 2455,
                "cpu-migrations": 102,
                "page-faults": 187080,
                "cycles": 114195106812,
                "instructions": 92631132776,
                "branches": 19756119198,
                "branch-misses": 563533203,
                "max-rss": 2838996,
                "wall-time": 34.30999999999999
            },
            "Bullet": {
                "task-clock": 62622.645586,
                "context-switches": 5468,
                "cpu-migrations": 274,
                "page-faults": 497066,
                "cycles": 189304135756,
                "instructions": 139726235591,
                "branches": 29575972975,
                "branch-misses": 785730595,
                "max-rss": 7202276,
                "wall-time": 84.06999999999996
            },
            "tramp3d-v4": {
                "task-clock": 113322.72854099999,
                "context-switches": 3026,
                "cpu-migrations": 231,
                "page-faults": 126270,
                "cycles": 343505748270,
                "instructions": 289980058131,
                "branches": 63376157771,
                "branch-misses": 1368305506,
                "max-rss": 484040,
                "wall-time": 131.76999999999998
            },
            "mafft": {
                "task-clock": 21940.372484999996,
                "context-switches": 651,
                "cpu-migrations": 0,
                "page-faults": 110516,
                "cycles": 66439119433,
                "instructions": 58009440641,
                "branches": 12328463937,
                "branch-misses": 297971498,
                "max-rss": 1552392,
                "wall-time": 17.45
            },
            "ClamAV": {
                "task-clock": 52401.725285999964,
                "context-switches": 4102,
                "cpu-migrations": 228,
                "page-faults": 302610,
                "cycles": 158974609788,
                "instructions": 129062379512,
                "branches": 27570888420,
                "branch-misses": 810952284,
                "max-rss": 5225484,
                "wall-time": 56.14999999999998
            },
            "lencod": {
                "task-clock": 69266.45929299999,
                "context-switches": 4147,
                "cpu-migrations": 271,
                "page-faults": 229565,
                "cycles": 210259311850,
                "instructions": 194244485045,
                "branches": 40742437832,
                "branch-misses": 803258290,
                "max-rss": 3128408,
                "wall-time": 60.540000000000006
            },
            "SPASS": {
                "task-clock": 49027.68978,
                "context-switches": 3756,
                "cpu-migrations": 99,
                "page-faults": 175367,
                "cycles": 148781168275,
                "instructions": 117007776491,
                "branches": 25213959331,
                "branch-misses": 753189407,
                "max-rss": 2825792,
                "wall-time": 42.39999999999999
            },
            "7zip": {
                "task-clock": 146789.282764,
                "context-switches": 12797,
                "cpu-migrations": 363,
                "page-faults": 810705,
                "cycles": 444798678782,
                "instructions": 330397216166,
                "branches": 70758205548,
                "branch-misses": 2143261316,
                "max-rss": 12381504,
                "wall-time": 132.92999999999995
            },
            "geomean": {
                "task-clock": 57186.28597465688,
                "context-switches": 3264.8481055532493,
                "cpu-migrations": 0,
                "page-faults": 202770.6379833296,
                "cycles": 173427750174.76596,
                "instructions": 139528822141.55713,
                "branches": 29878543680.665867,
                "branch-misses": 785588532.1167408,
                "max-rss": 2253476.5268395604,
                "wall-time": 56.8650788663635
            }
        },
        "ReleaseLTO-g": {
            "kimwitu++": {
                "task-clock": 45957.40207100001,
                "context-switches": 1100,
                "cpu-migrations": 1,
                "page-faults": 205884,
                "cycles": 139311315646,
                "instructions": 97249699446,
                "branches": 21027802246,
                "branch-misses": 599604289,
                "max-rss": 1438516,
                "wall-time": 46.59
            },
            "sqlite3": {
                "task-clock": 62670.853545,
                "context-switches": 515,
                "cpu-migrations": 1,
                "page-faults": 109011,
                "cycles": 190577278515,
                "instructions": 151007821824,
                "branches": 32300560719,
                "branch-misses": 845566587,
                "max-rss": 499956,
                "wall-time": 62.83
            },
            "consumer-typeset": {
                "task-clock": 39440.246502999995,
                "context-switches": 982,
                "cpu-migrations": 1,
                "page-faults": 216863,
                "cycles": 119824815145,
                "instructions": 95258365267,
                "branches": 20200178240,
                "branch-misses": 545711584,
                "max-rss": 2969820,
                "wall-time": 41.32000000000001
            },
            "Bullet": {
                "task-clock": 69583.13315800001,
                "context-switches": 3152,
                "cpu-migrations": 2,
                "page-faults": 562183,
                "cycles": 210841938986,
                "instructions": 157168362025,
                "branches": 33166855620,
                "branch-misses": 854525802,
                "max-rss": 7528292,
                "wall-time": 74.07999999999998
            },
            "tramp3d-v4": {
                "task-clock": 114217.923781,
                "context-switches": 655,
                "cpu-migrations": 1,
                "page-faults": 298530,
                "cycles": 346960393041,
                "instructions": 270057112760,
                "branches": 58407045186,
                "branch-misses": 1310986995,
                "max-rss": 1191196,
                "wall-time": 114.36
            },
            "mafft": {
                "task-clock": 22575.581342,
                "context-switches": 563,
                "cpu-migrations": 0,
                "page-faults": 126125,
                "cycles": 68636146446,
                "instructions": 68400006453,
                "branches": 14463875047,
                "branch-misses": 338241027,
                "max-rss": 1641944,
                "wall-time": 23.550000000000004
            },
            "ClamAV": {
                "task-clock": 59918.705118,