{
    "config": 0,
    "clang_size": {
        "size-text": 66644444,
        "size-data": 2766192,
        "size-bss": 253136,
        "size-total": 69663772
    },
    "data": {
        "O3": {
            "kimwitu++": {
                "task-clock": 24225.404746000004,
                "context-switches": 772,
                "cpu-migrations": 15,
                "page-faults": 155116,
                "cycles": 81585208371,
                "instructions": 65658623590,
                "branches": 14119936104,
                "branch-misses": 402097517,
                "max-rss": 1178776,
                "wall-time": 24.83,
                "size-text": 805325,
                "size-data": 31168,
                "size-bss": 12592,
                "size-total": 849085
            },
            "sqlite3": {
                "task-clock": 32973.654938,
                "context-switches": 220,
                "cpu-migrations": 4,
                "page-faults": 42210,
                "cycles": 111175570587,
                "instructions": 95232591199,
                "branches": 20410362551,
                "branch-misses": 561933508,
                "max-rss": 249992,
                "wall-time": 33.12,
                "size-text": 744376,
                "size-data": 3095,
                "size-bss": 704,
                "size-total": 748175
            },
            "consumer-typeset": {
                "task-clock": 20174.401871000002,
                "context-switches": 938,
                "cpu-migrations": 52,
                "page-faults": 270516,
                "cycles": 67913806288,
                "instructions": 61290022113,
                "branches": 12969039850,
                "branch-misses": 357323844,
                "max-rss": 2996688,
                "wall-time": 22.189999999999994,
                "size-text": 576090,
                "size-data": 3768,
                "size-bss": 65232,
                "size-total": 645090
            },
            "Bullet": {
                "task-clock": 49885.908293000015,
                "context-switches": 2978,
                "cpu-migrations": 132,
                "page-faults": 667673,
                "cycles": 167900472742,
                "instructions": 144272063201,
                "branches": 30307877966,
                "branch-misses": 779372348,
                "max-rss": 7429976,
                "wall-time": 54.62000000000002,
                "size-text": 910157,
                "size-data": 747360,
                "size-bss": 45424,
                "size-total": 1702941
            },
            "tramp3d-v4": {
                "task-clock": 49529.668087,
                "context-switches": 262,
                "cpu-migrations": 2,
                "page-faults": 88355,
                "cycles": 166972460673,
                "instructions": 143613133103,
                "branches": 31020404423,
                "branch-misses": 765527205,
                "max-rss": 358888,
                "wall-time": 49.629999999999995,
                "size-text": 912906,
                "size-data": 1856,
                "size-bss": 2048,
                "size-total": 916810
            },
            "mafft": {
                "task-clock": 19665.729901,
                "context-switches": 612,
                "cpu-migrations": 27,
                "page-faults": 161499,
                "cycles": 66248470395,
                "instructions": 63074226916,
                "branches": 13292116106,
                "branch-misses": 358548114,
                "max-rss": 1661600,
                "wall-time": 20.729999999999997,
                "size-text": 536425,
                "size-data": 8981,
                "size-bss": 132716880,
                "size-total": 133262286
            },
            "ClamAV": {
                "task-clock": 29229.846872999984,
                "context-switches": 1615,
                "cpu-migrations": 111,
                "page-faults": 458467,
                "cycles": 98370816413,
                "instructions": 89304968594,
                "branches": 18876853319,
                "branch-misses": 544849427,
                "max-rss": 5511032,
                "wall-time": 33.05999999999999,
                "size-text": 724886,
                "size-data": 58332,
                "size-bss": 4760,
                "size-total": 787978
            },
            "lencod": {
                "task-clock": 35629.95766099999,
                "context-switches": 1238,
                "cpu-migrations": 55,
                "page-faults": 308701,
                "cycles": 119923170975,
                "instructions": 120853970242,
                "branches": 25337240584,
                "branch-misses": 542459066,
                "max-rss": 3230180,
                "wall-time": 37.760000000000005,
                "size-text": 893987,
                "size-data": 14768,
                "size-bss": 108768,
                "size-total": 1017523
            },
            "SPASS": {
                "task-clock": 25425.319999999992,
                "context-switches": 1088,
                "cpu-migrations": 58,
                "page-faults": 247869,
                "cycles": 85589945747,
                "instructions": 74045022443,
                "branches": 15865254648,
                "branch-misses": 490871609,
                "max-rss": 2938000,
                "wall-time": 27.439999999999998,
                "size-text": 601946,
                "size-data": 880,
                "size-bss": 358728,
                "size-total": 961554
            },
            "7zip": {
                "task-clock": 78802.99597999998,
                "context-switches": 4825,
                "cpu-migrations": 227,
                "page-faults": 1135352,
                "cycles": 265173290952,
                "instructions": 220367489128,
                "branches": 46613543932,
                "branch-misses": 1358563503,
                "max-rss": 12859184,
                "wall-time": 87.07000000000001,
                "size-text": 1269831,
                "size-data": 5200,
                "size-bss": 29376,
                "size-total": 1304407
            },
            "geomean": {
                "task-clock": 33214.23983484787,
                "context-switches": 977.7413018412058,
                "cpu-migrations": 33.51399344714723,
                "page-faults": 241403.10679393457,
                "cycles": 111845197211.04,
                "instructions": 98752373495.55226,
                "branches": 20979911280.563004,
                "branch-misses": 566503074.3597939,
                "max-rss": 2197959.3772236863,
                "wall-time": 35.36313108892867,
                "size-text": 773073.8158287274,
                "size-data": 10596.507668331473,
                "size-bss": 45609.31598464766,
                "size-total": 1560704.203083892
            }
        }
    }
}