{
    "config": 0,
    "clang_size": [],
    "data": {
        "ReleaseThinLTO": {
            "kimwitu++": {
                "task-clock": 41944.626626,
                "context-switches": 2022,
                "cpu-migrations": 74,
                "page-faults": 147051,
                "cycles": 127756349879,
                "instructions": 93558133034,
                "branches": 20324200397,
                "branch-misses": 579247103,
                "max-rss": 1200408,
                "wall-time": 38.51
            },
            "sqlite3": {
                "task-clock": 58183.64260000001,
                "context-switches": 2579,
                "cpu-migrations": 138,
                "page-faults": 61703,
                "cycles": 176504529231,
                "instructions": 141646318380,
                "branches": 30493336554,
                "branch-misses": 812113288,
                "max-rss": 315852,
                "wall-time": 71.5
            },
            "consumer-typeset": {
                "task-clock": 37408.161241000016,
                "context-switches": 2437,
                "cpu-migrations": 123,
                "page-faults": 186745,
                "cycles": 113604366496,
                "instructions": 92678081716,
                "branches": 19766975436,
                "branch-misses": 561239301,
                "max-rss": 2838044,
                "wall-time": 34.199999999999996
            },
            "Bullet": {
                "task-clock": 62007.05762800001,
                "context-switches": 5530,
                "cpu-migrations": 200,
                "page-faults": 496897,
                "cycles": 188484046288,
                "instructions": 139714616451,
                "branches": 29574245346,
                "branch-misses": 780522825,
                "max-rss": 7196808,
                "wall-time": 83.34000000000003
            },
            "tramp3d-v4": {
                "task-clock": 112664.33120100001,
                "context-switches": 3056,
                "cpu-migrations": 200,
                "page-faults": 128300,
                "cycles": 342733014328,
                "instructions": 289777536687,
                "branches": 63327825098,
                "branch-misses": 1363908487,
                "max-rss": 485048,
                "wall-time": 131.62
            },
            "mafft": {
                "task-clock": 21973.937980999992,
                "context-switches": 847,
                "cpu-migrations": 6,
                "page-faults": 110408,
                "cycles": 66743152446,
                "instructions": 58017979498,
                "branches": 12329874713,
                "branch-misses": 299955186,
                "max-rss": 1555008,
                "wall-time": 17.619999999999997
            },
            "ClamAV": {
                "task-clock": 52256.399177999985,
                "context-switches": 3904,
                "cpu-migrations": 196,
                "page-faults": 303068,
                "cycles": 158518771515,
                "instructions": 129082381586,
                "branches": 27576742265,
                "branch-misses": 810642192,
                "max-rss": 5219560,
                "wall-time": 55.31
            },
            "lencod": {
                "task-clock": 69041.441248,
                "context-switches": 4261,
                "cpu-migrations": 232,
                "page-faults": 230610,
                "cycles": 209988556143,
                "instructions": 194256818113,
                "branches": 40745679663,
                "branch-misses": 804411865,
                "max-rss": 3122116,
                "wall-time": 60.42
            },
            "SPASS": {
                "task-clock": 49350.979908,
                "context-switches": 4016,
                "cpu-migrations": 111,
                "page-faults": 174582,
                "cycles": 149726276124,
                "instructions": 116999243133,
                "branches": 25211478311,
                "branch-misses": 755298956,
                "max-rss": 2823464,
                "wall-time": 43.16
            },
            "7zip": {
                "task-clock": 146568.47167199999,
                "context-switches": 12410,
                "cpu-migrations": 322,
                "page-faults": 810531,
                "cycles": 445605576076,
                "instructions": 330485029594,
                "branches": 70774957680,
                "branch-misses": 2144227273,
                "max-rss": 12393624,
                "wall-time": 132.36999999999998
            },
            "geomean": {
                "task-clock": 57057.99059884085,
                "context-switches": 3294.91089444698,
                "cpu-migrations": 117.22358702590037,
                "page-faults": 202847.85197517017,
                "cycles": 173368247512.2998,
                "instructions": 139531130107.8234,
                "branches": 29879463848.49664,
                "branch-misses": 785154844.7821947,
                "max-rss": 2250376.7899039015,
                "wall-time": 56.76677652844428
            }
        },
        "ReleaseLTO-g": {
            "kimwitu++": {
                "task-clock": 45610.552017,
                "context-switches": 1155,
                "cpu-migrations": 1,
                "page-faults": 205936,
                "cycles": 138926895717,
                "instructions": 97226053614,
                "branches": 21023258592,
                "branch-misses": 599947562,
                "max-rss": 1439240,
                "wall-time": 46.26
            },
            "sqlite3": {
                "task-clock": 62500.927458,
                "context-switches": 492,
                "cpu-migrations": 1,
                "page-faults": 110174,
                "cycles": 190360393836,
                "instructions": 151068851663,
                "branches": 32315587907,
                "branch-misses": 844819186,
                "max-rss": 503760,
                "wall-time": 62.69
            },
            "consumer-typeset": {
                "task-clock": 39108.667847,
                "context-switches": 896,
                "cpu-migrations": 1,
                "page-faults": 216861,
                "cycles": 118935815021,
                "instructions": 95294435944,
                "branches": 20207569982,
                "branch-misses": 544885288,
                "max-rss": 2970416,
                "wall-time": 40.9
            },
            "Bullet": {
                "task-clock": 68946.93661799999,
                "context-switches": 3514,
                "cpu-migrations": 1,
                "page-faults": 562115,
                "cycles": 209604976268,
                "instructions": 157194725677,
                "branches": 33174654195,
                "branch-misses": 852771094,
                "max-rss": 7526332,
                "wall-time": 73.49
            },
            "tramp3d-v4": {
                "task-clock": 113949.882888,
                "context-switches": 683,
                "cpu-migrations": 1,
                "page-faults": 298689,
                "cycles": 347065440762,
                "instructions": 269974368468,
                "branches": 58389282660,
                "branch-misses": 1313664005,
                "max-rss": 1191664,
                "wall-time": 114.16
            },
            "mafft": {
                "task-clock": 22497.551600000003,
                "context-switches": 635,
                "cpu-migrations": 0,
                "page-faults": 126258,
                "cycles": 68506201639,
                "instructions": 68390650559,
                "branches": 14462081375,
                "branch-misses": 339608785,
                "max-rss": 1641332,
                "wall-time": 23.510000000000005
            },
            "ClamAV": {
                "task-clock": 59808.63378700001,