{
    "config": 1,
    "clang_size": {
        "size-text": 81049873,
        "size-data": 3227200,
        "size-bss": 332913,
        "size-total": 84609986
    },
    "data": {
        "O3": {
            "geomean": []
        },
        "ReleaseThinLTO": {
            "geomean": []
        },
        "ReleaseLTO-g": {
            "geomean": []
        },
        "O0-g": {
            "lencod": {
                "instructions": 15322427593,
                "instructions:u": 14117892036,
                "cycles": 10138261082,
                "task-clock": 2819.8299999999995,
                "branches": 2955723176,
                "branch-misses": 52595091,
                "max-rss": 3164794,
                "wall-time": 2.9500000000000006,
                "size-file": 2027008,
                "size-text": 897858,
                "size-data": 16632,
                "size-bss": 109408,
                "size-total": 1023898
            },
            "Bullet": {
                "instructions": 69692799870,
                "instructions:u": 66328124832,
                "cycles": 50237411085,
                "task-clock": 13970.455000000002,
                "branches": 13528343792,
                "branch-misses": 277006745,
                "max-rss": 7765148,
                "wall-time": 14.260000000000005,
                "size-file": 5664312,
                "size-text": 1188643,
                "size-data": 747920,
                "size-bss": 45552,
                "size-total": 1982115
            },
            "mafft": {
                "instructions": 7891640134.5,
                "instructions:u": 7293279696.5,
                "cycles": 5271425640.5,
                "task-clock": 1466.3550000000005,
                "branches": 1532014114,
                "branch-misses": 27170333,
                "max-rss": 1571744,
                "wall-time": 1.53,
                "size-file": 854312,
                "size-text": 435633,
                "size-data": 8941,
                "size-bss": 132727168,
                "size-total": 133171742
            },
            "tramp3d-v4": {
                "instructions": 25858302840.5,
                "instructions:u": 25183423961.5,
                "cycles": 20233019698,
                "task-clock": 5626.505000000001,
                "branches": 4975079289.5,
                "branch-misses": 103017328.5,
                "max-rss": 515596,
                "wall-time": 5.635000000000001,
                "size-file": 9957336,
                "size-text": 1348889,
                "size-data": 1464,
                "size-bss": 2136,
                "size-total": 1352489
            },
            "ClamAV": {
                "instructions": 17011210712.5,
                "instructions:u": 15048297887.5,
                "cycles": 12044625669.5,
                "task-clock": 3350.9150000000022,
                "branches": 3301548458,
                "branch-misses": 67755303,
                "max-rss": 5374162,
                "wall-time": 3.529999999999998,
                "size-file": 1652416,
                "size-text": 863345,
                "size-data": 62788,
                "size-bss": 4768,
                "size-total": 930901
            },
            "kimwitu++": {
                "instructions": 28885281802.5,
                "instructions:u": 28064671153,
                "cycles": 22697167825.5,
                "task-clock": 6311.3,
                "branches": 5632463580.5,
                "branch-misses": 131051420.5,
                "max-rss": 1278258,
                "wall-time": 6.345,
                "size-file": 4345912,
                "size-text": 1338106,
                "size-data": 31280,
                "size-bss": 12640,
                "size-total": 1382026
            },
            "sqlite3": {
                "instructions": 5921841344.5,
                "instructions:u": 5776517989,
                "cycles": 4045255367,
                "task-clock": 1124.88,
                "branches": 1134366742,
                "branch-misses": 21268336,
                "max-rss": 235722,
                "wall-time": 1.1300000000000001,
                "size-file": 1048704,
                "size-text": 520206,
                "size-data": 3280,
                "size-bss": 696,
                "size-total": 524182
            },
            "SPASS": {
                "instructions": 17297554738.5,
                "instructions:u": 16172025362,
                "cycles": 12414607048.5,
                "task-clock": 3452.884999999999,
                "branches": 3381091588,
                "branch-misses": 68355513.5,
                "max-rss": 2910394,
                "wall-time": 3.5649999999999995,
                "size-file": 1923760,
                "size-text": 903919,
                "size-data": 920,
                "size-bss": 358776,
                "size-total": 1263615
            },
            "7zip": {
                "instructions": 80123020780.5,
                "instructions:u": 74404103357,
                "cycles": 61740151945.5,
                "task-clock": 17171.15500000001,
                "branches": 15826562051,
                "branch-misses": 358143762,
                "max-rss": 12995292,
                "wall-time": 17.665000000000003,
                "size-file": 5992856,
                "size-text": 1358688,
                "size-data": 7816,
                "size-bss": 29440,
                "size-total": 1395944
            },
            "consumer-typeset": {
                "instructions": 14460921122,
                "instructions:u": 13369395135,
                "cycles": 9599049926.5,
                "task-clock": 2669.829999999999,
                "branches": 2806976007,
                "branch-misses": 48805895,
                "max-rss": 2965408,
                "wall-time": 2.7749999999999995,
                "size-file": 1572840,
                "size-text": 1006441,
                "size-data": 7512,
                "size-bss": 65264,
                "size-total": 1079217
            },
            "geomean": {
                "instructions": 20436613739.042606,
                "instructions:u": 19183558683.780556,
                "cycles": 14606357805.897245,
                "task-clock": 4062.3421348191423,
                "branches": 3967183541.16821,
                "branch-misses": 78774608.94787246,
                "max-rss": 2268996.4734071703,
                "wall-time": 4.173734153214659,
                "size-file": 2585285.3315885575,
                "size-text": 926455.1304117652,
                "size-data": 11893.979865354977,
                "size-bss": 45827.324643270484,
                "size-total": 1849875.3807686106
            }
        },
        "NewPM-O3": {
            "geomean": []
        }
    }
}