{
    "config": 0,
    "clang_size": {
        "size-text": 66644100,
        "size-data": 2766192,
        "size-bss": 253136,
        "size-total": 69663428
    },
    "data": {
        "O3": {
            "kimwitu++": {
                "task-clock": 24400.231869,
                "context-switches": 868,
                "cpu-migrations": 15,
                "page-faults": 155156,
                "cycles": 82054066770,
                "instructions": 65669115485,
                "branches": 14121568644,
                "branch-misses": 403233268,
                "max-rss": 1180296,
                "wall-time": 25.02,
                "size-text": 805325,
                "size-data": 31168,
                "size-bss": 12592,
                "size-total": 849085
            },
            "sqlite3": {
                "task-clock": 33167.634222,
                "context-switches": 201,
                "cpu-migrations": 4,
                "page-faults": 42180,
                "cycles": 111352150235,
                "instructions": 95284877442,
                "branches": 20418687843,
                "branch-misses": 563214732,
                "max-rss": 249680,
                "wall-time": 33.309999999999995,
                "size-text": 744376,
                "size-data": 3095,
                "size-bss": 704,
                "size-total": 748175
            },
            "consumer-typeset": {
                "task-clock": 20186.407805999996,
                "context-switches": 958,
                "cpu-migrations": 53,
                "page-faults": 270676,
                "cycles": 67911896483,
                "instructions": 61316019040,
                "branches": 12974669564,
                "branch-misses": 358921827,
                "max-rss": 2997132,
                "wall-time": 22.169999999999998,
                "size-text": 576090,
                "size-data": 3768,
                "size-bss": 65232,
                "size-total": 645090
            },
            "Bullet": {
                "task-clock": 49964.44247400001,
                "context-switches": 2990,
                "cpu-migrations": 130,
                "page-faults": 667479,
                "cycles": 168116289510,
                "instructions": 144281699220,
                "branches": 30308700310,
                "branch-misses": 780789227,
                "max-rss": 7421408,
                "wall-time": 54.66000000000002,
                "size-text": 910157,
                "size-data": 747360,
                "size-bss": 45424,
                "size-total": 1702941
            },
            "tramp3d-v4": {
                "task-clock": 49669.230444,
                "context-switches": 189,
                "cpu-migrations": 2,
                "page-faults": 92745,
                "cycles": 166965486216,
                "instructions": 143574083095,
                "branches": 31005898405,
                "branch-misses": 764435200,
                "max-rss": 358512,
                "wall-time": 49.769999999999996,
                "size-text": 912906,
                "size-data": 1856,
                "size-bss": 2048,
                "size-total": 916810
            },
            "mafft": {
                "task-clock": 19709.958745,
                "context-switches": 586,
                "cpu-migrations": 28,
                "page-faults": 162158,
                "cycles": 66334909835,
                "instructions": 63100946777,
                "branches": 13297776187,
                "branch-misses": 359420643,
                "max-rss": 1658596,
                "wall-time": 20.789999999999996,
                "size-text": 536425,
                "size-data": 8981,
                "size-bss": 132716880,
                "size-total": 133262286
            },
            "ClamAV": {
                "task-clock": 29396.184370000003,
                "context-switches": 1613,
                "cpu-migrations": 104,
                "page-faults": 458294,
                "cycles": 98773683933,
                "instructions": 89325127382,
                "branches": 18881554040,
                "branch-misses": 545884821,
                "max-rss": 5507184,
                "wall-time": 33.259999999999984,
                "size-text": 724886,
                "size-data": 58332,
                "size-bss": 4760,
                "size-total": 787978
            },
            "lencod": {
                "task-clock": 35496.43298000001,
                "context-switches": 1195,
                "cpu-migrations": 56,
                "page-faults": 307037,
                "cycles": 119448775345,
                "instructions": 120874436329,
                "branches": 25340660419,
                "branch-misses": 543403573,
                "max-rss": 3230896,
                "wall-time": 37.66000000000001,
                "size-text": 893987,
                "size-data": 14768,
                "size-bss": 108768,
                "size-total": 1017523
            },
            "SPASS": {
                "task-clock": 25360.039888,
                "context-switches": 1066,
                "cpu-migrations": 55,
                "page-faults": 247906,
                "cycles": 85200775864,
                "instructions": 74043278799,
                "branches": 15865053584,
                "branch-misses": 492041919,
                "max-rss": 2941104,
                "wall-time": 27.320000000000004,
                "size-text": 601946,
                "size-data": 880,
                "size-bss": 358728,
                "size-total": 961554
            },
            "7zip": {
                "task-clock": 78772.06639499993,
                "context-switches": 4982,
                "cpu-migrations": 230,
                "page-faults": 1134222,
                "cycles": 265017385562,
                "instructions": 220384509984,
                "branches": 46617262031,
                "branch-misses": 1360056693,
                "max-rss": 12855168,
                "wall-time": 87.04,
                "size-text": 1269831,
                "size-data": 5200,
                "size-bss": 29376,
                "size-total": 1304407
            },
            "geomean": {
                "task-clock": 33278.2096156116,
                "context-switches": 944.7730798115423,
                "cpu-migrations": 33.35700415996816,
                "page-faults": 242510.8301010219,
                "cycles": 111899052475.7697,
                "instructions": 98770148938.33301,
                "branches": 20982835217.700882,
                "branch-misses": 567608690.3991144,
                "max-rss": 2197177.729665084,
                "wall-time": 35.42518709816101,
                "size-text": 773073.8158287274,
                "size-data": 10596.507668331473,
                "size-bss": 45609.31598464766,
                "size-total": 1560704.203083892
            }
        }
    }
}