{
    "config": 0,
    "clang_size": {
        "size-text": 68536190,
        "size-data": 2842408,
        "size-bss": 290408,
        "size-total": 71669006
    },
    "data": {
        "ReleaseThinLTO": {
            "kimwitu++": {
                "task-clock": 31967.358917000005,
                "context-switches": 1590,
                "cpu-migrations": 41,
                "page-faults": 142601,
                "cycles": 106939627763,
                "instructions": 91953558481,
                "branches": 20004721270,
                "branch-misses": 509937819,
                "max-rss": 1167264,
                "wall-time": 29.489999999999995,
                "size-text": 786980,
                "size-data": 25960,
                "size-bss": 12560,
                "size-total": 825500
            },
            "sqlite3": {
                "task-clock": 46995.953800999996,
                "context-switches": 2348,
                "cpu-migrations": 120,
                "page-faults": 59930,
                "cycles": 158236261011,
                "instructions": 144250301118,
                "branches": 31057162383,
                "branch-misses": 768653625,
                "max-rss": 308736,
                "wall-time": 57.56,
                "size-text": 780826,
                "size-data": 3095,
                "size-bss": 624,
                "size-total": 784545
            },
            "consumer-typeset": {
                "task-clock": 29678.000534999996,
                "context-switches": 2250,
                "cpu-migrations": 71,
                "page-faults": 181540,
                "cycles": 99912869762,
                "instructions": 93197059554,
                "branches": 19871932668,
                "branch-misses": 526904528,
                "max-rss": 2742380,
                "wall-time": 27.760000000000005,
                "size-text": 667954,
                "size-data": 3768,
                "size-bss": 65200,
                "size-total": 736922
            },
            "Bullet": {
                "task-clock": 47645.114014,
                "context-switches": 4264,
                "cpu-migrations": 155,
                "page-faults": 483008,
                "cycles": 159477802664,
                "instructions": 140366943756,
                "branches": 29774289267,
                "branch-misses": 701378050,
                "max-rss": 6970540,
                "wall-time": 65.64,
                "size-text": 394152,
                "size-data": 403696,
                "size-bss": 43328,
                "size-total": 841176
            },
            "tramp3d-v4": {
                "task-clock": 91168.204112,
                "context-switches": 2661,
                "cpu-migrations": 118,
                "page-faults": 123969,
                "cycles": 306755045463,
                "instructions": 296098734875,
                "branches": 64797121354,
                "branch-misses": 1270067058,
                "max-rss": 483916,
                "wall-time": 106.50999999999999,
                "size-text": 885402,
                "size-data": 1800,
                "size-bss": 1848,
                "size-total": 889050
            },
            "mafft": {
                "task-clock": 17808.350682,
                "context-switches": 687,
                "cpu-migrations": 4,
                "page-faults": 106593,
                "cycles": 59997461860,
                "instructions": 59825385292,
                "branches": 12708789267,
                "branch-misses": 287436349,
                "max-rss": 1502432,
                "wall-time": 14.490000000000002,
                "size-text": 275609,
                "size-data": 3052,
                "size-bss": 14911040,
                "size-total": 15189701
            },
            "ClamAV": {
                "task-clock": 41304.55487100001,
                "context-switches": 3352,
                "cpu-migrations": 160,
                "page-faults": 294129,
                "cycles": 138991396966,
                "instructions": 130077269641,
                "branches": 27774167191,
                "branch-misses": 762924001,
                "max-rss": 5045668,
                "wall-time": 44.10999999999999,
                "size-text": 773613,
                "size-data": 52872,
                "size-bss": 4752,
                "size-total": 831237
            },
            "lencod": {
                "task-clock": 57911.09640400001,
                "context-switches": 3679,
                "cpu-migrations": 151,
                "page-faults": 227575,
                "cycles": 193912408377,
                "instructions": 202143944555,
                "branches": 42390885096,
                "branch-misses": 768534267,
                "max-rss": 3023424,
                "wall-time": 50.92999999999999,
                "size-text": 957979,
                "size-data": 2144,
                "size-bss": 106176,
                "size-total": 1066299
            },
            "SPASS": {
                "task-clock": 37990.981082,
                "context-switches": 3314,
                "cpu-migrations": 71,
                "page-faults": 170688,
                "cycles": 127777259645,
                "instructions": 116654515306,
                "branches": 25184176668,
                "branch-misses": 695675295,
                "max-rss": 2736072,
                "wall-time": 33.660000000000004,
                "size-text": 608440,
                "size-data": 872,
                "size-bss": 346536,
                "size-total": 955848
            },
            "7zip": {
                "task-clock": 112178.07074299999,
                "context-switches": 10597,
                "cpu-migrations": 254,
                "page-faults": 793254,
                "cycles": 375878595975,
                "instructions": 329469813471,
                "branches": 70602842383,
                "branch-misses": 1943750406,
                "max-rss": 11988932,
                "wall-time": 102.77999999999997,
                "size-text": 1433841,
                "size-data": 4160,
                "size-bss": 29280,
                "size-total": 1467281
            },
            "geomean": {
                "task-clock": 45144.365584814776,
                "context-switches": 2787.831865660743,
                "cpu-migrations": 80.29132305501412,
                "page-faults": 197379.15915939727,
                "cycles": 151627705678.02667,
                "instructions": 141002031918.28192,
                "branches": 30212726213.967133,
                "branch-misses": 728197516.4925421,
                "max-rss": 2187278.567112013,
                "wall-time": 45.38763797108422,
                "size-text": 692940.6905911259,
                "size-data": 6984.009238215472,
                "size-bss": 35437.433332268796,
                "size-total": 1210214.8400807409
            }
        },
        "O3": {
            "kimwitu++": {
                "task-clock": 24516.02672199999,
                "context-switches": 843,
                "cpu-migrations": 1,
                "page-faults": 140107,
                "cycles": 82577546408,
                "instructions": 66570491660,
                "branches": 14426485427,
                "branch-misses": 411876466,
                "max-rss": 1201668,
                "wall-time": 25.14,
                "size-text": 805309,
                "size-data": 31168,
                "size-bss": 12592,
                "size-total": 849069
            },
            "sqlite3": {
                "task-clock": 32783.226749,
                "context-switches": 227,
                "cpu-migrations": 1,
                "page-faults": 39372,
                "cycles": 110421745598,
                "instructions": 96402867697,
                "branches": 20619212470,
                "branch-misses": 560286110,
                "max-rss": 250220,