{
    "config": 0,
    "clang_size": [],
    "data": {
        "ReleaseThinLTO": {
            "kimwitu++": {
                "task-clock": 42030.442935,
                "context-switches": 2538,
                "cpu-migrations": 96,
                "page-faults": 148503,
                "cycles": 128159055638,
                "instructions": 93931517478,
                "branches": 20408116709,
                "branch-misses": 581380043,
                "max-rss": 1208240,
                "wall-time": 38.519999999999996
            },
            "sqlite3": {
                "task-clock": 57868.547141999996,
                "context-switches": 3005,
                "cpu-migrations": 213,
                "page-faults": 61929,
                "cycles": 176502951476,
                "instructions": 142369181181,
                "branches": 30659282208,
                "branch-misses": 813627736,
                "max-rss": 316680,
                "wall-time": 70.95
            },
            "consumer-typeset": {
                "task-clock": 37423.24752900001,
                "context-switches": 2406,
                "cpu-migrations": 170,
                "page-faults": 187348,
                "cycles": 114020924578,
                "instructions": 92878965711,
                "branches": 19816931273,
                "branch-misses": 563777682,
                "max-rss": 2841048,
                "wall-time": 34.349999999999994
            },
            "Bullet": {
                "task-clock": 62106.54440400001,
                "context-switches": 4985,
                "cpu-migrations": 218,
                "page-faults": 496709,
                "cycles": 189136233673,
                "instructions": 139792524708,
                "branches": 29595604237,
                "branch-misses": 786611290,
                "max-rss": 7212032,
                "wall-time": 83.28999999999996
            },
            "tramp3d-v4": {
                "task-clock": 113520.811537,
                "context-switches": 3008,
                "cpu-migrations": 168,
                "page-faults": 128198,
                "cycles": 345255402198,
                "instructions": 291190747488,
                "branches": 63655463092,
                "branch-misses": 1368394150,
                "max-rss": 488440,
                "wall-time": 132.31
            },
            "mafft": {
                "task-clock": 21836.302631999995,
                "context-switches": 654,
                "cpu-migrations": 0,
                "page-faults": 110177,
                "cycles": 66516846222,
                "instructions": 58274182258,
                "branches": 12389157106,
                "branch-misses": 299575877,
                "max-rss": 1552392,
                "wall-time": 17.409999999999997
            },
            "ClamAV": {
                "task-clock": 52166.506063,
                "context-switches": 3848,
                "cpu-migrations": 219,
                "page-faults": 301468,
                "cycles": 158868268388,
                "instructions": 129358695982,
                "branches": 27641803369,
                "branch-misses": 814529901,
                "max-rss": 5212568,
                "wall-time": 55.030000000000015
            },
            "lencod": {
                "task-clock": 69226.511598,
                "context-switches": 4371,
                "cpu-migrations": 242,
                "page-faults": 232960,
                "cycles": 210664497114,
                "instructions": 194364470141,
                "branches": 40771689589,
                "branch-misses": 808489565,
                "max-rss": 3116008,
                "wall-time": 60.46000000000001
            },
            "SPASS": {
                "task-clock": 49065.724474,
                "context-switches": 3979,
                "cpu-migrations": 132,
                "page-faults": 174595,
                "cycles": 149254859127,
                "instructions": 117520987183,
                "branches": 25333980660,
                "branch-misses": 757913455,
                "max-rss": 2823172,
                "wall-time": 43.13000000000001
            },
            "7zip": {
                "task-clock": 145459.536311,
                "context-switches": 12896,
                "cpu-migrations": 325,
                "page-faults": 810883,
                "cycles": 443142986809,
                "instructions": 330632054212,
                "branches": 70822229422,
                "branch-misses": 2145312505,
                "max-rss": 12375616,
                "wall-time": 131.9
            },
            "geomean": {
                "task-clock": 56986.562264468754,
                "context-switches": 3304.6063218229892,
                "cpu-migrations": 0,
                "page-faults": 203229.39078621942,
                "cycles": 173557488525.93054,
                "instructions": 139931512952.3548,
                "branches": 29973013408.01991,
                "branch-misses": 787800695.6886837,
                "max-rss": 2253241.358418831,
                "wall-time": 56.658381347596304
            }
        },
        "ReleaseLTO-g": {
            "kimwitu++": {
                "task-clock": 45790.356705000006,
                "context-switches": 872,
                "cpu-migrations": 1,
                "page-faults": 206073,
                "cycles": 139519880045,
                "instructions": 97532355516,
                "branches": 21097006452,
                "branch-misses": 596618539,
                "max-rss": 1441460,
                "wall-time": 46.41000000000001
            },
            "sqlite3": {
                "task-clock": 63666.077481,
                "context-switches": 440,
                "cpu-migrations": 1,
                "page-faults": 108627,
                "cycles": 193134681271,
                "instructions": 151770002394,
                "branches": 32479164304,
                "branch-misses": 845985301,
                "max-rss": 497020,
                "wall-time": 63.86
            },
            "consumer-typeset": {
                "task-clock": 39342.978248000014,
                "context-switches": 977,
                "cpu-migrations": 1,
                "page-faults": 216560,
                "cycles": 119633195927,
                "instructions": 95558240205,
                "branches": 20270808177,
                "branch-misses": 544974606,
                "max-rss": 2969064,
                "wall-time": 41.20000000000002
            },
            "Bullet": {
                "task-clock": 69328.71262800001,
                "context-switches": 2361,
                "cpu-migrations": 1,
                "page-faults": 561830,
                "cycles": 210802433406,
                "instructions": 157301712985,
                "branches": 33203876323,
                "branch-misses": 854395400,
                "max-rss": 7525332,
                "wall-time": 73.75999999999999
            },
            "tramp3d-v4": {
                "task-clock": 115271.690106,
                "context-switches": 1214,
                "cpu-migrations": 1,
                "page-faults": 298683,
                "cycles": 352061221490,
                "instructions": 271290073502,
                "branches": 58720151876,
                "branch-misses": 1307460425,
                "max-rss": 1191256,
                "wall-time": 115.47999999999999
            },
            "mafft": {
                "task-clock": 22651.956958999996,
                "context-switches": 516,
                "cpu-migrations": 1,
                "page-faults": 126951,
                "cycles": 68845260645,
                "instructions": 68594700202,
                "branches": 14508669933,
                "branch-misses": 339241028,
                "max-rss": 1641048,
                "wall-time": 23.630000000000003
            },