{
    "config": 0,
    "clang_size": {
        "size-text": 66883579,
        "size-data": 2785656,
        "size-bss": 284144,
        "size-total": 69953379
    },
    "data": {
        "ReleaseThinLTO": {
            "kimwitu++": {
                "task-clock": 31693.158088999997,
                "context-switches": 1640,
                "cpu-migrations": 54,
                "page-faults": 159155,
                "cycles": 106733050760,
                "instructions": 92215090453,
                "branches": 19905692629,
                "branch-misses": 506616282,
                "max-rss": 1143324,
                "wall-time": 28.869999999999997,
                "size-text": 787080,
                "size-data": 25960,
                "size-bss": 12560,
                "size-total": 825600
            },
            "sqlite3": {
                "task-clock": 47626.407974999995,
                "context-switches": 1998,
                "cpu-migrations": 134,
                "page-faults": 62800,
                "cycles": 160273873252,
                "instructions": 145005114628,
                "branches": 31238385178,
                "branch-misses": 786476159,
                "max-rss": 308236,
                "wall-time": 57.72,
                "size-text": 781474,
                "size-data": 3095,
                "size-bss": 624,
                "size-total": 785193
            },
            "consumer-typeset": {
                "task-clock": 30089.906610999988,
                "context-switches": 2357,
                "cpu-migrations": 111,
                "page-faults": 244472,
                "cycles": 101161552927,
                "instructions": 93760286884,
                "branches": 19936549662,
                "branch-misses": 538324384,
                "max-rss": 2676584,
                "wall-time": 28.180000000000003,
                "size-text": 677634,
                "size-data": 3768,
                "size-bss": 65200,
                "size-total": 746602
            },
            "Bullet": {
                "task-clock": 47401.74722699999,
                "context-switches": 4536,
                "cpu-migrations": 217,
                "page-faults": 627617,
                "cycles": 159320178509,
                "instructions": 139594140800,
                "branches": 29438431119,
                "branch-misses": 700864227,
                "max-rss": 6800132,
                "wall-time": 65.75,
                "size-text": 393144,
                "size-data": 403696,
                "size-bss": 43328,
                "size-total": 840168
            },
            "tramp3d-v4": {
                "task-clock": 90724.982439,
                "context-switches": 2600,
                "cpu-migrations": 119,
                "page-faults": 124987,
                "cycles": 305641156578,
                "instructions": 294539624206,
                "branches": 64443739278,
                "branch-misses": 1278628671,
                "max-rss": 478324,
                "wall-time": 105.69999999999999,
                "size-text": 885858,
                "size-data": 1800,
                "size-bss": 1848,
                "size-total": 889506
            },
            "mafft": {
                "task-clock": 17816.697589999996,
                "context-switches": 747,
                "cpu-migrations": 26,
                "page-faults": 139644,
                "cycles": 59838979525,
                "instructions": 59276831023,
                "branches": 12591279977,
                "branch-misses": 291653462,
                "max-rss": 1468252,
                "wall-time": 14.360000000000005,
                "size-text": 275169,
                "size-data": 3052,
                "size-bss": 14911040,
                "size-total": 15189261
            },
            "ClamAV": {
                "task-clock": 42208.23670200002,
                "context-switches": 3938,
                "cpu-migrations": 282,
                "page-faults": 414984,
                "cycles": 142033099546,
                "instructions": 131399395765,
                "branches": 28007456221,
                "branch-misses": 776327632,
                "max-rss": 4942872,
                "wall-time": 46.22,
                "size-text": 774253,
                "size-data": 52872,
                "size-bss": 4752,
                "size-total": 831877
            },
            "lencod": {
                "task-clock": 56689.132908,
                "context-switches": 3899,
                "cpu-migrations": 200,
                "page-faults": 284288,
                "cycles": 190924062233,
                "instructions": 197631436211,
                "branches": 41599167848,
                "branch-misses": 773560008,
                "max-rss": 2940876,
                "wall-time": 50.14,
                "size-text": 958131,
                "size-data": 2144,
                "size-bss": 106176,
                "size-total": 1066451
            },
            "SPASS": {
                "task-clock": 38049.465809,
                "context-switches": 3445,
                "cpu-migrations": 107,
                "page-faults": 231585,
                "cycles": 127961258941,
                "instructions": 116231523818,
                "branches": 24980035247,
                "branch-misses": 702970435,
                "max-rss": 2674728,
                "wall-time": 33.230000000000004,
                "size-text": 607600,
                "size-data": 872,
                "size-bss": 346536,
                "size-total": 955008
            },
            "7zip": {
                "task-clock": 113729.273487,
                "context-switches": 11768,
                "cpu-migrations": 450,
                "page-faults": 1050551,
                "cycles": 382139647870,
                "instructions": 333341464469,
                "branches": 71149379326,
                "branch-misses": 1980967859,
                "max-rss": 11700840,
                "wall-time": 104.41,
                "size-text": 1436409,
                "size-data": 4160,
                "size-bss": 29280,
                "size-total": 1469849
            },
            "geomean": {
                "task-clock": 45255.36259036457,
                "context-switches": 2901.9416404910576,
                "cpu-migrations": 130.7879394485923,
                "page-faults": 244653.1617323811,
                "cycles": 152236740722.2111,
                "instructions": 140856301453.91534,
                "branches": 30113439412.065277,
                "branch-misses": 736377952.1863691,
                "max-rss": 2143693.255761898,
                "wall-time": 45.45823806639875,
                "size-text": 693848.660065021,
                "size-data": 6984.009238215472,
                "size-bss": 35437.433332268796,
                "size-total": 1212039.2022614183
            }
        },
        "O3": {
            "kimwitu++": {
                "task-clock": 24354.770460000003,
                "context-switches": 855,
                "cpu-migrations": 15,
                "page-faults": 155447,
                "cycles": 82034762332,
                "instructions": 66137944159,
                "branches": 14211335295,
                "branch-misses": 406162000,
                "max-rss": 1181336,
                "wall-time": 24.96,
                "size-text": 805325,
                "size-data": 31168,
                "size-bss": 12592,
                "size-total": 849085
            },
            "sqlite3": {
                "task-clock": 32975.010337,
                "context-switches": 133,
                "cpu-migrations": 3,
                "page-faults": 42260,
                "cycles": 111150482758,
                "instructions": 95947649459,
                "branches": 20530505814,
                "branch-misses": 567934917,
                "max-rss": 249036,