{
    "config": 0,
    "clang_size": {
        "size-text": 70084192,
        "size-data": 2889384,
        "size-bss": 311720,
        "size-total": 73285296
    },
    "data": {
        "O3": {
            "kimwitu++": {
                "task-clock": 24847.914607,
                "context-switches": 910,
                "cpu-migrations": 1,
                "page-faults": 141515,
                "cycles": 82669169759,
                "instructions": 66198926878,
                "branches": 14308027989,
                "branch-misses": 413383201,
                "max-rss": 1220092,
                "wall-time": 25.46,
                "size-text": 805492,
                "size-data": 31160,
                "size-bss": 12592,
                "size-total": 849244
            },
            "sqlite3": {
                "task-clock": 33060.266937,
                "context-switches": 165,
                "cpu-migrations": 1,
                "page-faults": 39870,
                "cycles": 109765198979,
                "instructions": 94544202919,
                "branches": 20197311923,
                "branch-misses": 554922186,
                "max-rss": 255452,
                "wall-time": 33.199999999999996,
                "size-text": 742344,
                "size-data": 3095,
                "size-bss": 696,
                "size-total": 746135
            },
            "consumer-typeset": {
                "task-clock": 20032.828178000003,
                "context-switches": 696,
                "cpu-migrations": 1,
                "page-faults": 213368,
                "cycles": 66715630884,
                "instructions": 60448074082,
                "branches": 12796712031,
                "branch-misses": 353512608,
                "max-rss": 3122156,
                "wall-time": 21.99,
                "size-text": 564097,
                "size-data": 3760,
                "size-bss": 65240,
                "size-total": 633097
            },
            "Bullet": {
                "task-clock": 50529.34480599996,
                "context-switches": 2577,
                "cpu-migrations": 2,
                "page-faults": 531932,
                "cycles": 168205058604,
                "instructions": 144792721538,
                "branches": 30498663798,
                "branch-misses": 792903578,
                "max-rss": 7739320,
                "wall-time": 55.10000000000001,
                "size-text": 908965,
                "size-data": 747360,
                "size-bss": 45424,
                "size-total": 1701749
            },
            "tramp3d-v4": {
                "task-clock": 49362.027956,
                "context-switches": 203,
                "cpu-migrations": 1,
                "page-faults": 92237,
                "cycles": 164045927089,
                "instructions": 141633993426,
                "branches": 30562047025,
                "branch-misses": 762973371,
                "max-rss": 365336,
                "wall-time": 49.47,
                "size-text": 900642,
                "size-data": 1856,
                "size-bss": 2048,
                "size-total": 904546
            },
            "mafft": {
                "task-clock": 19642.936284,
                "context-switches": 511,
                "cpu-migrations": 1,
                "page-faults": 132947,
                "cycles": 65368402407,
                "instructions": 62197008720,
                "branches": 13065798815,
                "branch-misses": 353885992,
                "max-rss": 1730220,
                "wall-time": 20.71,
                "size-text": 540102,
                "size-data": 8965,
                "size-bss": 132716800,
                "size-total": 133265867
            },
            "ClamAV": {
                "task-clock": 29639.316354000006,
                "context-switches": 1262,
                "cpu-migrations": 7,
                "page-faults": 345787,
                "cycles": 98454630878,
                "instructions": 90218058687,
                "branches": 19047779264,
                "branch-misses": 556728209,
                "max-rss": 5749568,
                "wall-time": 33.389999999999986,
                "size-text": 725136,
                "size-data": 58292,
                "size-bss": 4768,
                "size-total": 788196
            },
            "lencod": {
                "task-clock": 35158.486987000004,
                "context-switches": 998,
                "cpu-migrations": 2,
                "page-faults": 250935,
                "cycles": 117122104604,
                "instructions": 117961031528,
                "branches": 24575175434,
                "branch-misses": 533602223,
                "max-rss": 3373372,
                "wall-time": 37.3,
                "size-text": 887907,
                "size-data": 14768,
                "size-bss": 108672,
                "size-total": 1011347
            },
            "SPASS": {
                "task-clock": 25786.608911000003,
                "context-switches": 912,
                "cpu-migrations": 1,
                "page-faults": 191100,
                "cycles": 85541895667,
                "instructions": 74337970681,
                "branches": 15969486109,
                "branch-misses": 492023595,
                "max-rss": 3062640,
                "wall-time": 27.75,
                "size-text": 602714,
                "size-data": 880,
                "size-bss": 358760,
                "size-total": 962354
            },
            "7zip": {
                "task-clock": 78655.14359400002,
                "context-switches": 4150,
                "cpu-migrations": 8,
                "page-faults": 894548,
                "cycles": 261935906134,
                "instructions": 217530546024,
                "branches": 46094987256,
                "branch-misses": 1358600507,
                "max-rss": 13398136,
                "wall-time": 86.81999999999998,
                "size-text": 1264051,
                "size-data": 5200,
                "size-bss": 29376,
                "size-total": 1298627
            },
            "geomean": {
                "task-clock": 33354.16983347593,
                "context-switches": 817.4098681254546,
                "cpu-migrations": 1.7180064968413549,
                "page-faults": 202593.35961131012,
                "cycles": 110929157357.31319,
                "instructions": 98159311677.80846,
                "branches": 20849020608.058556,
                "branch-misses": 567220803.8185683,
                "max-rss": 2279550.8631802835,
                "wall-time": 35.465846824062446,
                "size-text": 769884.9303514668,
                "size-data": 10591.368338730766,
                "size-bss": 45561.81032730885,
                "size-total": 1553716.9180545993
            }
        }
    }
}