{
    "config": 0,
    "clang_size": {
        "size-text": 68525636,
        "size-data": 2842408,
        "size-bss": 290408,
        "size-total": 71658452
    },
    "data": {
        "ReleaseThinLTO": {
            "kimwitu++": {
                "task-clock": 31679.258476000006,
                "context-switches": 1738,
                "cpu-migrations": 36,
                "page-faults": 142474,
                "cycles": 106624024410,
                "instructions": 92011455695,
                "branches": 20016244671,
                "branch-misses": 507319063,
                "max-rss": 1168668,
                "wall-time": 29.569999999999997,
                "size-text": 786980,
                "size-data": 25960,
                "size-bss": 12560,
                "size-total": 825500
            },
            "sqlite3": {
                "task-clock": 46984.745741,
                "context-switches": 2933,
                "cpu-migrations": 118,
                "page-faults": 59783,
                "cycles": 157859038562,
                "instructions": 144394816068,
                "branches": 31092943248,
                "branch-misses": 767693245,
                "max-rss": 308524,
                "wall-time": 57.43,
                "size-text": 780826,
                "size-data": 3095,
                "size-bss": 624,
                "size-total": 784545
            },
            "consumer-typeset": {
                "task-clock": 29800.45309399999,
                "context-switches": 2050,
                "cpu-migrations": 72,
                "page-faults": 182348,
                "cycles": 99924485460,
                "instructions": 93188313682,
                "branches": 19870113756,
                "branch-misses": 526546018,
                "max-rss": 2736920,
                "wall-time": 27.790000000000003,
                "size-text": 667954,
                "size-data": 3768,
                "size-bss": 65200,
                "size-total": 736922
            },
            "Bullet": {
                "task-clock": 47334.38748999999,
                "context-switches": 4324,
                "cpu-migrations": 245,
                "page-faults": 483949,
                "cycles": 159181127908,
                "instructions": 140390030541,
                "branches": 29781385286,
                "branch-misses": 701775242,
                "max-rss": 6962828,
                "wall-time": 66.17999999999999,
                "size-text": 394152,
                "size-data": 403696,
                "size-bss": 43328,
                "size-total": 841176
            },
            "tramp3d-v4": {
                "task-clock": 91047.612202,
                "context-switches": 2523,
                "cpu-migrations": 97,
                "page-faults": 121375,
                "cycles": 306523213239,
                "instructions": 296113542693,
                "branches": 64796680463,
                "branch-misses": 1268268504,
                "max-rss": 481368,
                "wall-time": 105.80000000000001,
                "size-text": 885402,
                "size-data": 1800,
                "size-bss": 1848,
                "size-total": 889050
            },
            "mafft": {
                "task-clock": 17867.288822000006,
                "context-switches": 604,
                "cpu-migrations": 1,
                "page-faults": 107008,
                "cycles": 59908541937,
                "instructions": 59850498931,
                "branches": 12715122177,
                "branch-misses": 287787655,
                "max-rss": 1501832,
                "wall-time": 14.420000000000002,
                "size-text": 275609,
                "size-data": 3052,
                "size-bss": 14911040,
                "size-total": 15189701
            },
            "ClamAV": {
                "task-clock": 41432.69580699999,
                "context-switches": 3280,
                "cpu-migrations": 193,
                "page-faults": 292277,
                "cycles": 139063758439,
                "instructions": 130035981053,
                "branches": 27763297640,
                "branch-misses": 762419448,
                "max-rss": 5049772,
                "wall-time": 44.79000000000001,
                "size-text": 773613,
                "size-data": 52872,
                "size-bss": 4752,
                "size-total": 831237
            },
            "lencod": {
                "task-clock": 57656.775536,
                "context-switches": 3713,
                "cpu-migrations": 147,
                "page-faults": 227254,
                "cycles": 193858662261,
                "instructions": 202171198779,
                "branches": 42395981785,
                "branch-misses": 764645766,
                "max-rss": 3023656,
                "wall-time": 50.58,
                "size-text": 957979,
                "size-data": 2144,
                "size-bss": 106176,
                "size-total": 1066299
            },
            "SPASS": {
                "task-clock": 38129.326133,
                "context-switches": 3316,
                "cpu-migrations": 70,
                "page-faults": 169995,
                "cycles": 127829876407,
                "instructions": 116634400132,
                "branches": 25180723934,
                "branch-misses": 695645954,
                "max-rss": 2732916,
                "wall-time": 33.580000000000005,
                "size-text": 608440,
                "size-data": 872,
                "size-bss": 346536,
                "size-total": 955848
            },
            "7zip": {
                "task-clock": 111404.70688200003,
                "context-switches": 10146,
                "cpu-migrations": 264,
                "page-faults": 793506,
                "cycles": 374664575768,
                "instructions": 329403113571,
                "branches": 70592049616,
                "branch-misses": 1938942799,
                "max-rss": 11990644,
                "wall-time": 101.21999999999998,
                "size-text": 1433841,
                "size-data": 4160,
                "size-bss": 29280,
                "size-total": 1467281
            },
            "geomean": {
                "task-clock": 45079.7495758057,
                "context-switches": 2786.4186889182074,
                "cpu-migrations": 72.12787599542838,
                "page-faults": 196872.56304771508,
                "cycles": 151447263951.21008,
                "instructions": 141024784743.8187,
                "branches": 30218177842.805737,
                "branch-misses": 727108825.1859869,
                "max-rss": 2185445.2896356806,
                "wall-time": 45.33737060276875,
                "size-text": 692940.6905911259,
                "size-data": 6984.009238215472,
                "size-bss": 35437.433332268796,
                "size-total": 1210214.8400807409
            }
        },
        "O3": {
            "kimwitu++": {
                "task-clock": 24610.456641999997,
                "context-switches": 821,
                "cpu-migrations": 1,
                "page-faults": 138990,
                "cycles": 82844390283,
                "instructions": 66552918240,
                "branches": 14423567593,
                "branch-misses": 411514502,
                "max-rss": 1201660,
                "wall-time": 25.22,
                "size-text": 805309,
                "size-data": 31168,
                "size-bss": 12592,
                "size-total": 849069
            },
            "sqlite3": {
                "task-clock": 32765.959147999998,
                "context-switches": 189,
                "cpu-migrations": 1,
                "page-faults": 39360,
                "cycles": 110439769742,
                "instructions": 96325604011,
                "branches": 20602869961,
                "branch-misses": 559789220,