{
    "config": 0,
    "clang_size": {
        "size-text": 66509292,
        "size-data": 2765456,
        "size-bss": 252752,
        "size-total": 69527500
    },
    "data": {
        "ReleaseThinLTO": {
            "kimwitu++": {
                "task-clock": 31999.937180999994,
                "context-switches": 1877,
                "cpu-migrations": 85,
                "page-faults": 160661,
                "cycles": 107212021443,
                "instructions": 91219969626,
                "branches": 19703491083,
                "branch-misses": 503624639,
                "max-rss": 1150284,
                "wall-time": 29.1,
                "size-text": 789412,
                "size-data": 25960,
                "size-bss": 12560,
                "size-total": 827932
            },
            "sqlite3": {
                "task-clock": 48627.165112,
                "context-switches": 2363,
                "cpu-migrations": 169,
                "page-faults": 63796,
                "cycles": 162110591596,
                "instructions": 143406440575,
                "branches": 30943864733,
                "branch-misses": 784108132,
                "max-rss": 307928,
                "wall-time": 59.45,
                "size-text": 811258,
                "size-data": 3095,
                "size-bss": 624,
                "size-total": 814977
            },
            "consumer-typeset": {
                "task-clock": 30384.16048100001,
                "context-switches": 2279,
                "cpu-migrations": 210,
                "page-faults": 243113,
                "cycles": 101351940437,
                "instructions": 92629368618,
                "branches": 19722646078,
                "branch-misses": 534110438,
                "max-rss": 2673628,
                "wall-time": 28.13,
                "size-text": 686914,
                "size-data": 3768,
                "size-bss": 65200,
                "size-total": 755882
            },
            "Bullet": {
                "task-clock": 47812.435071000014,
                "context-switches": 4510,
                "cpu-migrations": 306,
                "page-faults": 624820,
                "cycles": 159868562883,
                "instructions": 138942967026,
                "branches": 29311271599,
                "branch-misses": 702449025,
                "max-rss": 6765184,
                "wall-time": 66.62000000000002,
                "size-text": 395620,
                "size-data": 403696,
                "size-bss": 43328,
                "size-total": 842644
            },
            "tramp3d-v4": {
                "task-clock": 92045.747139,
                "context-switches": 2921,
                "cpu-migrations": 223,
                "page-faults": 127459,
                "cycles": 309471053703,
                "instructions": 292752002831,
                "branches": 64132113017,
                "branch-misses": 1277335821,
                "max-rss": 478680,
                "wall-time": 109.00999999999999,
                "size-text": 906442,
                "size-data": 1800,
                "size-bss": 1848,
                "size-total": 910090
            },
            "mafft": {
                "task-clock": 17974.004818999998,
                "context-switches": 927,
                "cpu-migrations": 41,
                "page-faults": 137761,
                "cycles": 60048623867,
                "instructions": 58798259602,
                "branches": 12506152872,
                "branch-misses": 293581088,
                "max-rss": 1459340,
                "wall-time": 14.87,
                "size-text": 279105,
                "size-data": 3052,
                "size-bss": 14911040,
                "size-total": 15193197
            },
            "ClamAV": {
                "task-clock": 42503.299946,
                "context-switches": 3668,
                "cpu-migrations": 282,
                "page-faults": 410502,
                "cycles": 141638316198,
                "instructions": 129480920129,
                "branches": 27670291511,
                "branch-misses": 773268915,
                "max-rss": 4913072,
                "wall-time": 44.919999999999995,
                "size-text": 793525,
                "size-data": 52872,
                "size-bss": 4752,
                "size-total": 851149
            },
            "lencod": {
                "task-clock": 56411.243988999995,
                "context-switches": 3767,
                "cpu-migrations": 297,
                "page-faults": 281941,
                "cycles": 189188048585,
                "instructions": 195928830846,
                "branches": 41309133116,
                "branch-misses": 767197242,
                "max-rss": 2922476,
                "wall-time": 49.300000000000004,
                "size-text": 965227,
                "size-data": 2144,
                "size-bss": 106176,
                "size-total": 1073547
            },
            "SPASS": {
                "task-clock": 38057.025825,
                "context-switches": 3362,
                "cpu-migrations": 132,
                "page-faults": 230801,
                "cycles": 127398909606,
                "instructions": 114970350591,
                "branches": 24744780626,
                "branch-misses": 699592522,
                "max-rss": 2662224,
                "wall-time": 33.89,
                "size-text": 617600,
                "size-data": 872,
                "size-bss": 346536,
                "size-total": 965008
            },
            "7zip": {
                "task-clock": 114267.209381,
                "context-switches": 12080,
                "cpu-migrations": 502,
                "page-faults": 1044935,
                "cycles": 381189084556,
                "instructions": 329767707321,
                "branches": 70501577231,
                "branch-misses": 1976341368,
                "max-rss": 11640256,
                "wall-time": 104.52000000000001,
                "size-text": 1465769,
                "size-data": 4160,
                "size-bss": 29280,
                "size-total": 1499209
            },
            "geomean": {
                "task-clock": 45614.29380314959,
                "context-switches": 3048.2808257642764,
                "cpu-migrations": 184.95319062737963,
                "page-faults": 244487.37007782425,
                "cycles": 152515988076.214,
                "instructions": 139482791463.90723,
                "branches": 29861107541.631527,
                "branch-misses": 734295163.7498316,
                "max-rss": 2137542.6214856696,
                "wall-time": 45.86859266253017,
                "size-text": 705458.361789031,
                "size-data": 6984.009238215472,
                "size-bss": 35437.433332268796,
                "size-total": 1228907.3505394042
            }
        },
        "O3": {
            "kimwitu++": {
                "task-clock": 24690.759407999998,
                "context-switches": 931,
                "cpu-migrations": 15,
                "page-faults": 156198,
                "cycles": 82435134572,
                "instructions": 65211260283,
                "branches": 14019366624,
                "branch-misses": 401716521,
                "max-rss": 1178052,
                "wall-time": 25.34,
                "size-text": 807977,
                "size-data": 31168,
                "size-bss": 12592,
                "size-total": 851737
            },
            "sqlite3": {
                "task-clock": 33706.011981999996,
                "context-switches": 273,
                "cpu-migrations": 2,
                "page-faults": 42355,
                "cycles": 112332612518,
                "instructions": 94795574737,
                "branches": 20308611124,
                "branch-misses": 562780503,
                "max-rss": 250148,