{
    "config": 0,
    "clang_size": [],
    "data": {
        "ReleaseThinLTO": {
            "kimwitu++": {
                "task-clock": 41899.176036,
                "context-switches": 2135,
                "cpu-migrations": 97,
                "page-faults": 149259,
                "cycles": 127131567436,
                "instructions": 93614748546,
                "branches": 20332813631,
                "branch-misses": 574090911,
                "max-rss": 1212696,
                "wall-time": 38.34
            },
            "sqlite3": {
                "task-clock": 56890.748194,
                "context-switches": 2726,
                "cpu-migrations": 145,
                "page-faults": 61809,
                "cycles": 172689560069,
                "instructions": 141631385407,
                "branches": 30486863301,
                "branch-misses": 815819193,
                "max-rss": 316544,
                "wall-time": 69.83
            },
            "consumer-typeset": {
                "task-clock": 37244.66427400001,
                "context-switches": 2412,
                "cpu-migrations": 113,
                "page-faults": 188152,
                "cycles": 113224573767,
                "instructions": 92623131319,
                "branches": 19753516024,
                "branch-misses": 567135223,
                "max-rss": 2830684,
                "wall-time": 34.03999999999999
            },
            "Bullet": {
                "task-clock": 61984.957975,
                "context-switches": 5288,
                "cpu-migrations": 214,
                "page-faults": 497663,
                "cycles": 188131262680,
                "instructions": 139746699096,
                "branches": 29579677530,
                "branch-misses": 782504495,
                "max-rss": 7198348,
                "wall-time": 83.84000000000003
            },
            "tramp3d-v4": {
                "task-clock": 110735.36369500001,
                "context-switches": 3084,
                "cpu-migrations": 178,
                "page-faults": 129322,
                "cycles": 336065532923,
                "instructions": 289782338631,
                "branches": 63333581551,
                "branch-misses": 1355473819,
                "max-rss": 488252,
                "wall-time": 130.06
            },
            "mafft": {
                "task-clock": 21803.342386,
                "context-switches": 763,
                "cpu-migrations": 0,
                "page-faults": 111369,
                "cycles": 66231453395,
                "instructions": 58015265852,
                "branches": 12329162558,
                "branch-misses": 298481180,
                "max-rss": 1556052,
                "wall-time": 17.390000000000004
            },
            "ClamAV": {
                "task-clock": 52098.54810800002,
                "context-switches": 3921,
                "cpu-migrations": 239,
                "page-faults": 301793,
                "cycles": 157645480363,
                "instructions": 129063055546,
                "branches": 27570642977,
                "branch-misses": 813338010,
                "max-rss": 5219364,
                "wall-time": 55.27000000000003
            },
            "lencod": {
                "task-clock": 69219.767573,
                "context-switches": 4361,
                "cpu-migrations": 234,
                "page-faults": 229773,
                "cycles": 209643225154,
                "instructions": 194235801730,
                "branches": 40740738428,
                "branch-misses": 805321296,
                "max-rss": 3127600,
                "wall-time": 60.16999999999999
            },
            "SPASS": {
                "task-clock": 49239.23957800001,
                "context-switches": 3965,
                "cpu-migrations": 102,
                "page-faults": 175414,
                "cycles": 149241378716,
                "instructions": 116992035687,
                "branches": 25208805981,
                "branch-misses": 755517364,
                "max-rss": 2831288,
                "wall-time": 43.06
            },
            "7zip": {
                "task-clock": 146059.475558,
                "context-switches": 12718,
                "cpu-migrations": 303,
                "page-faults": 810599,
                "cycles": 443225884221,
                "instructions": 330470815220,
                "branches": 70769457054,
                "branch-misses": 2142701763,
                "max-rss": 12377488,
                "wall-time": 131.11999999999998
            },
            "geomean": {
                "task-clock": 56719.236287752625,
                "context-switches": 3294.485746626351,
                "cpu-migrations": 0,
                "page-faults": 203645.66242739776,
                "cycles": 172071368703.25516,
                "instructions": 139527548280.3962,
                "branches": 29877135896.012943,
                "branch-misses": 785272261.1247646,
                "max-rss": 2254978.3413813375,
                "wall-time": 56.37922147735346
            }
        },
        "ReleaseLTO-g": {
            "kimwitu++": {
                "task-clock": 45537.67578200001,
                "context-switches": 723,
                "cpu-migrations": 1,
                "page-faults": 205963,
                "cycles": 137782203475,
                "instructions": 97296429138,
                "branches": 21042054729,
                "branch-misses": 595137008,
                "max-rss": 1439696,
                "wall-time": 46.1
            },
            "sqlite3": {
                "task-clock": 61824.87578,
                "context-switches": 692,
                "cpu-migrations": 1,
                "page-faults": 110129,
                "cycles": 186907284258,
                "instructions": 151143601387,
                "branches": 32330834515,
                "branch-misses": 843076283,
                "max-rss": 503296,
                "wall-time": 62
            },
            "consumer-typeset": {
                "task-clock": 39167.972154,
                "context-switches": 782,
                "cpu-migrations": 1,
                "page-faults": 216899,
                "cycles": 118251845521,
                "instructions": 95300043295,
                "branches": 20209366450,
                "branch-misses": 545254106,
                "max-rss": 2977744,
                "wall-time": 40.97
            },
            "Bullet": {
                "task-clock": 69701.56546299998,
                "context-switches": 2922,
                "cpu-migrations": 1,
                "page-faults": 562128,
                "cycles": 210539973312,
                "instructions": 157199897323,
                "branches": 33169615644,
                "branch-misses": 856599913,
                "max-rss": 7524548,
                "wall-time": 74.02000000000001
            },
            "tramp3d-v4": {
                "task-clock": 112239.729403,
                "context-switches": 1174,
                "cpu-migrations": 1,
                "page-faults": 298899,
                "cycles": 340348653174,
                "instructions": 270225847451,
                "branches": 58439533919,
                "branch-misses": 1302011677,
                "max-rss": 1193112,
                "wall-time": 112.43
            },
            "mafft": {
                "task-clock": 22351.982385000003,
                "context-switches": 617,
                "cpu-migrations": 0,
                "page-faults": 126424,
                "cycles": 67769104615,
                "instructions": 68384230850,
                "branches": 14459768686,
                "branch-misses": 337943720,
                "max-rss": 1643676,
                "wall-time": 23.33000000000001
            },
            "ClamAV": {
                "task-clock": 59709.26879799999,