{
    "config": 0,
    "clang_size": [],
    "data": {
        "ReleaseThinLTO": {
            "kimwitu++": {
                "task-clock": 42120.41149200001,
                "context-switches": 2087,
                "cpu-migrations": 103,
                "page-faults": 147266,
                "cycles": 127339892975,
                "instructions": 93539140857,
                "branches": 20301774216,
                "branch-misses": 576386306,
                "max-rss": 1206496,
                "wall-time": 38.980000000000004
            },
            "sqlite3": {
                "task-clock": 57949.33195,
                "context-switches": 2218,
                "cpu-migrations": 105,
                "page-faults": 61643,
                "cycles": 174580857118,
                "instructions": 141807987072,
                "branches": 30507901378,
                "branch-misses": 816916075,
                "max-rss": 315392,
                "wall-time": 70.95
            },
            "consumer-typeset": {
                "task-clock": 37844.223093000015,
                "context-switches": 2455,
                "cpu-migrations": 84,
                "page-faults": 187052,
                "cycles": 114042734455,
                "instructions": 92573539428,
                "branches": 19734221904,
                "branch-misses": 567649362,
                "max-rss": 2838976,
                "wall-time": 34.72999999999999
            },
            "Bullet": {
                "task-clock": 62380.78870599999,
                "context-switches": 5024,
                "cpu-migrations": 185,
                "page-faults": 498109,
                "cycles": 188408477539,
                "instructions": 139741937485,
                "branches": 29559413241,
                "branch-misses": 789183459,
                "max-rss": 7207072,
                "wall-time": 83.11999999999998
            },
            "tramp3d-v4": {
                "task-clock": 112615.899149,
                "context-switches": 3073,
                "cpu-migrations": 162,
                "page-faults": 127559,
                "cycles": 340795747463,
                "instructions": 289550158267,
                "branches": 63224478282,
                "branch-misses": 1366456929,
                "max-rss": 483280,
                "wall-time": 131.16
            },
            "mafft": {
                "task-clock": 22036.099084,
                "context-switches": 760,
                "cpu-migrations": 2,
                "page-faults": 111351,
                "cycles": 66371485382,
                "instructions": 58034544805,
                "branches": 12332887622,
                "branch-misses": 299211175,
                "max-rss": 1554416,
                "wall-time": 17.52
            },
            "ClamAV": {
                "task-clock": 52496.477239,
                "context-switches": 4085,
                "cpu-migrations": 200,
                "page-faults": 301301,
                "cycles": 158389392770,
                "instructions": 129382476841,
                "branches": 27647916790,
                "branch-misses": 814487660,
                "max-rss": 5223812,
                "wall-time": 56.009999999999984
            },
            "lencod": {
                "task-clock": 69605.409176,
                "context-switches": 4332,
                "cpu-migrations": 226,
                "page-faults": 230315,
                "cycles": 210421445097,
                "instructions": 194295453113,
                "branches": 40736437239,
                "branch-misses": 807084372,
                "max-rss": 3124568,
                "wall-time": 60.790000000000006
            },
            "SPASS": {
                "task-clock": 49171.727098,
                "context-switches": 3841,
                "cpu-migrations": 89,
                "page-faults": 175217,
                "cycles": 148563678819,
                "instructions": 116913827245,
                "branches": 25177394879,
                "branch-misses": 757968385,
                "max-rss": 2829804,
                "wall-time": 42.709999999999994
            },
            "7zip": {
                "task-clock": 147157.69030500005,
                "context-switches": 12916,
                "cpu-migrations": 353,
                "page-faults": 811065,
                "cycles": 443949127947,
                "instructions": 330549124386,
                "branches": 70768800437,
                "branch-misses": 2149062333,
                "max-rss": 12381764,
                "wall-time": 133.61
            },
            "geomean": {
                "task-clock": 57247.92497140094,
                "context-switches": 3212.487247164675,
                "cpu-migrations": 97.46138293245046,
                "page-faults": 202937.9610991867,
                "cycles": 172809129027.21506,
                "instructions": 139551917229.5385,
                "branches": 29869711331.33737,
                "branch-misses": 788029822.0608699,
                "max-rss": 2251323.7969431616,
                "wall-time": 56.91157850043387
            }
        },
        "ReleaseLTO-g": {
            "kimwitu++": {
                "task-clock": 45896.869227,
                "context-switches": 860,
                "cpu-migrations": 1,
                "page-faults": 205978,
                "cycles": 138640469342,
                "instructions": 97352426079,
                "branches": 21036931234,
                "branch-misses": 596805040,
                "max-rss": 1438196,
                "wall-time": 46.49
            },
            "sqlite3": {
                "task-clock": 62848.612665,
                "context-switches": 494,
                "cpu-migrations": 1,
                "page-faults": 110385,
                "cycles": 190106171961,
                "instructions": 151487453471,
                "branches": 32384190637,
                "branch-misses": 848721558,
                "max-rss": 504400,
                "wall-time": 63
            },
            "consumer-typeset": {
                "task-clock": 39363.114207,
                "context-switches": 832,
                "cpu-migrations": 1,
                "page-faults": 216939,
                "cycles": 118879180261,
                "instructions": 95354070466,
                "branches": 20214001793,
                "branch-misses": 546810595,
                "max-rss": 2974896,
                "wall-time": 41.24999999999999
            },
            "Bullet": {
                "task-clock": 69943.090701,
                "context-switches": 3257,
                "cpu-migrations": 3,
                "page-faults": 562561,
                "cycles": 210585669338,
                "instructions": 157299818373,
                "branches": 33174039307,
                "branch-misses": 860243058,
                "max-rss": 7531776,
                "wall-time": 74.39000000000001
            },
            "tramp3d-v4": {
                "task-clock": 113966.336295,
                "context-switches": 771,
                "cpu-migrations": 2,
                "page-faults": 298725,
                "cycles": 344433289556,
                "instructions": 269822641269,
                "branches": 58332401668,
                "branch-misses": 1311294493,
                "max-rss": 1191464,
                "wall-time": 114.12
            },
            "mafft": {
                "task-clock": 22633.664653000003,
                "context-switches": 571,
                "cpu-migrations": 1,
                "page-faults": 128185,
                "cycles": 68336078841,
                "instructions": 68412886796,
                "branches": 14466167948,
                "branch-misses": 342063610,
                "max-rss": 1643744,
                "wall-time": 23.620000000000005
            },
            "ClamAV": {
                "task-clock": 59976.89469699998,