{
    "config": 0,
    "clang_size": [],
    "data": {
        "ReleaseThinLTO": {
            "kimwitu++": {
                "task-clock": 42382.64533799999,
                "context-switches": 1907,
                "cpu-migrations": 42,
                "page-faults": 147166,
                "cycles": 128484332857,
                "instructions": 93534975798,
                "branches": 20300099827,
                "branch-misses": 581008769,
                "max-rss": 1203308,
                "wall-time": 38.55000000000001
            },
            "sqlite3": {
                "task-clock": 57917.684064999994,
                "context-switches": 2511,
                "cpu-migrations": 154,
                "page-faults": 61721,
                "cycles": 175996290189,
                "instructions": 141514536772,
                "branches": 30452097369,
                "branch-misses": 812949414,
                "max-rss": 315920,
                "wall-time": 70.81
            },
            "consumer-typeset": {
                "task-clock": 37521.26697700002,
                "context-switches": 2633,
                "cpu-migrations": 209,
                "page-faults": 186707,
                "cycles": 114047345915,
                "instructions": 92451767747,
                "branches": 19709725153,
                "branch-misses": 564229550,
                "max-rss": 2832936,
                "wall-time": 34.54
            },
            "Bullet": {
                "task-clock": 62641.04230300001,
                "context-switches": 6904,
                "cpu-migrations": 249,
                "page-faults": 498340,
                "cycles": 189367888904,
                "instructions": 139652874793,
                "branches": 29546217457,
                "branch-misses": 786611423,
                "max-rss": 7213352,
                "wall-time": 87.08000000000003
            },
            "tramp3d-v4": {
                "task-clock": 112563.442558,
                "context-switches": 3536,
                "cpu-migrations": 178,
                "page-faults": 128568,
                "cycles": 341430153379,
                "instructions": 289569861331,
                "branches": 63218408883,
                "branch-misses": 1361781665,
                "max-rss": 484324,
                "wall-time": 132.1
            },
            "mafft": {
                "task-clock": 21807.53326699999,
                "context-switches": 774,
                "cpu-migrations": 1,
                "page-faults": 110763,
                "cycles": 66218968882,
                "instructions": 57961173866,
                "branches": 12316393683,
                "branch-misses": 298659100,
                "max-rss": 1553012,
                "wall-time": 17.399999999999995
            },
            "ClamAV": {
                "task-clock": 52281.85839600001,
                "context-switches": 4240,
                "cpu-migrations": 214,
                "page-faults": 303049,
                "cycles": 158478293653,
                "instructions": 128912498754,
                "branches": 27540194835,
                "branch-misses": 812339531,
                "max-rss": 5215596,
                "wall-time": 55.799999999999976
            },
            "lencod": {
                "task-clock": 69331.590973,
                "context-switches": 4450,
                "cpu-migrations": 135,
                "page-faults": 228740,
                "cycles": 210432997296,
                "instructions": 194030893800,
                "branches": 40679748555,
                "branch-misses": 803217336,
                "max-rss": 3114860,
                "wall-time": 60.620000000000005
            },
            "SPASS": {
                "task-clock": 49167.660311,
                "context-switches": 4149,
                "cpu-migrations": 111,
                "page-faults": 175712,
                "cycles": 148780992659,
                "instructions": 116810870320,
                "branches": 25156965920,
                "branch-misses": 756852183,
                "max-rss": 2830356,
                "wall-time": 42.81000000000001
            },
            "7zip": {
                "task-clock": 147012.81917899998,
                "context-switches": 12262,
                "cpu-migrations": 312,
                "page-faults": 811379,
                "cycles": 444656071720,
                "instructions": 330195966526,
                "branches": 70691651411,
                "branch-misses": 2148954643,
                "max-rss": 12383504,
                "wall-time": 132.53999999999996
            },
            "geomean": {
                "task-clock": 57140.71309548828,
                "context-switches": 3434.972684934379,
                "cpu-migrations": 95.01147846034708,
                "page-faults": 203017.4901315395,
                "cycles": 173248099882.69318,
                "instructions": 139381510175.87378,
                "branches": 29833187810.742172,
                "branch-misses": 786421629.8067173,
                "max-rss": 2250124.613861574,
                "wall-time": 57.0026980448244
            }
        },
        "ReleaseLTO-g": {
            "kimwitu++": {
                "task-clock": 45998.18759,
                "context-switches": 1108,
                "cpu-migrations": 1,
                "page-faults": 206222,
                "cycles": 139873357300,
                "instructions": 97129606461,
                "branches": 20989435142,
                "branch-misses": 600282400,
                "max-rss": 1442352,
                "wall-time": 46.63
            },
            "sqlite3": {
                "task-clock": 63115.675294999994,
                "context-switches": 461,
                "cpu-migrations": 1,
                "page-faults": 110033,
                "cycles": 191854516159,
                "instructions": 150950942977,
                "branches": 32281230097,
                "branch-misses": 844619749,
                "max-rss": 503832,
                "wall-time": 63.260000000000005
            },
            "consumer-typeset": {
                "task-clock": 39189.09202800001,
                "context-switches": 871,
                "cpu-migrations": 2,
                "page-faults": 216828,
                "cycles": 119109921505,
                "instructions": 95129796602,
                "branches": 20168055474,
                "branch-misses": 543985711,
                "max-rss": 2973792,
                "wall-time": 41.029999999999994
            },
            "Bullet": {
                "task-clock": 69730.18743100001,
                "context-switches": 3646,
                "cpu-migrations": 3,
                "page-faults": 562634,
                "cycles": 211706686104,
                "instructions": 157086546032,
                "branches": 33135558889,
                "branch-misses": 856071847,
                "max-rss": 7530460,
                "wall-time": 74.41999999999996
            },
            "tramp3d-v4": {
                "task-clock": 114994.471647,
                "context-switches": 564,
                "cpu-migrations": 1,
                "page-faults": 298675,
                "cycles": 349860227991,
                "instructions": 269876219441,
                "branches": 58337225089,
                "branch-misses": 1311288665,
                "max-rss": 1192000,
                "wall-time": 115.14
            },
            "mafft": {
                "task-clock": 22442.542114999997,
                "context-switches": 573,
                "cpu-migrations": 1,
                "page-faults": 126584,
                "cycles": 68330442817,
                "instructions": 68324345571,
                "branches": 14446400525,
                "branch-misses": 338730533,
                "max-rss": 1643288,
                "wall-time": 23.43
            },