{
    "config": 0,
    "clang_size": {
        "size-text": 68505017,
        "size-data": 2842408,
        "size-bss": 290408,
        "size-total": 71637833
    },
    "data": {
        "ReleaseThinLTO": {
            "kimwitu++": {
                "task-clock": 31367.554109999994,
                "context-switches": 1796,
                "cpu-migrations": 56,
                "page-faults": 143120,
                "cycles": 105665125745,
                "instructions": 91929365953,
                "branches": 20001048754,
                "branch-misses": 509066254,
                "max-rss": 1168552,
                "wall-time": 29.12,
                "size-text": 786980,
                "size-data": 25960,
                "size-bss": 12560,
                "size-total": 825500
            },
            "sqlite3": {
                "task-clock": 46025.379044,
                "context-switches": 2125,
                "cpu-migrations": 87,
                "page-faults": 60159,
                "cycles": 155032240863,
                "instructions": 144253825408,
                "branches": 31058221666,
                "branch-misses": 766076639,
                "max-rss": 309376,
                "wall-time": 55.870000000000005,
                "size-text": 780826,
                "size-data": 3095,
                "size-bss": 624,
                "size-total": 784545
            },
            "consumer-typeset": {
                "task-clock": 29371.344049000014,
                "context-switches": 2081,
                "cpu-migrations": 66,
                "page-faults": 181546,
                "cycles": 98919365948,
                "instructions": 93174152169,
                "branches": 19867225289,
                "branch-misses": 526146521,
                "max-rss": 2743176,
                "wall-time": 27.630000000000006,
                "size-text": 667954,
                "size-data": 3768,
                "size-bss": 65200,
                "size-total": 736922
            },
            "Bullet": {
                "task-clock": 46923.61999099999,
                "context-switches": 4237,
                "cpu-migrations": 176,
                "page-faults": 483262,
                "cycles": 157815962375,
                "instructions": 140368132866,
                "branches": 29776378494,
                "branch-misses": 700711194,
                "max-rss": 6969372,
                "wall-time": 65.11999999999998,
                "size-text": 394152,
                "size-data": 403696,
                "size-bss": 43328,
                "size-total": 841176
            },
            "tramp3d-v4": {
                "task-clock": 89474.698642,
                "context-switches": 2642,
                "cpu-migrations": 191,
                "page-faults": 125777,
                "cycles": 301375405463,
                "instructions": 295996812630,
                "branches": 64775760264,
                "branch-misses": 1269335240,
                "max-rss": 481140,
                "wall-time": 105.67,
                "size-text": 885402,
                "size-data": 1800,
                "size-bss": 1848,
                "size-total": 889050
            },
            "mafft": {
                "task-clock": 17676.432174000005,
                "context-switches": 745,
                "cpu-migrations": 3,
                "page-faults": 106994,
                "cycles": 59549808593,
                "instructions": 59852304508,
                "branches": 12715659308,
                "branch-misses": 287285334,
                "max-rss": 1501888,
                "wall-time": 14.250000000000002,
                "size-text": 275609,
                "size-data": 3052,
                "size-bss": 14911040,
                "size-total": 15189701
            },
            "ClamAV": {
                "task-clock": 40838.93837999998,
                "context-switches": 3347,
                "cpu-migrations": 119,
                "page-faults": 294014,
                "cycles": 137512879876,
                "instructions": 130046307516,
                "branches": 27766756504,
                "branch-misses": 761069972,
                "max-rss": 5048160,
                "wall-time": 44.37000000000002,
                "size-text": 773613,
                "size-data": 52872,
                "size-bss": 4752,
                "size-total": 831237
            },
            "lencod": {
                "task-clock": 57125.516392,
                "context-switches": 3224,
                "cpu-migrations": 167,
                "page-faults": 226017,
                "cycles": 192426579331,
                "instructions": 202111264746,
                "branches": 42387393691,
                "branch-misses": 767334716,
                "max-rss": 3023172,
                "wall-time": 48.97999999999999,
                "size-text": 957979,
                "size-data": 2144,
                "size-bss": 106176,
                "size-total": 1066299
            },
            "SPASS": {
                "task-clock": 37760.648494,
                "context-switches": 3416,
                "cpu-migrations": 85,
                "page-faults": 169905,
                "cycles": 126947040322,
                "instructions": 116644474482,
                "branches": 25182515474,
                "branch-misses": 696282941,
                "max-rss": 2734292,
                "wall-time": 33.25,
                "size-text": 608440,
                "size-data": 872,
                "size-bss": 346536,
                "size-total": 955848
            },
            "7zip": {
                "task-clock": 110538.12154200001,
                "context-switches": 10365,
                "cpu-migrations": 253,
                "page-faults": 793223,
                "cycles": 371783270097,
                "instructions": 329452943392,
                "branches": 70598734178,
                "branch-misses": 1937155505,
                "max-rss": 11995616,
                "wall-time": 100.76000000000002,
                "size-text": 1433841,
                "size-data": 4160,
                "size-bss": 29280,
                "size-total": 1467281
            },
            "geomean": {
                "task-clock": 44528.12746385213,
                "context-switches": 2756.273318901759,
                "cpu-migrations": 82.06767661066208,
                "page-faults": 197662.43894943316,
                "cycles": 149909618465.3278,
                "instructions": 140989236780.64844,
                "branches": 30210977246.323326,
                "branch-misses": 727100051.4435747,
                "max-rss": 2186731.3978675534,
                "wall-time": 44.734438534995995,
                "size-text": 692940.6905911259,
                "size-data": 6984.009238215472,
                "size-bss": 35437.433332268796,
                "size-total": 1210214.8400807409
            }
        },
        "O3": {
            "kimwitu++": {
                "task-clock": 24244.926359999998,
                "context-switches": 810,
                "cpu-migrations": 1,
                "page-faults": 140157,
                "cycles": 81664494086,
                "instructions": 66565691779,
                "branches": 14426567902,
                "branch-misses": 412892805,
                "max-rss": 1202504,
                "wall-time": 24.849999999999998,
                "size-text": 805309,
                "size-data": 31168,
                "size-bss": 12592,
                "size-total": 849069
            },
            "sqlite3": {
                "task-clock": 32052.774179,
                "context-switches": 256,
                "cpu-migrations": 2,
                "page-faults": 39369,
                "cycles": 108080089125,
                "instructions": 96344057478,
                "branches": 20607542372,
                "branch-misses": 559719334,
                "max-rss": 250052,