{
    "config": 0,
    "clang_size": [],
    "data": {
        "ReleaseThinLTO": {
            "kimwitu++": {
                "task-clock": 41837.940845,
                "context-switches": 2218,
                "cpu-migrations": 90,
                "page-faults": 147172,
                "cycles": 126751162145,
                "instructions": 93236369506,
                "branches": 20232548796,
                "branch-misses": 578727239,
                "max-rss": 1205664,
                "wall-time": 38.220000000000006
            },
            "sqlite3": {
                "task-clock": 56406.23632899999,
                "context-switches": 2257,
                "cpu-migrations": 144,
                "page-faults": 61634,
                "cycles": 171226801236,
                "instructions": 140008051172,
                "branches": 30133055014,
                "branch-misses": 811782559,
                "max-rss": 316596,
                "wall-time": 68.35
            },
            "consumer-typeset": {
                "task-clock": 36973.689779999986,
                "context-switches": 2455,
                "cpu-migrations": 137,
                "page-faults": 188011,
                "cycles": 112324800744,
                "instructions": 91525867660,
                "branches": 19503764067,
                "branch-misses": 565469248,
                "max-rss": 2842932,
                "wall-time": 33.919999999999995
            },
            "Bullet": {
                "task-clock": 61814.77116400003,
                "context-switches": 5297,
                "cpu-migrations": 227,
                "page-faults": 498032,
                "cycles": 187214774778,
                "instructions": 139160480142,
                "branches": 29433351522,
                "branch-misses": 784808956,
                "max-rss": 7212348,
                "wall-time": 82.81
            },
            "tramp3d-v4": {
                "task-clock": 110542.28548,
                "context-switches": 2932,
                "cpu-migrations": 186,
                "page-faults": 126766,
                "cycles": 335345797490,
                "instructions": 286677911339,
                "branches": 62621572231,
                "branch-misses": 1357967453,
                "max-rss": 484364,
                "wall-time": 128.98
            },
            "mafft": {
                "task-clock": 21612.803321,
                "context-switches": 670,
                "cpu-migrations": 1,
                "page-faults": 110658,
                "cycles": 65501610945,
                "instructions": 57361197806,
                "branches": 12193748020,
                "branch-misses": 296760852,
                "max-rss": 1556092,
                "wall-time": 17.16
            },
            "ClamAV": {
                "task-clock": 51133.97594499999,
                "context-switches": 4050,
                "cpu-migrations": 215,
                "page-faults": 301432,
                "cycles": 155002265101,
                "instructions": 126301841132,
                "branches": 26995816287,
                "branch-misses": 807480184,
                "max-rss": 5225752,
                "wall-time": 55.059999999999995
            },
            "lencod": {
                "task-clock": 67842.76880399999,
                "context-switches": 4279,
                "cpu-migrations": 249,
                "page-faults": 233448,
                "cycles": 205871771227,
                "instructions": 190678645835,
                "branches": 40002373229,
                "branch-misses": 798720781,
                "max-rss": 3125960,
                "wall-time": 59.56
            },
            "SPASS": {
                "task-clock": 48627.408746,
                "context-switches": 4002,
                "cpu-migrations": 121,
                "page-faults": 176076,
                "cycles": 147394134715,
                "instructions": 115856174757,
                "branches": 24956295037,
                "branch-misses": 753928929,
                "max-rss": 2827700,
                "wall-time": 42.709999999999994
            },
            "7zip": {
                "task-clock": 144956.15093300003,
                "context-switches": 12447,
                "cpu-migrations": 328,
                "page-faults": 811759,
                "cycles": 438744311566,
                "instructions": 325875559121,
                "branches": 69796474981,
                "branch-misses": 2136530896,
                "max-rss": 12398072,
                "wall-time": 131.10999999999999
            },
            "geomean": {
                "task-clock": 56214.10398339793,
                "context-switches": 3193.7082653168213,
                "cpu-migrations": 104.76498113278421,
                "page-faults": 203169.1878507555,
                "cycles": 170439827734.427,
                "instructions": 137895257331.63452,
                "branches": 29520988246.526375,
                "branch-misses": 783600852.0085136,
                "max-rss": 2253565.413607978,
                "wall-time": 55.90573699765017
            }
        },
        "ReleaseLTO-g": {
            "kimwitu++": {
                "task-clock": 45145.04313800001,
                "context-switches": 1128,
                "cpu-migrations": 3,
                "page-faults": 206250,
                "cycles": 137510242024,
                "instructions": 96897096939,
                "branches": 20940264001,
                "branch-misses": 599281923,
                "max-rss": 1440196,
                "wall-time": 45.86
            },
            "sqlite3": {
                "task-clock": 61506.19510700001,
                "context-switches": 428,
                "cpu-migrations": 1,
                "page-faults": 110287,
                "cycles": 187238094167,
                "instructions": 149317574444,
                "branches": 31932591517,
                "branch-misses": 841328284,
                "max-rss": 504520,
                "wall-time": 61.65
            },
            "consumer-typeset": {
                "task-clock": 38271.89207699999,
                "context-switches": 872,
                "cpu-migrations": 1,
                "page-faults": 217008,
                "cycles": 116595369904,
                "instructions": 94123885300,
                "branches": 19948737685,
                "branch-misses": 541358002,
                "max-rss": 2975564,
                "wall-time": 40.08
            },
            "Bullet": {
                "task-clock": 68974.92440100001,
                "context-switches": 3327,
                "cpu-migrations": 3,
                "page-faults": 562891,
                "cycles": 209073748736,
                "instructions": 156450540701,
                "branches": 32992220067,
                "branch-misses": 859313423,
                "max-rss": 7536080,
                "wall-time": 73.41000000000001
            },
            "tramp3d-v4": {
                "task-clock": 111464.07908699999,
                "context-switches": 637,
                "cpu-migrations": 1,
                "page-faults": 298215,
                "cycles": 339942616146,
                "instructions": 267614175964,
                "branches": 57857111511,
                "branch-misses": 1307402070,
                "max-rss": 1189732,
                "wall-time": 111.69
            },
            "mafft": {
                "task-clock": 21942.9125,
                "context-switches": 601,
                "cpu-migrations": 0,
                "page-faults": 126349,
                "cycles": 66837574727,
                "instructions": 67333368138,
                "branches": 14245958347,
                "branch-misses": 337313091,
                "max-rss": 1645024,
                "wall-time": 22.919999999999995
            },