{
    "config": 0,
    "clang_size": [],
    "data": {
        "ReleaseThinLTO": {
            "kimwitu++": {
                "task-clock": 42123.516641,
                "context-switches": 2214,
                "cpu-migrations": 93,
                "page-faults": 148548,
                "cycles": 128114602374,
                "instructions": 93519976361,
                "branches": 20295320511,
                "branch-misses": 578051223,
                "max-rss": 1212304,
                "wall-time": 38.79
            },
            "sqlite3": {
                "task-clock": 58329.247437,
                "context-switches": 2550,
                "cpu-migrations": 131,
                "page-faults": 61672,
                "cycles": 176892649226,
                "instructions": 141626700396,
                "branches": 30458859920,
                "branch-misses": 815867150,
                "max-rss": 316060,
                "wall-time": 71.2
            },
            "consumer-typeset": {
                "task-clock": 37462.55762299999,
                "context-switches": 2463,
                "cpu-migrations": 190,
                "page-faults": 188086,
                "cycles": 113525076155,
                "instructions": 92521289522,
                "branches": 19717204770,
                "branch-misses": 567397449,
                "max-rss": 2830816,
                "wall-time": 34.24
            },
            "Bullet": {
                "task-clock": 62493.72302100003,
                "context-switches": 5078,
                "cpu-migrations": 241,
                "page-faults": 497764,
                "cycles": 189441304243,
                "instructions": 139684924860,
                "branches": 29546960372,
                "branch-misses": 784783487,
                "max-rss": 7207468,
                "wall-time": 83.97999999999999
            },
            "tramp3d-v4": {
                "task-clock": 112134.198172,
                "context-switches": 3241,
                "cpu-migrations": 233,
                "page-faults": 133365,
                "cycles": 341066710503,
                "instructions": 289664793616,
                "branches": 63220689270,
                "branch-misses": 1365483329,
                "max-rss": 483860,
                "wall-time": 130.89
            },
            "mafft": {
                "task-clock": 21845.911268000003,
                "context-switches": 714,
                "cpu-migrations": 4,
                "page-faults": 111384,
                "cycles": 66316929348,
                "instructions": 57990407378,
                "branches": 12317702487,
                "branch-misses": 297883203,
                "max-rss": 1555496,
                "wall-time": 17.38
            },
            "ClamAV": {
                "task-clock": 52347.23951899999,
                "context-switches": 3884,
                "cpu-migrations": 190,
                "page-faults": 303530,
                "cycles": 158633778439,
                "instructions": 128977670531,
                "branches": 27546369464,
                "branch-misses": 812760603,
                "max-rss": 5219784,
                "wall-time": 55.70999999999998
            },
            "lencod": {
                "task-clock": 69093.808002,
                "context-switches": 4438,
                "cpu-migrations": 286,
                "page-faults": 228529,
                "cycles": 210265981475,
                "instructions": 194148790717,
                "branches": 40691183731,
                "branch-misses": 808275362,
                "max-rss": 3121580,
                "wall-time": 60.36000000000001
            },
            "SPASS": {
                "task-clock": 48986.60155400001,
                "context-switches": 3972,
                "cpu-migrations": 115,
                "page-faults": 175488,
                "cycles": 148795550293,
                "instructions": 116907402716,
                "branches": 25164669022,
                "branch-misses": 755647496,
                "max-rss": 2834392,
                "wall-time": 42.84
            },
            "7zip": {
                "task-clock": 146453.576816,
                "context-switches": 12748,
                "cpu-migrations": 327,
                "page-faults": 811274,
                "cycles": 444149791430,
                "instructions": 330388793051,
                "branches": 70713980556,
                "branch-misses": 2143097565,
                "max-rss": 12385764,
                "wall-time": 132.16
            },
            "geomean": {
                "task-clock": 57056.65762014173,
                "context-switches": 3276.551482770434,
                "cpu-migrations": 126.65740993143294,
                "page-faults": 204162.389427868,
                "cycles": 173205736970.58496,
                "instructions": 139450769554.0362,
                "branches": 29838142592.478935,
                "branch-misses": 786762877.2137076,
                "max-rss": 2252720.843245299,
                "wall-time": 56.708707906096315
            }
        },
        "ReleaseLTO-g": {
            "kimwitu++": {
                "task-clock": 45929.601597,
                "context-switches": 989,
                "cpu-migrations": 1,
                "page-faults": 205975,
                "cycles": 139590487899,
                "instructions": 97299803339,
                "branches": 21017835198,
                "branch-misses": 599830860,
                "max-rss": 1440008,
                "wall-time": 46.61000000000001
            },
            "sqlite3": {
                "task-clock": 62647.94423,
                "context-switches": 544,
                "cpu-migrations": 2,
                "page-faults": 110116,
                "cycles": 190082879637,
                "instructions": 151016459617,
                "branches": 32281016011,
                "branch-misses": 844708893,
                "max-rss": 504208,
                "wall-time": 62.83
            },
            "consumer-typeset": {
                "task-clock": 39286.237832000006,
                "context-switches": 855,
                "cpu-migrations": 2,
                "page-faults": 216798,
                "cycles": 119108240940,
                "instructions": 95165777109,
                "branches": 20169577251,
                "branch-misses": 546026081,
                "max-rss": 2973248,
                "wall-time": 41.13000000000002
            },
            "Bullet": {
                "task-clock": 69623.995027,
                "context-switches": 3084,
                "cpu-migrations": 3,
                "page-faults": 562496,
                "cycles": 211686772164,
                "instructions": 157121817524,
                "branches": 33138050160,
                "branch-misses": 856632821,
                "max-rss": 7531464,
                "wall-time": 74.27999999999999
            },
            "tramp3d-v4": {
                "task-clock": 114539.265622,
                "context-switches": 987,
                "cpu-migrations": 1,
                "page-faults": 298298,
                "cycles": 348392910647,
                "instructions": 269870204742,
                "branches": 58326894757,
                "branch-misses": 1309954715,
                "max-rss": 1190028,
                "wall-time": 114.75
            },
            "mafft": {
                "task-clock": 22649.667296000003,
                "context-switches": 616,
                "cpu-migrations": 0,
                "page-faults": 126452,
                "cycles": 68575253258,
                "instructions": 68331270341,
                "branches": 14444873274,
                "branch-misses": 340306552,
                "max-rss": 1644324,
                "wall-time": 23.650000000000002
            },
            "ClamAV": {
                "task-clock": 60015.01056699999,