{
    "config": 0,
    "clang_size": [],
    "data": {
        "ReleaseThinLTO": {
            "kimwitu++": {
                "task-clock": 41701.784877,
                "context-switches": 2529,
                "cpu-migrations": 88,
                "page-faults": 148569,
                "cycles": 127357510416,
                "instructions": 93336478952,
                "branches": 20256919580,
                "branch-misses": 579882497,
                "max-rss": 1210436,
                "wall-time": 38.21999999999999
            },
            "sqlite3": {
                "task-clock": 56067.295245,
                "context-switches": 2492,
                "cpu-migrations": 132,
                "page-faults": 61564,
                "cycles": 171014702513,
                "instructions": 140008122440,
                "branches": 30129333681,
                "branch-misses": 808286564,
                "max-rss": 315336,
                "wall-time": 68.69
            },
            "consumer-typeset": {
                "task-clock": 36897.26374499998,
                "context-switches": 2486,
                "cpu-migrations": 141,
                "page-faults": 189161,
                "cycles": 112437760754,
                "instructions": 91647098670,
                "branches": 19530918149,
                "branch-misses": 563169942,
                "max-rss": 2834384,
                "wall-time": 33.76
            },
            "Bullet": {
                "task-clock": 61695.368703,
                "context-switches": 5177,
                "cpu-migrations": 222,
                "page-faults": 498421,
                "cycles": 188109223773,
                "instructions": 139163572025,
                "branches": 29434306314,
                "branch-misses": 784163024,
                "max-rss": 7206728,
                "wall-time": 82.76000000000002
            },
            "tramp3d-v4": {
                "task-clock": 109707.30903,
                "context-switches": 3174,
                "cpu-migrations": 200,
                "page-faults": 128238,
                "cycles": 335117110772,
                "instructions": 286970496709,
                "branches": 62679552592,
                "branch-misses": 1361560123,
                "max-rss": 483708,
                "wall-time": 128.53
            },
            "mafft": {
                "task-clock": 21454.417752,
                "context-switches": 701,
                "cpu-migrations": 3,
                "page-faults": 111696,
                "cycles": 65532209367,
                "instructions": 57365160231,
                "branches": 12192851040,
                "branch-misses": 298565916,
                "max-rss": 1555704,
                "wall-time": 17.02
            },
            "ClamAV": {
                "task-clock": 50953.0183,
                "context-switches": 4084,
                "cpu-migrations": 212,
                "page-faults": 301907,
                "cycles": 155446805633,
                "instructions": 126586133340,
                "branches": 27058794505,
                "branch-misses": 809959120,
                "max-rss": 5218968,
                "wall-time": 54.429999999999986
            },
            "lencod": {
                "task-clock": 67551.106764,
                "context-switches": 4161,
                "cpu-migrations": 206,
                "page-faults": 231012,
                "cycles": 206442281361,
                "instructions": 190701003233,
                "branches": 40001509257,
                "branch-misses": 798989776,
                "max-rss": 3117724,
                "wall-time": 58.44
            },
            "SPASS": {
                "task-clock": 48433.650908999996,
                "context-switches": 3768,
                "cpu-migrations": 88,
                "page-faults": 174981,
                "cycles": 147816536565,
                "instructions": 115897405212,
                "branches": 24964117968,
                "branch-misses": 754394345,
                "max-rss": 2830520,
                "wall-time": 42.120000000000005
            },
            "7zip": {
                "task-clock": 144341.54100299996,
                "context-switches": 12805,
                "cpu-migrations": 339,
                "page-faults": 811774,
                "cycles": 439825219298,
                "instructions": 325952251665,
                "branches": 69808286963,
                "branch-misses": 2134455416,
                "max-rss": 12400044,
                "wall-time": 130.60999999999996
            },
            "geomean": {
                "task-clock": 55965.504084923035,
                "context-switches": 3288.648840501409,
                "cpu-migrations": 111.011134044054,
                "page-faults": 203594.99965678068,
                "cycles": 170781777910.55127,
                "instructions": 137984441604.04797,
                "branches": 29539140746.72864,
                "branch-misses": 783956214.592074,
                "max-rss": 2251714.99398755,
                "wall-time": 55.569751103504316
            }
        },
        "ReleaseLTO-g": {
            "kimwitu++": {
                "task-clock": 45244.67193900001,
                "context-switches": 771,
                "cpu-migrations": 1,
                "page-faults": 205937,
                "cycles": 137768479646,
                "instructions": 97023353867,
                "branches": 20970804182,
                "branch-misses": 602001211,
                "max-rss": 1438712,
                "wall-time": 45.84
            },
            "sqlite3": {
                "task-clock": 61053.512197000004,
                "context-switches": 764,
                "cpu-migrations": 1,
                "page-faults": 110408,
                "cycles": 185790398148,
                "instructions": 149423219738,
                "branches": 31955472077,
                "branch-misses": 841060920,
                "max-rss": 505552,
                "wall-time": 61.239999999999995
            },
            "consumer-typeset": {
                "task-clock": 38416.901528,
                "context-switches": 838,
                "cpu-migrations": 1,
                "page-faults": 216953,
                "cycles": 116931053897,
                "instructions": 94238569829,
                "branches": 19976787529,
                "branch-misses": 542960400,
                "max-rss": 2973328,
                "wall-time": 40.319999999999986
            },
            "Bullet": {
                "task-clock": 69015.993857,
                "context-switches": 2365,
                "cpu-migrations": 1,
                "page-faults": 563012,
                "cycles": 210619867624,
                "instructions": 156538189287,
                "branches": 33009591916,
                "branch-misses": 855909195,
                "max-rss": 7536596,
                "wall-time": 73.36999999999998
            },
            "tramp3d-v4": {
                "task-clock": 111246.555732,
                "context-switches": 1421,
                "cpu-migrations": 1,
                "page-faults": 298853,
                "cycles": 339176841383,
                "instructions": 267499377010,
                "branches": 57832154586,
                "branch-misses": 1303887733,
                "max-rss": 1192364,
                "wall-time": 111.42
            },
            "mafft": {
                "task-clock": 22203.763146999998,
                "context-switches": 516,
                "cpu-migrations": 0,
                "page-faults": 126483,
                "cycles": 67414726335,
                "instructions": 67355348703,
                "branches": 14248902942,
                "branch-misses": 336758484,
                "max-rss": 1642616,
                "wall-time": 23.220000000000006
            },