{
    "config": 0,
    "clang_size": [],
    "data": {
        "ReleaseThinLTO": {
            "kimwitu++": {
                "task-clock": 42336.99044399999,
                "context-switches": 2319,
                "cpu-migrations": 103,
                "page-faults": 148403,
                "cycles": 128634814869,
                "instructions": 93604903103,
                "branches": 20333439227,
                "branch-misses": 581759484,
                "max-rss": 1208940,
                "wall-time": 38.74000000000001
            },
            "sqlite3": {
                "task-clock": 57673.558082999996,
                "context-switches": 2802,
                "cpu-migrations": 139,
                "page-faults": 61542,
                "cycles": 175255646858,
                "instructions": 141652700188,
                "branches": 30495067352,
                "branch-misses": 812965703,
                "max-rss": 314852,
                "wall-time": 70.64
            },
            "consumer-typeset": {
                "task-clock": 37483.252579999986,
                "context-switches": 2463,
                "cpu-migrations": 132,
                "page-faults": 186785,
                "cycles": 113939031910,
                "instructions": 92600412426,
                "branches": 19748712537,
                "branch-misses": 563511644,
                "max-rss": 2837484,
                "wall-time": 34.17999999999999
            },
            "Bullet": {
                "task-clock": 62305.624327,
                "context-switches": 5224,
                "cpu-migrations": 234,
                "page-faults": 497702,
                "cycles": 189168384994,
                "instructions": 139763534740,
                "branches": 29582961280,
                "branch-misses": 783636956,
                "max-rss": 7197316,
                "wall-time": 83.91
            },
            "tramp3d-v4": {
                "task-clock": 112440.49752099998,
                "context-switches": 3032,
                "cpu-migrations": 177,
                "page-faults": 128494,
                "cycles": 342035508980,
                "instructions": 289757146163,
                "branches": 63326934812,
                "branch-misses": 1360893667,
                "max-rss": 486104,
                "wall-time": 131.86
            },
            "mafft": {
                "task-clock": 21743.954970000003,
                "context-switches": 688,
                "cpu-migrations": 0,
                "page-faults": 110264,
                "cycles": 66140630872,
                "instructions": 58014729010,
                "branches": 12329078075,
                "branch-misses": 298205309,
                "max-rss": 1552616,
                "wall-time": 17.28
            },
            "ClamAV": {
                "task-clock": 52125.579776999984,
                "context-switches": 4049,
                "cpu-migrations": 239,
                "page-faults": 300672,
                "cycles": 158584504166,
                "instructions": 129086622692,
                "branches": 27577595195,
                "branch-misses": 812117547,
                "max-rss": 5224872,
                "wall-time": 55.39000000000001
            },
            "lencod": {
                "task-clock": 69052.775608,
                "context-switches": 4429,
                "cpu-migrations": 210,
                "page-faults": 230642,
                "cycles": 210068910366,
                "instructions": 194263314371,
                "branches": 40746403744,
                "branch-misses": 800728555,
                "max-rss": 3123244,
                "wall-time": 60.099999999999994
            },
            "SPASS": {
                "task-clock": 49119.525089999996,
                "context-switches": 3939,
                "cpu-migrations": 88,
                "page-faults": 174652,
                "cycles": 149215453261,
                "instructions": 117009498323,
                "branches": 25213065025,
                "branch-misses": 755921098,
                "max-rss": 2823380,
                "wall-time": 43.01
            },
            "7zip": {
                "task-clock": 147076.21657999998,
                "context-switches": 12609,
                "cpu-migrations": 317,
                "page-faults": 810982,
                "cycles": 446303338120,
                "instructions": 330478093940,
                "branches": 70769376809,
                "branch-misses": 2146914398,
                "max-rss": 12389192,
                "wall-time": 132.36999999999995
            },
            "geomean": {
                "task-clock": 57007.91002061991,
                "context-switches": 3304.664824447798,
                "cpu-migrations": 0,
                "page-faults": 202883.0859602374,
                "cycles": 173266962704.6548,
                "instructions": 139532009956.2966,
                "branches": 29878972834.93341,
                "branch-misses": 785519276.3707837,
                "max-rss": 2251594.781946577,
                "wall-time": 56.62546409462926
            }
        },
        "ReleaseLTO-g": {
            "kimwitu++": {
                "task-clock": 46046.419391,
                "context-switches": 1164,
                "cpu-migrations": 1,
                "page-faults": 206154,
                "cycles": 139697528786,
                "instructions": 97300338324,
                "branches": 21037135360,
                "branch-misses": 599409515,
                "max-rss": 1441236,
                "wall-time": 46.63999999999999
            },
            "sqlite3": {
                "task-clock": 63162.659067,
                "context-switches": 534,
                "cpu-migrations": 1,
                "page-faults": 108843,
                "cycles": 191088295449,
                "instructions": 151094137709,
                "branches": 32319123688,
                "branch-misses": 846337190,
                "max-rss": 499420,
                "wall-time": 63.33
            },
            "consumer-typeset": {
                "task-clock": 39306.38610900001,
                "context-switches": 969,
                "cpu-migrations": 1,
                "page-faults": 216708,
                "cycles": 118921984362,
                "instructions": 95272377127,
                "branches": 20203284450,
                "branch-misses": 542904817,
                "max-rss": 2970996,
                "wall-time": 41.14
            },
            "Bullet": {
                "task-clock": 69747.43571699999,
                "context-switches": 3364,
                "cpu-migrations": 1,
                "page-faults": 562204,
                "cycles": 211480738305,
                "instructions": 157175921270,
                "branches": 33166333309,
                "branch-misses": 854518072,
                "max-rss": 7527592,
                "wall-time": 74.28000000000002
            },
            "tramp3d-v4": {
                "task-clock": 114648.210601,
                "context-switches": 595,
                "cpu-migrations": 2,
                "page-faults": 298726,
                "cycles": 347412796618,
                "instructions": 269920515929,
                "branches": 58381808980,
                "branch-misses": 1304579318,
                "max-rss": 1192144,
                "wall-time": 114.80000000000001
            },
            "mafft": {
                "task-clock": 22821.069931999995,
                "context-switches": 582,
                "cpu-migrations": 3,
                "page-faults": 126499,
                "cycles": 68875003948,
                "instructions": 68393689835,
                "branches": 14462062666,
                "branch-misses": 340004652,
                "max-rss": 1644588,
                "wall-time": 23.81000000000001
            },