{
    "config": 0,
    "clang_size": [],
    "data": {
        "ReleaseThinLTO": {
            "kimwitu++": {
                "task-clock": 42137.029481000005,
                "context-switches": 1917,
                "cpu-migrations": 89,
                "page-faults": 148505,
                "cycles": 127329149945,
                "instructions": 93543447287,
                "branches": 20323003947,
                "branch-misses": 580637376,
                "max-rss": 1208476,
                "wall-time": 38.32000000000001
            },
            "sqlite3": {
                "task-clock": 57011.309965,
                "context-switches": 2715,
                "cpu-migrations": 124,
                "page-faults": 62008,
                "cycles": 172443081341,
                "instructions": 141627389632,
                "branches": 30492802360,
                "branch-misses": 818049084,
                "max-rss": 318028,
                "wall-time": 69.6
            },
            "consumer-typeset": {
                "task-clock": 37530.757054000016,
                "context-switches": 2579,
                "cpu-migrations": 127,
                "page-faults": 188556,
                "cycles": 113477443610,
                "instructions": 92662254251,
                "branches": 19765536203,
                "branch-misses": 571274544,
                "max-rss": 2829552,
                "wall-time": 34.23
            },
            "Bullet": {
                "task-clock": 62211.59325799997,
                "context-switches": 5435,
                "cpu-migrations": 236,
                "page-faults": 497271,
                "cycles": 187752411627,
                "instructions": 139614993262,
                "branches": 29553679070,
                "branch-misses": 785724661,
                "max-rss": 7210240,
                "wall-time": 84.05000000000001
            },
            "tramp3d-v4": {
                "task-clock": 111724.829285,
                "context-switches": 3555,
                "cpu-migrations": 190,
                "page-faults": 128194,
                "cycles": 338081138168,
                "instructions": 289618778449,
                "branches": 63300273417,
                "branch-misses": 1373831451,
                "max-rss": 483660,
                "wall-time": 131.5
            },
            "mafft": {
                "task-clock": 21747.444059999998,
                "context-switches": 697,
                "cpu-migrations": 1,
                "page-faults": 111494,
                "cycles": 65838723440,
                "instructions": 58005978442,
                "branches": 12329266140,
                "branch-misses": 298478847,
                "max-rss": 1554672,
                "wall-time": 17.349999999999998
            },
            "ClamAV": {
                "task-clock": 52125.10974799998,
                "context-switches": 4222,
                "cpu-migrations": 261,
                "page-faults": 304301,
                "cycles": 157678255894,
                "instructions": 129087729366,
                "branches": 27579601219,
                "branch-misses": 816639569,
                "max-rss": 5221816,
                "wall-time": 55.75
            },
            "lencod": {
                "task-clock": 69245.888175,
                "context-switches": 4096,
                "cpu-migrations": 184,
                "page-faults": 229863,
                "cycles": 209266892353,
                "instructions": 194197807415,
                "branches": 40736433446,
                "branch-misses": 808421865,
                "max-rss": 3126676,
                "wall-time": 59.81999999999999
            },
            "SPASS": {
                "task-clock": 49146.069583,
                "context-switches": 4025,
                "cpu-migrations": 85,
                "page-faults": 175451,
                "cycles": 148538070373,
                "instructions": 116983602173,
                "branches": 25208112224,
                "branch-misses": 760018196,
                "max-rss": 2828556,
                "wall-time": 43.099999999999994
            },
            "7zip": {
                "task-clock": 146802.02584999998,
                "context-switches": 12526,
                "cpu-migrations": 333,
                "page-faults": 810257,
                "cycles": 442694897918,
                "instructions": 330416637801,
                "branches": 70765003708,
                "branch-misses": 2157911648,
                "max-rss": 12376748,
                "wall-time": 132.37
            },
            "geomean": {
                "task-clock": 56886.64641259965,
                "context-switches": 3309.4602486176827,
                "cpu-migrations": 98.4374263705965,
                "page-faults": 203652.27100575535,
                "cycles": 171948568753.91248,
                "instructions": 139495796127.04337,
                "branches": 29874304613.685215,
                "branch-misses": 789982142.1273518,
                "max-rss": 2253007.0522439554,
                "wall-time": 56.52704342465829
            }
        },
        "ReleaseLTO-g": {
            "kimwitu++": {
                "task-clock": 45503.05043100001,
                "context-switches": 1002,
                "cpu-migrations": 1,
                "page-faults": 206086,
                "cycles": 137807060201,
                "instructions": 97133372569,
                "branches": 21011783547,
                "branch-misses": 601017975,
                "max-rss": 1444156,
                "wall-time": 46.13000000000001
            },
            "sqlite3": {
                "task-clock": 62558.353361,
                "context-switches": 492,
                "cpu-migrations": 1,
                "page-faults": 110033,
                "cycles": 189165660303,
                "instructions": 150972480645,
                "branches": 32298842114,
                "branch-misses": 849635273,
                "max-rss": 502876,
                "wall-time": 62.76
            },
            "consumer-typeset": {
                "task-clock": 39175.369594,
                "context-switches": 888,
                "cpu-migrations": 1,
                "page-faults": 216501,
                "cycles": 118170168481,
                "instructions": 95250512391,
                "branches": 20203541937,
                "branch-misses": 546839212,
                "max-rss": 2971588,
                "wall-time": 41.04999999999999
            },
            "Bullet": {
                "task-clock": 69714.322828,
                "context-switches": 3181,
                "cpu-migrations": 4,
                "page-faults": 562472,
                "cycles": 210377267344,
                "instructions": 157040518547,
                "branches": 33143908499,
                "branch-misses": 858777155,
                "max-rss": 7534092,
                "wall-time": 74.25999999999999
            },
            "tramp3d-v4": {
                "task-clock": 113454.006731,
                "context-switches": 727,
                "cpu-migrations": 1,
                "page-faults": 298867,
                "cycles": 343710941696,
                "instructions": 269823409743,
                "branches": 58387785905,
                "branch-misses": 1313800599,
                "max-rss": 1192312,
                "wall-time": 113.64
            },
            "mafft": {
                "task-clock": 22471.220941000003,
                "context-switches": 577,
                "cpu-migrations": 0,
                "page-faults": 127813,
                "cycles": 67876077484,
                "instructions": 68351294272,
                "branches": 14455058203,
                "branch-misses": 339983859,
                "max-rss": 1643784,
                "wall-time": 23.46
            },