{
    "config": 0,
    "clang_size": {
        "size-text": 68508006,
        "size-data": 2842408,
        "size-bss": 290408,
        "size-total": 71640822
    },
    "data": {
        "ReleaseThinLTO": {
            "kimwitu++": {
                "task-clock": 31447.253753000005,
                "context-switches": 1767,
                "cpu-migrations": 53,
                "page-faults": 142607,
                "cycles": 105901117831,
                "instructions": 91908787884,
                "branches": 19995686210,
                "branch-misses": 506629085,
                "max-rss": 1165592,
                "wall-time": 29.119999999999997,
                "size-text": 786980,
                "size-data": 25960,
                "size-bss": 12560,
                "size-total": 825500
            },
            "sqlite3": {
                "task-clock": 46297.122504,
                "context-switches": 2619,
                "cpu-migrations": 131,
                "page-faults": 59712,
                "cycles": 155931263694,
                "instructions": 144294381775,
                "branches": 31067758992,
                "branch-misses": 766207608,
                "max-rss": 307964,
                "wall-time": 56.33,
                "size-text": 780826,
                "size-data": 3095,
                "size-bss": 624,
                "size-total": 784545
            },
            "consumer-typeset": {
                "task-clock": 29491.614205999995,
                "context-switches": 2151,
                "cpu-migrations": 122,
                "page-faults": 182638,
                "cycles": 99265755041,
                "instructions": 93198253535,
                "branches": 19872331915,
                "branch-misses": 526463977,
                "max-rss": 2743000,
                "wall-time": 27.65,
                "size-text": 667954,
                "size-data": 3768,
                "size-bss": 65200,
                "size-total": 736922
            },
            "Bullet": {
                "task-clock": 47078.317743,
                "context-switches": 4276,
                "cpu-migrations": 202,
                "page-faults": 484100,
                "cycles": 158402286048,
                "instructions": 140401626784,
                "branches": 29782755703,
                "branch-misses": 699771554,
                "max-rss": 6976032,
                "wall-time": 65.29999999999997,
                "size-text": 394152,
                "size-data": 403696,
                "size-bss": 43328,
                "size-total": 841176
            },
            "tramp3d-v4": {
                "task-clock": 89707.267291,
                "context-switches": 2421,
                "cpu-migrations": 139,
                "page-faults": 125379,
                "cycles": 302274783370,
                "instructions": 296019337885,
                "branches": 64778234527,
                "branch-misses": 1266826220,
                "max-rss": 479724,
                "wall-time": 104.12,
                "size-text": 885402,
                "size-data": 1800,
                "size-bss": 1848,
                "size-total": 889050
            },
            "mafft": {
                "task-clock": 17746.981781,
                "context-switches": 617,
                "cpu-migrations": 2,
                "page-faults": 107963,
                "cycles": 59802145413,
                "instructions": 59844194579,
                "branches": 12713736391,
                "branch-misses": 287897963,
                "max-rss": 1500712,
                "wall-time": 14.28,
                "size-text": 275609,
                "size-data": 3052,
                "size-bss": 14911040,
                "size-total": 15189701
            },
            "ClamAV": {
                "task-clock": 40911.78448,
                "context-switches": 3236,
                "cpu-migrations": 131,
                "page-faults": 293755,
                "cycles": 137770690645,
                "instructions": 130081150716,
                "branches": 27774458946,
                "branch-misses": 759430506,
                "max-rss": 5055732,
                "wall-time": 44.050000000000026,
                "size-text": 773613,
                "size-data": 52872,
                "size-bss": 4752,
                "size-total": 831237
            },
            "lencod": {
                "task-clock": 57172.164089,
                "context-switches": 3597,
                "cpu-migrations": 193,
                "page-faults": 223012,
                "cycles": 192587781523,
                "instructions": 202147346535,
                "branches": 42393409937,
                "branch-misses": 768110826,
                "max-rss": 3021932,
                "wall-time": 50.699999999999996,
                "size-text": 957979,
                "size-data": 2144,
                "size-bss": 106176,
                "size-total": 1066299
            },
            "SPASS": {
                "task-clock": 37722.088113000005,
                "context-switches": 3154,
                "cpu-migrations": 82,
                "page-faults": 169802,
                "cycles": 126941466521,
                "instructions": 116657814106,
                "branches": 25185946659,
                "branch-misses": 692754298,
                "max-rss": 2734252,
                "wall-time": 33.32000000000001,
                "size-text": 608440,
                "size-data": 872,
                "size-bss": 346536,
                "size-total": 955848
            },
            "7zip": {
                "task-clock": 110859.57922199997,
                "context-switches": 10367,
                "cpu-migrations": 236,
                "page-faults": 793676,
                "cycles": 372722505054,
                "instructions": 329374101161,
                "branches": 70587508286,
                "branch-misses": 1936897831,
                "max-rss": 11994248,
                "wall-time": 101.15,
                "size-text": 1433841,
                "size-data": 4160,
                "size-bss": 29280,
                "size-total": 1467281
            },
            "geomean": {
                "task-clock": 44647.89971348661,
                "context-switches": 2743.9701628243265,
                "cpu-migrations": 86.4342289446948,
                "page-faults": 197429.84208848275,
                "cycles": 150324165459.40552,
                "instructions": 141000748481.83243,
                "branches": 30213374584.160545,
                "branch-misses": 726258958.5001755,
                "max-rss": 2184766.297845546,
                "wall-time": 44.87894672036785,
                "size-text": 692940.6905911259,
                "size-data": 6984.009238215472,
                "size-bss": 35437.433332268796,
                "size-total": 1210214.8400807409
            }
        },
        "O3": {
            "kimwitu++": {
                "task-clock": 24447.36986,
                "context-switches": 845,
                "cpu-migrations": 1,
                "page-faults": 139976,
                "cycles": 82258703498,
                "instructions": 66546021219,
                "branches": 14420932541,
                "branch-misses": 412001541,
                "max-rss": 1203124,
                "wall-time": 25.04,
                "size-text": 805309,
                "size-data": 31168,
                "size-bss": 12592,
                "size-total": 849069
            },
            "sqlite3": {
                "task-clock": 32415.679103,
                "context-switches": 343,
                "cpu-migrations": 2,
                "page-faults": 39339,
                "cycles": 109288308532,
                "instructions": 96346324224,
                "branches": 20607188471,
                "branch-misses": 560981959,
                "max-rss": 250260,
                "wall-time": 32.56,