{
    "config": 0,
    "clang_size": [],
    "data": {
        "ReleaseThinLTO": {
            "kimwitu++": {
                "task-clock": 42058.139311,
                "context-switches": 1969,
                "cpu-migrations": 99,
                "page-faults": 148025,
                "cycles": 128194786277,
                "instructions": 93585928872,
                "branches": 20330563882,
                "branch-misses": 577410388,
                "max-rss": 1203268,
                "wall-time": 38.720000000000006
            },
            "sqlite3": {
                "task-clock": 57180.70658299999,
                "context-switches": 2652,
                "cpu-migrations": 136,
                "page-faults": 61523,
                "cycles": 174224208803,
                "instructions": 141626666951,
                "branches": 30488374512,
                "branch-misses": 812619923,
                "max-rss": 315216,
                "wall-time": 70.2
            },
            "consumer-typeset": {
                "task-clock": 37333.243087999996,
                "context-switches": 2581,
                "cpu-migrations": 127,
                "page-faults": 188979,
                "cycles": 113751254897,
                "instructions": 92604450300,
                "branches": 19753708404,
                "branch-misses": 566500587,
                "max-rss": 2842232,
                "wall-time": 34.27
            },
            "Bullet": {
                "task-clock": 62224.57181300001,
                "context-switches": 5415,
                "cpu-migrations": 228,
                "page-faults": 497781,
                "cycles": 189402242470,
                "instructions": 139737524572,
                "branches": 29577812268,
                "branch-misses": 783592864,
                "max-rss": 7203360,
                "wall-time": 83.67999999999999
            },
            "tramp3d-v4": {
                "task-clock": 111805.26310399998,
                "context-switches": 4096,
                "cpu-migrations": 174,
                "page-faults": 129034,
                "cycles": 340848553370,
                "instructions": 289737102668,
                "branches": 63319098437,
                "branch-misses": 1359620638,
                "max-rss": 483924,
                "wall-time": 130.62
            },
            "mafft": {
                "task-clock": 21758.795813,
                "context-switches": 573,
                "cpu-migrations": 2,
                "page-faults": 111598,
                "cycles": 66312869044,
                "instructions": 58008181518,
                "branches": 12326854131,
                "branch-misses": 298197633,
                "max-rss": 1553544,
                "wall-time": 17.319999999999997
            },
            "ClamAV": {
                "task-clock": 51953.760505999984,
                "context-switches": 4085,
                "cpu-migrations": 223,
                "page-faults": 302643,
                "cycles": 158259489224,
                "instructions": 128950015166,
                "branches": 27554781917,
                "branch-misses": 810807626,
                "max-rss": 5217724,
                "wall-time": 55.08999999999998
            },
            "lencod": {
                "task-clock": 68886.671837,
                "context-switches": 3893,
                "cpu-migrations": 196,
                "page-faults": 228330,
                "cycles": 210064739776,
                "instructions": 194222753003,
                "branches": 40734355802,
                "branch-misses": 803976224,
                "max-rss": 3115500,
                "wall-time": 59.73
            },
            "SPASS": {
                "task-clock": 48979.940685999994,
                "context-switches": 4067,
                "cpu-migrations": 101,
                "page-faults": 175634,
                "cycles": 149056844112,
                "instructions": 117002615773,
                "branches": 25211357497,
                "branch-misses": 754869881,
                "max-rss": 2829236,
                "wall-time": 42.790000000000006
            },
            "7zip": {
                "task-clock": 146257.848531,
                "context-switches": 12584,
                "cpu-migrations": 309,
                "page-faults": 810923,
                "cycles": 445508302665,
                "instructions": 330414406809,
                "branches": 70765261614,
                "branch-misses": 2139119391,
                "max-rss": 12378788,
                "wall-time": 132.05999999999997
            },
            "geomean": {
                "task-clock": 56782.48487423028,
                "context-switches": 3269.105692022307,
                "cpu-migrations": 106.34896563456456,
                "page-faults": 203435.47295164395,
                "cycles": 172997970947.17657,
                "instructions": 139500893966.734,
                "branches": 29873489411.15972,
                "branch-misses": 785028273.9118222,
                "max-rss": 2249894.812536862,
                "wall-time": 56.438370605404494
            }
        },
        "ReleaseLTO-g": {
            "kimwitu++": {
                "task-clock": 45826.86214100001,
                "context-switches": 680,
                "cpu-migrations": 1,
                "page-faults": 205755,
                "cycles": 139382755958,
                "instructions": 97490206377,
                "branches": 21081893627,
                "branch-misses": 599741239,
                "max-rss": 1437804,
                "wall-time": 46.39000000000001
            },
            "sqlite3": {
                "task-clock": 62305.122724999994,
                "context-switches": 333,
                "cpu-migrations": 1,
                "page-faults": 110130,
                "cycles": 189961495379,
                "instructions": 151026448881,
                "branches": 32302385829,
                "branch-misses": 842162457,
                "max-rss": 503780,
                "wall-time": 62.459999999999994
            },
            "consumer-typeset": {
                "task-clock": 38988.68472699999,
                "context-switches": 978,
                "cpu-migrations": 3,
                "page-faults": 216729,
                "cycles": 118850137751,
                "instructions": 95210693172,
                "branches": 20194978040,
                "branch-misses": 544285335,
                "max-rss": 2970248,
                "wall-time": 40.8
            },
            "Bullet": {
                "task-clock": 69651.378327,
                "context-switches": 3164,
                "cpu-migrations": 2,
                "page-faults": 562494,
                "cycles": 211698390450,
                "instructions": 157164045967,
                "branches": 33165337850,
                "branch-misses": 854095990,
                "max-rss": 7526704,
                "wall-time": 73.97999999999999
            },
            "tramp3d-v4": {
                "task-clock": 113787.767117,
                "context-switches": 1341,
                "cpu-migrations": 1,
                "page-faults": 298656,
                "cycles": 346335221330,
                "instructions": 270114922469,
                "branches": 58428410382,
                "branch-misses": 1306221636,
                "max-rss": 1191048,
                "wall-time": 113.96000000000001
            },
            "mafft": {
                "task-clock": 22438.600459999998,
                "context-switches": 531,
                "cpu-migrations": 0,
                "page-faults": 126366,
                "cycles": 68297637147,
                "instructions": 68322690029,
                "branches": 14447697781,
                "branch-misses": 338675314,
                "max-rss": 1642548,
                "wall-time": 23.5
            },