{
    "config": 0,
    "clang_size": [],
    "data": {
        "ReleaseThinLTO": {
            "kimwitu++": {
                "task-clock": 42013.892831000005,
                "context-switches": 1992,
                "cpu-migrations": 96,
                "page-faults": 147157,
                "cycles": 127793659252,
                "instructions": 93671107887,
                "branches": 20327144484,
                "branch-misses": 577756593,
                "max-rss": 1204248,
                "wall-time": 38.339999999999996
            },
            "sqlite3": {
                "task-clock": 57422.568190000005,
                "context-switches": 3360,
                "cpu-migrations": 150,
                "page-faults": 61705,
                "cycles": 174682028499,
                "instructions": 141751557956,
                "branches": 30500112408,
                "branch-misses": 817780980,
                "max-rss": 316264,
                "wall-time": 71.17
            },
            "consumer-typeset": {
                "task-clock": 37366.998495999986,
                "context-switches": 2218,
                "cpu-migrations": 125,
                "page-faults": 188902,
                "cycles": 113657159803,
                "instructions": 92637663199,
                "branches": 19749310371,
                "branch-misses": 568209278,
                "max-rss": 2832092,
                "wall-time": 33.97
            },
            "Bullet": {
                "task-clock": 62175.16911900002,
                "context-switches": 5400,
                "cpu-migrations": 275,
                "page-faults": 497854,
                "cycles": 188848798321,
                "instructions": 139699381509,
                "branches": 29552728623,
                "branch-misses": 787062405,
                "max-rss": 7212232,
                "wall-time": 83.44999999999999
            },
            "tramp3d-v4": {
                "task-clock": 111530.682882,
                "context-switches": 4384,
                "cpu-migrations": 198,
                "page-faults": 128062,
                "cycles": 339432015399,
                "instructions": 289563063695,
                "branches": 63225266646,
                "branch-misses": 1367854093,
                "max-rss": 484980,
                "wall-time": 131.53
            },
            "mafft": {
                "task-clock": 21825.009389999996,
                "context-switches": 678,
                "cpu-migrations": 9,
                "page-faults": 110980,
                "cycles": 66431960779,
                "instructions": 58013467848,
                "branches": 12328019572,
                "branch-misses": 300494398,
                "max-rss": 1553460,
                "wall-time": 17.669999999999998
            },
            "ClamAV": {
                "task-clock": 51854.57533200002,
                "context-switches": 4010,
                "cpu-migrations": 197,
                "page-faults": 301909,
                "cycles": 157614334593,
                "instructions": 129029094598,
                "branches": 27575984965,
                "branch-misses": 812925546,
                "max-rss": 5222836,
                "wall-time": 55.02
            },
            "lencod": {
                "task-clock": 68718.464654,
                "context-switches": 3861,
                "cpu-migrations": 190,
                "page-faults": 229724,
                "cycles": 209189373178,
                "instructions": 194046619533,
                "branches": 40696927945,
                "branch-misses": 806326634,
                "max-rss": 3122360,
                "wall-time": 59.39
            },
            "SPASS": {
                "task-clock": 48834.28980499999,
                "context-switches": 3692,
                "cpu-migrations": 94,
                "page-faults": 174838,
                "cycles": 148335006081,
                "instructions": 116931457533,
                "branches": 25180084468,
                "branch-misses": 757932520,
                "max-rss": 2826100,
                "wall-time": 42.37
            },
            "7zip": {
                "task-clock": 146228.03362100004,
                "context-switches": 13129,
                "cpu-migrations": 381,
                "page-faults": 810305,
                "cycles": 443852367004,
                "instructions": 330370900846,
                "branches": 70741677396,
                "branch-misses": 2152244818,
                "max-rss": 12365892,
                "wall-time": 132.09999999999997
            },
            "geomean": {
                "task-clock": 56761.59062474416,
                "context-switches": 3351.5227116086357,
                "cpu-migrations": 128.0202159663418,
                "page-faults": 203070.65132259508,
                "cycles": 172592371289.474,
                "instructions": 139505536754.2804,
                "branches": 29861639737.178356,
                "branch-misses": 788471417.9430176,
                "max-rss": 2251007.2724306593,
                "wall-time": 56.453744383558856
            }
        },
        "ReleaseLTO-g": {
            "kimwitu++": {
                "task-clock": 45655.715806,
                "context-switches": 977,
                "cpu-migrations": 1,
                "page-faults": 206097,
                "cycles": 138599860569,
                "instructions": 97308668781,
                "branches": 21026396553,
                "branch-misses": 600784498,
                "max-rss": 1440496,
                "wall-time": 46.25000000000001
            },
            "sqlite3": {
                "task-clock": 62245.523506,
                "context-switches": 764,
                "cpu-migrations": 1,
                "page-faults": 110342,
                "cycles": 189416582925,
                "instructions": 151419826731,
                "branches": 32372359908,
                "branch-misses": 846494188,
                "max-rss": 505128,
                "wall-time": 62.42
            },
            "consumer-typeset": {
                "task-clock": 38912.655237,
                "context-switches": 780,
                "cpu-migrations": 1,
                "page-faults": 216794,
                "cycles": 118369571524,
                "instructions": 95315027989,
                "branches": 20205231588,
                "branch-misses": 545179286,
                "max-rss": 2971492,
                "wall-time": 40.75999999999999
            },
            "Bullet": {
                "task-clock": 69305.92016800001,
                "context-switches": 3658,
                "cpu-migrations": 1,
                "page-faults": 562686,
                "cycles": 210703259097,
                "instructions": 157197661600,
                "branches": 33157440913,
                "branch-misses": 857690246,
                "max-rss": 7531004,
                "wall-time": 73.77
            },
            "tramp3d-v4": {
                "task-clock": 113652.30855300001,
                "context-switches": 842,
                "cpu-migrations": 1,
                "page-faults": 298313,
                "cycles": 345082100445,
                "instructions": 270046676146,
                "branches": 58369767661,
                "branch-misses": 1313812029,
                "max-rss": 1190012,
                "wall-time": 113.78
            },
            "mafft": {
                "task-clock": 22469.316139000002,
                "context-switches": 606,
                "cpu-migrations": 1,
                "page-faults": 126644,
                "cycles": 68428497142,
                "instructions": 68391224717,
                "branches": 14463041480,
                "branch-misses": 340481566,
                "max-rss": 1644120,
                "wall-time": 23.470000000000002
            },
            "ClamAV": {
                "task-clock": 59550.124629,