{
    "config": 1,
    "clang_size": {
        "size-text": 81049873,
        "size-data": 3227200,
        "size-bss": 332913,
        "size-total": 84609986
    },
    "data": {
        "O3": {
            "geomean": []
        },
        "ReleaseThinLTO": {
            "geomean": []
        },
        "ReleaseLTO-g": {
            "geomean": []
        },
        "O0-g": {
            "lencod": {
                "instructions": 15324975993,
                "instructions:u": 14118621769.5,
                "cycles": 10240939537,
                "task-clock": 2848.4050000000007,
                "branches": 2956261693,
                "branch-misses": 52668364,
                "max-rss": 3162280,
                "wall-time": 2.9549999999999996,
                "size-file": 2027008,
                "size-text": 897858,
                "size-data": 16632,
                "size-bss": 109408,
                "size-total": 1023898
            },
            "Bullet": {
                "instructions": 69704867383.5,
                "instructions:u": 66340641308.5,
                "cycles": 50614463596.5,
                "task-clock": 14074.385000000004,
                "branches": 13531354813,
                "branch-misses": 276923776.5,
                "max-rss": 7767688,
                "wall-time": 14.310000000000004,
                "size-file": 5664312,
                "size-text": 1188643,
                "size-data": 747920,
                "size-bss": 45552,
                "size-total": 1982115
            },
            "mafft": {
                "instructions": 7892570738,
                "instructions:u": 7293486372,
                "cycles": 5307516544,
                "task-clock": 1476.1799999999998,
                "branches": 1532171974.5,
                "branch-misses": 27186619,
                "max-rss": 1573398,
                "wall-time": 1.5350000000000004,
                "size-file": 854312,
                "size-text": 435633,
                "size-data": 8941,
                "size-bss": 132727168,
                "size-total": 133171742
            },
            "tramp3d-v4": {
                "instructions": 25874634879,
                "instructions:u": 25199656938,
                "cycles": 20322313408.5,
                "task-clock": 5650.625,
                "branches": 4978754914,
                "branch-misses": 103083408,
                "max-rss": 515626,
                "wall-time": 5.670000000000001,
                "size-file": 9957336,
                "size-text": 1348889,
                "size-data": 1464,
                "size-bss": 2136,
                "size-total": 1352489
            },
            "ClamAV": {
                "instructions": 17010326687,
                "instructions:u": 15047315774.5,
                "cycles": 12152975710.5,
                "task-clock": 3380.7450000000017,
                "branches": 3301336718.5,
                "branch-misses": 67780268.5,
                "max-rss": 5381022,
                "wall-time": 3.5749999999999975,
                "size-file": 1652416,
                "size-text": 863345,
                "size-data": 62788,
                "size-bss": 4768,
                "size-total": 930901
            },
            "kimwitu++": {
                "instructions": 28903968122.5,
                "instructions:u": 28083093257,
                "cycles": 22810820744.5,
                "task-clock": 6342.67,
                "branches": 5636730727.5,
                "branch-misses": 131211986.5,
                "max-rss": 1278760,
                "wall-time": 6.369999999999999,
                "size-file": 4345912,
                "size-text": 1338106,
                "size-data": 31280,
                "size-bss": 12640,
                "size-total": 1382026
            },
            "sqlite3": {
                "instructions": 5922206673.5,
                "instructions:u": 5777383837.5,
                "cycles": 4071478560.5,
                "task-clock": 1132.235,
                "branches": 1134464211.5,
                "branch-misses": 21289964.5,
                "max-rss": 236028,
                "wall-time": 1.1400000000000001,
                "size-file": 1048704,
                "size-text": 520206,
                "size-data": 3280,
                "size-bss": 696,
                "size-total": 524182
            },
            "SPASS": {
                "instructions": 17295904060.5,
                "instructions:u": 16170835973,
                "cycles": 12485185750,
                "task-clock": 3472.1349999999993,
                "branches": 3380544276.5,
                "branch-misses": 68337721,
                "max-rss": 2913664,
                "wall-time": 3.605000000000001,
                "size-file": 1923760,
                "size-text": 903919,
                "size-data": 920,
                "size-bss": 358776,
                "size-total": 1263615
            },
            "7zip": {
                "instructions": 80113165177,
                "instructions:u": 74392439133,
                "cycles": 62135725003,
                "task-clock": 17280.899999999983,
                "branches": 15822791699,
                "branch-misses": 358157592,
                "max-rss": 12993014,
                "wall-time": 17.815,
                "size-file": 5992856,
                "size-text": 1358688,
                "size-data": 7816,
                "size-bss": 29440,
                "size-total": 1395944
            },
            "consumer-typeset": {
                "instructions": 14458331173.5,
                "instructions:u": 13368766346.5,
                "cycles": 9635587278.5,
                "task-clock": 2680.01,
                "branches": 2806486572.5,
                "branch-misses": 48781103,
                "max-rss": 2961200,
                "wall-time": 2.764999999999999,
                "size-file": 1572840,
                "size-text": 1006441,
                "size-data": 7512,
                "size-bss": 65264,
                "size-total": 1079217
            },
            "geomean": {
                "instructions": 20439368005.7134,
                "instructions:u": 19186199570.874832,
                "cycles": 14701678469.167036,
                "task-clock": 4088.638794399177,
                "branches": 3967759168.8349943,
                "branch-misses": 78807800.10340112,
                "max-rss": 2269708.0337355416,
                "wall-time": 4.197198528081886,
                "size-file": 2585285.3315885575,
                "size-text": 926455.1304117652,
                "size-data": 11893.979865354977,
                "size-bss": 45827.324643270484,
                "size-total": 1849875.3807686106
            }
        },
        "NewPM-O3": {
            "geomean": []
        }
    }
}