{
    "config": 0,
    "clang_size": {
        "size-text": 66871542,
        "size-data": 2785592,
        "size-bss": 284144,
        "size-total": 69941278
    },
    "data": {
        "ReleaseThinLTO": {
            "kimwitu++": {
                "task-clock": 32033.58241999999,
                "context-switches": 1955,
                "cpu-migrations": 56,
                "page-faults": 160440,
                "cycles": 107433984662,
                "instructions": 92214726490,
                "branches": 19905356309,
                "branch-misses": 506313678,
                "max-rss": 1150792,
                "wall-time": 29.309999999999995,
                "size-text": 787080,
                "size-data": 25960,
                "size-bss": 12560,
                "size-total": 825600
            },
            "sqlite3": {
                "task-clock": 47362.562223,
                "context-switches": 2195,
                "cpu-migrations": 117,
                "page-faults": 62679,
                "cycles": 159350594587,
                "instructions": 144851956500,
                "branches": 31201966474,
                "branch-misses": 786120925,
                "max-rss": 307956,
                "wall-time": 57.84,
                "size-text": 781474,
                "size-data": 3095,
                "size-bss": 624,
                "size-total": 785193
            },
            "consumer-typeset": {
                "task-clock": 29834.664806999997,
                "context-switches": 2348,
                "cpu-migrations": 164,
                "page-faults": 244083,
                "cycles": 100390727769,
                "instructions": 93719961279,
                "branches": 19927967925,
                "branch-misses": 535969870,
                "max-rss": 2678200,
                "wall-time": 27.77000000000001,
                "size-text": 677634,
                "size-data": 3768,
                "size-bss": 65200,
                "size-total": 746602
            },
            "Bullet": {
                "task-clock": 47393.94047999999,
                "context-switches": 4314,
                "cpu-migrations": 273,
                "page-faults": 628402,
                "cycles": 159182418918,
                "instructions": 139545683734,
                "branches": 29428811422,
                "branch-misses": 700376700,
                "max-rss": 6802524,
                "wall-time": 65.61999999999998,
                "size-text": 393144,
                "size-data": 403696,
                "size-bss": 43328,
                "size-total": 840168
            },
            "tramp3d-v4": {
                "task-clock": 92093.637368,
                "context-switches": 2735,
                "cpu-migrations": 180,
                "page-faults": 127386,
                "cycles": 309405915587,
                "instructions": 294470438440,
                "branches": 64425112363,
                "branch-misses": 1281003852,
                "max-rss": 478492,
                "wall-time": 107.7,
                "size-text": 885858,
                "size-data": 1800,
                "size-bss": 1848,
                "size-total": 889506
            },
            "mafft": {
                "task-clock": 17766.46852,
                "context-switches": 817,
                "cpu-migrations": 29,
                "page-faults": 138601,
                "cycles": 59824828953,
                "instructions": 59278484942,
                "branches": 12591791498,
                "branch-misses": 291777064,
                "max-rss": 1468452,
                "wall-time": 14.400000000000004,
                "size-text": 275169,
                "size-data": 3052,
                "size-bss": 14911040,
                "size-total": 15189261
            },
            "ClamAV": {
                "task-clock": 42133.38699599997,
                "context-switches": 3692,
                "cpu-migrations": 176,
                "page-faults": 410869,
                "cycles": 141645838240,
                "instructions": 131414173610,
                "branches": 28011022653,
                "branch-misses": 775557106,
                "max-rss": 4932268,
                "wall-time": 45.20000000000002,
                "size-text": 774253,
                "size-data": 52872,
                "size-bss": 4752,
                "size-total": 831877
            },
            "lencod": {
                "task-clock": 56836.27213299999,
                "context-switches": 3775,
                "cpu-migrations": 333,
                "page-faults": 282619,
                "cycles": 190587741266,
                "instructions": 197666930511,
                "branches": 41607239824,
                "branch-misses": 771026711,
                "max-rss": 2936416,
                "wall-time": 49.870000000000005,
                "size-text": 958131,
                "size-data": 2144,
                "size-bss": 106176,
                "size-total": 1066451
            },
            "SPASS": {
                "task-clock": 38327.61366999999,
                "context-switches": 3683,
                "cpu-migrations": 136,
                "page-faults": 231074,
                "cycles": 128398986936,
                "instructions": 116239207191,
                "branches": 24980422981,
                "branch-misses": 703554456,
                "max-rss": 2676768,
                "wall-time": 34.03,
                "size-text": 607600,
                "size-data": 872,
                "size-bss": 346536,
                "size-total": 955008
            },
            "7zip": {
                "task-clock": 113600.11179599998,
                "context-switches": 12350,
                "cpu-migrations": 474,
                "page-faults": 1049974,
                "cycles": 381563378715,
                "instructions": 333499325180,
                "branches": 71182729597,
                "branch-misses": 1981041982,
                "max-rss": 11694788,
                "wall-time": 104.08000000000001,
                "size-text": 1436409,
                "size-data": 4160,
                "size-bss": 29280,
                "size-total": 1469849
            },
            "geomean": {
                "task-clock": 45325.83269541411,
                "context-switches": 3012.580240018265,
                "cpu-migrations": 150.04879214744716,
                "page-faults": 244620.7101084137,
                "cycles": 152262207454.588,
                "instructions": 140839209241.77454,
                "branches": 30109272790.615,
                "branch-misses": 735843955.9112027,
                "max-rss": 2144470.301948895,
                "wall-time": 45.526487440525514,
                "size-text": 693848.660065021,
                "size-data": 6984.009238215472,
                "size-bss": 35437.433332268796,
                "size-total": 1212039.2022614183
            }
        },
        "O3": {
            "kimwitu++": {
                "task-clock": 24301.488536999997,
                "context-switches": 812,
                "cpu-migrations": 15,
                "page-faults": 155571,
                "cycles": 81852618701,
                "instructions": 66147445537,
                "branches": 14212397803,
                "branch-misses": 404902904,
                "max-rss": 1179388,
                "wall-time": 24.939999999999998,
                "size-text": 805325,
                "size-data": 31168,
                "size-bss": 12592,
                "size-total": 849085
            },
            "sqlite3": {
                "task-clock": 33006.338225,
                "context-switches": 151,
                "cpu-migrations": 4,
                "page-faults": 43314,
                "cycles": 111244508973,
                "instructions": 95835123394,
                "branches": 20505317350,
                "branch-misses": 565494632,