{
    "config": 0,
    "clang_size": {
        "size-text": 66841274,
        "size-data": 2779928,
        "size-bss": 284144,
        "size-total": 69905346
    },
    "data": {
        "ReleaseThinLTO": {
            "kimwitu++": {
                "task-clock": 31953.51886,
                "context-switches": 1890,
                "cpu-migrations": 77,
                "page-faults": 159183,
                "cycles": 107313604820,
                "instructions": 92271180620,
                "branches": 19915416567,
                "branch-misses": 508324646,
                "max-rss": 1142376,
                "wall-time": 29.459999999999994,
                "size-text": 787080,
                "size-data": 25960,
                "size-bss": 12560,
                "size-total": 825600
            },
            "sqlite3": {
                "task-clock": 47628.101216,
                "context-switches": 1992,
                "cpu-migrations": 83,
                "page-faults": 63431,
                "cycles": 160413816658,
                "instructions": 144985156416,
                "branches": 31233154214,
                "branch-misses": 786073916,
                "max-rss": 307564,
                "wall-time": 58.03,
                "size-text": 781474,
                "size-data": 3095,
                "size-bss": 624,
                "size-total": 785193
            },
            "consumer-typeset": {
                "task-clock": 30055.952172,
                "context-switches": 2160,
                "cpu-migrations": 142,
                "page-faults": 244364,
                "cycles": 101150436842,
                "instructions": 93779979131,
                "branches": 19940672957,
                "branch-misses": 538817185,
                "max-rss": 2684800,
                "wall-time": 27.630000000000006,
                "size-text": 677634,
                "size-data": 3768,
                "size-bss": 65200,
                "size-total": 746602
            },
            "Bullet": {
                "task-clock": 47963.494773,
                "context-switches": 4414,
                "cpu-migrations": 251,
                "page-faults": 628468,
                "cycles": 160317695075,
                "instructions": 139564947439,
                "branches": 29432091457,
                "branch-misses": 706844556,
                "max-rss": 6799120,
                "wall-time": 66.2,
                "size-text": 393144,
                "size-data": 403696,
                "size-bss": 43328,
                "size-total": 840168
            },
            "tramp3d-v4": {
                "task-clock": 92396.720637,
                "context-switches": 2535,
                "cpu-migrations": 152,
                "page-faults": 127256,
                "cycles": 308657988995,
                "instructions": 294371661837,
                "branches": 64405966856,
                "branch-misses": 1282567744,
                "max-rss": 478372,
                "wall-time": 108.02,
                "size-text": 885858,
                "size-data": 1800,
                "size-bss": 1848,
                "size-total": 889506
            },
            "mafft": {
                "task-clock": 17722.845334999998,
                "context-switches": 758,
                "cpu-migrations": 27,
                "page-faults": 138510,
                "cycles": 59683763483,
                "instructions": 59278806039,
                "branches": 12591616290,
                "branch-misses": 291551324,
                "max-rss": 1468996,
                "wall-time": 14.350000000000001,
                "size-text": 275169,
                "size-data": 3052,
                "size-bss": 14911040,
                "size-total": 15189261
            },
            "ClamAV": {
                "task-clock": 42121.414366,
                "context-switches": 3839,
                "cpu-migrations": 247,
                "page-faults": 415730,
                "cycles": 141739608335,
                "instructions": 131471705491,
                "branches": 28022025503,
                "branch-misses": 778801888,
                "max-rss": 4938412,
                "wall-time": 45.92999999999999,
                "size-text": 774253,
                "size-data": 52872,
                "size-bss": 4752,
                "size-total": 831877
            },
            "lencod": {
                "task-clock": 57043.43185899999,
                "context-switches": 3720,
                "cpu-migrations": 217,
                "page-faults": 283949,
                "cycles": 191391389986,
                "instructions": 197553906880,
                "branches": 41579212262,
                "branch-misses": 774470758,
                "max-rss": 2938864,
                "wall-time": 49.96,
                "size-text": 958131,
                "size-data": 2144,
                "size-bss": 106176,
                "size-total": 1066451
            },
            "SPASS": {
                "task-clock": 37931.714192,
                "context-switches": 3372,
                "cpu-migrations": 135,
                "page-faults": 231010,
                "cycles": 127582317476,
                "instructions": 116184125430,
                "branches": 24966640009,
                "branch-misses": 704561481,
                "max-rss": 2678716,
                "wall-time": 33.17,
                "size-text": 607600,
                "size-data": 872,
                "size-bss": 346536,
                "size-total": 955008
            },
            "7zip": {
                "task-clock": 114771.49264899999,
                "context-switches": 12221,
                "cpu-migrations": 528,
                "page-faults": 1050919,
                "cycles": 383036537374,
                "instructions": 333444313716,
                "branches": 71167780473,
                "branch-misses": 1994373514,
                "max-rss": 11702980,
                "wall-time": 105.07000000000002,
                "size-text": 1436409,
                "size-data": 4160,
                "size-bss": 29280,
                "size-total": 1469849
            },
            "geomean": {
                "task-clock": 45446.018044016375,
                "context-switches": 2889.641560537774,
                "cpu-migrations": 142.9836111793659,
                "page-faults": 245128.03105962253,
                "cycles": 152532497612.35992,
                "instructions": 140856196892.0075,
                "branches": 30111979511.771576,
                "branch-misses": 738468994.1104573,
                "max-rss": 2143821.1561154625,
                "wall-time": 45.587138667578365,
                "size-text": 693848.660065021,
                "size-data": 6984.009238215472,
                "size-bss": 35437.433332268796,
                "size-total": 1212039.2022614183
            }
        },
        "O3": {
            "kimwitu++": {
                "task-clock": 24384.036921,
                "context-switches": 880,
                "cpu-migrations": 15,
                "page-faults": 156497,
                "cycles": 81943484725,
                "instructions": 66143619182,
                "branches": 14210959915,
                "branch-misses": 405092595,
                "max-rss": 1179460,
                "wall-time": 25.020000000000003,
                "size-text": 805325,
                "size-data": 31168,
                "size-bss": 12592,
                "size-total": 849085
            },
            "sqlite3": {
                "task-clock": 33521.964977999996,
                "context-switches": 235,
                "cpu-migrations": 4,
                "page-faults": 43357,
                "cycles": 111748966124,
                "instructions": 95953999861,
                "branches": 20529004192,
                "branch-misses": 567530676,
                "max-rss": 250124,