{
    "config": 0,
    "clang_size": [],
    "data": {
        "ReleaseThinLTO": {
            "kimwitu++": {
                "task-clock": 41892.144003999994,
                "context-switches": 1996,
                "cpu-migrations": 68,
                "page-faults": 148720,
                "cycles": 127028730221,
                "instructions": 93242152004,
                "branches": 20235625408,
                "branch-misses": 579249486,
                "max-rss": 1212208,
                "wall-time": 38.06
            },
            "sqlite3": {
                "task-clock": 56727.208599000005,
                "context-switches": 2623,
                "cpu-migrations": 133,
                "page-faults": 62112,
                "cycles": 171760189559,
                "instructions": 140020447987,
                "branches": 30131789168,
                "branch-misses": 810569277,
                "max-rss": 318272,
                "wall-time": 69.59
            },
            "consumer-typeset": {
                "task-clock": 37115.35137199999,
                "context-switches": 2393,
                "cpu-migrations": 126,
                "page-faults": 189120,
                "cycles": 112420757795,
                "instructions": 91509813011,
                "branches": 19499284892,
                "branch-misses": 563175587,
                "max-rss": 2838376,
                "wall-time": 33.81999999999999
            },
            "Bullet": {
                "task-clock": 62192.09056299999,
                "context-switches": 5535,
                "cpu-migrations": 200,
                "page-faults": 498958,
                "cycles": 187285921450,
                "instructions": 139170011988,
                "branches": 29432878859,
                "branch-misses": 785486981,
                "max-rss": 7214076,
                "wall-time": 83.19999999999997
            },
            "tramp3d-v4": {
                "task-clock": 110980.35860400001,
                "context-switches": 3544,
                "cpu-migrations": 163,
                "page-faults": 129600,
                "cycles": 336042555019,
                "instructions": 286626442550,
                "branches": 62600653612,
                "branch-misses": 1362761927,
                "max-rss": 488656,
                "wall-time": 130.52
            },
            "mafft": {
                "task-clock": 21569.497250000004,
                "context-switches": 704,
                "cpu-migrations": 0,
                "page-faults": 111304,
                "cycles": 65365517619,
                "instructions": 57355011082,
                "branches": 12192216481,
                "branch-misses": 297258115,
                "max-rss": 1555964,
                "wall-time": 17.150000000000002
            },
            "ClamAV": {
                "task-clock": 51124.096742000016,
                "context-switches": 3929,
                "cpu-migrations": 169,
                "page-faults": 301287,
                "cycles": 154956871905,
                "instructions": 126269767624,
                "branches": 26986763431,
                "branch-misses": 806713131,
                "max-rss": 5227780,
                "wall-time": 54.37999999999998
            },
            "lencod": {
                "task-clock": 68007.477715,
                "context-switches": 4058,
                "cpu-migrations": 201,
                "page-faults": 230613,
                "cycles": 206205729001,
                "instructions": 190722254844,
                "branches": 40010366328,
                "branch-misses": 796922471,
                "max-rss": 3125912,
                "wall-time": 58.86999999999999
            },
            "SPASS": {
                "task-clock": 48859.42871700001,
                "context-switches": 4098,
                "cpu-migrations": 129,
                "page-faults": 175338,
                "cycles": 147854273673,
                "instructions": 115831718770,
                "branches": 24947986851,
                "branch-misses": 755569515,
                "max-rss": 2832604,
                "wall-time": 42.69
            },
            "7zip": {
                "task-clock": 145253.86401300004,
                "context-switches": 12726,
                "cpu-migrations": 322,
                "page-faults": 811129,
                "cycles": 438244543028,
                "instructions": 325916020153,
                "branches": 69799442666,
                "branch-misses": 2136544530,
                "max-rss": 12398036,
                "wall-time": 131.1
            },
            "geomean": {
                "task-clock": 56370.998487501165,
                "context-switches": 3279.3996563354704,
                "cpu-migrations": 0,
                "page-faults": 203905.6345880716,
                "cycles": 170607494779.52863,
                "instructions": 137890347736.15652,
                "branches": 29517972940.75265,
                "branch-misses": 783630605.2763175,
                "max-rss": 2258115.6498242426,
                "wall-time": 55.91799391654129
            }
        },
        "ReleaseLTO-g": {
            "kimwitu++": {
                "task-clock": 45454.950349000006,
                "context-switches": 1046,
                "cpu-migrations": 1,
                "page-faults": 206376,
                "cycles": 137971927386,
                "instructions": 97009845021,
                "branches": 20963294273,
                "branch-misses": 599455159,
                "max-rss": 1440048,
                "wall-time": 46.06
            },
            "sqlite3": {
                "task-clock": 61329.358391,
                "context-switches": 560,
                "cpu-migrations": 1,
                "page-faults": 110209,
                "cycles": 187000813320,
                "instructions": 149564366688,
                "branches": 31980372012,
                "branch-misses": 840422211,
                "max-rss": 503788,
                "wall-time": 61.5
            },
            "consumer-typeset": {
                "task-clock": 38398.212865,
                "context-switches": 857,
                "cpu-migrations": 2,
                "page-faults": 217202,
                "cycles": 117159733596,
                "instructions": 94171200655,
                "branches": 19958507725,
                "branch-misses": 542156827,
                "max-rss": 2976768,
                "wall-time": 40.18
            },
            "Bullet": {
                "task-clock": 69256.61296500002,
                "context-switches": 3189,
                "cpu-migrations": 2,
                "page-faults": 562852,
                "cycles": 209528501234,
                "instructions": 156415720164,
                "branches": 32984478542,
                "branch-misses": 857734387,
                "max-rss": 7536960,
                "wall-time": 73.70999999999998
            },
            "tramp3d-v4": {
                "task-clock": 111813.914299,
                "context-switches": 1024,
                "cpu-migrations": 1,
                "page-faults": 298656,
                "cycles": 339973430469,
                "instructions": 267492552778,
                "branches": 57827270516,
                "branch-misses": 1302534557,
                "max-rss": 1191676,
                "wall-time": 112.06
            },
            "mafft": {
                "task-clock": 22013.395471,
                "context-switches": 561,
                "cpu-migrations": 0,
                "page-faults": 126400,
                "cycles": 67049019324,
                "instructions": 67358180787,
                "branches": 14248978437,
                "branch-misses": 336772130,
                "max-rss": 1644388,
                "wall-time": 22.98
            },
            "ClamAV": {
                "task-clock": 58624.17779699999,