{
    "config": 0,
    "clang_size": {
        "size-text": 68508006,
        "size-data": 2842408,
        "size-bss": 290408,
        "size-total": 71640822
    },
    "data": {
        "ReleaseThinLTO": {
            "kimwitu++": {
                "task-clock": 31537.19361299999,
                "context-switches": 1816,
                "cpu-migrations": 65,
                "page-faults": 144550,
                "cycles": 106208437009,
                "instructions": 91964608546,
                "branches": 20006606942,
                "branch-misses": 507521349,
                "max-rss": 1171496,
                "wall-time": 29.009999999999998,
                "size-text": 786980,
                "size-data": 25960,
                "size-bss": 12560,
                "size-total": 825500
            },
            "sqlite3": {
                "task-clock": 46578.873945,
                "context-switches": 1995,
                "cpu-migrations": 109,
                "page-faults": 60011,
                "cycles": 156894280549,
                "instructions": 144435203371,
                "branches": 31100501310,
                "branch-misses": 766342089,
                "max-rss": 308592,
                "wall-time": 56.95,
                "size-text": 780826,
                "size-data": 3095,
                "size-bss": 624,
                "size-total": 784545
            },
            "consumer-typeset": {
                "task-clock": 29480.63637699999,
                "context-switches": 2015,
                "cpu-migrations": 64,
                "page-faults": 182685,
                "cycles": 99300812663,
                "instructions": 93241411648,
                "branches": 19882828630,
                "branch-misses": 526417571,
                "max-rss": 2739452,
                "wall-time": 27.510000000000012,
                "size-text": 667954,
                "size-data": 3768,
                "size-bss": 65200,
                "size-total": 736922
            },
            "Bullet": {
                "task-clock": 47134.258824000004,
                "context-switches": 4412,
                "cpu-migrations": 181,
                "page-faults": 484235,
                "cycles": 158574749090,
                "instructions": 140373715000,
                "branches": 29776934780,
                "branch-misses": 699654193,
                "max-rss": 6966648,
                "wall-time": 65.48999999999997,
                "size-text": 394152,
                "size-data": 403696,
                "size-bss": 43328,
                "size-total": 841176
            },
            "tramp3d-v4": {
                "task-clock": 90096.296057,
                "context-switches": 2356,
                "cpu-migrations": 112,
                "page-faults": 123891,
                "cycles": 303668744895,
                "instructions": 296062883774,
                "branches": 64785701411,
                "branch-misses": 1265511539,
                "max-rss": 478984,
                "wall-time": 105.24,
                "size-text": 885402,
                "size-data": 1800,
                "size-bss": 1848,
                "size-total": 889050
            },
            "mafft": {
                "task-clock": 17790.914912999993,
                "context-switches": 671,
                "cpu-migrations": 1,
                "page-faults": 106888,
                "cycles": 59922859486,
                "instructions": 59851994793,
                "branches": 12715567680,
                "branch-misses": 287984346,
                "max-rss": 1503272,
                "wall-time": 14.34,
                "size-text": 275609,
                "size-data": 3052,
                "size-bss": 14911040,
                "size-total": 15189701
            },
            "ClamAV": {
                "task-clock": 41048.884134999986,
                "context-switches": 3195,
                "cpu-migrations": 183,
                "page-faults": 294095,
                "cycles": 138197233077,
                "instructions": 130051161974,
                "branches": 27770073508,
                "branch-misses": 759267209,
                "max-rss": 5043484,
                "wall-time": 44.29000000000001,
                "size-text": 773613,
                "size-data": 52872,
                "size-bss": 4752,
                "size-total": 831237
            },
            "lencod": {
                "task-clock": 57349.47155999999,
                "context-switches": 3554,
                "cpu-migrations": 449,
                "page-faults": 224095,
                "cycles": 193213581565,
                "instructions": 202151463793,
                "branches": 42394458257,
                "branch-misses": 769090953,
                "max-rss": 3021096,
                "wall-time": 50.44,
                "size-text": 957979,
                "size-data": 2144,
                "size-bss": 106176,
                "size-total": 1066299
            },
            "SPASS": {
                "task-clock": 37874.800632,
                "context-switches": 3277,
                "cpu-migrations": 74,
                "page-faults": 170761,
                "cycles": 127445534976,
                "instructions": 116649346445,
                "branches": 25184085512,
                "branch-misses": 694813330,
                "max-rss": 2736164,
                "wall-time": 33.18000000000001,
                "size-text": 608440,
                "size-data": 872,
                "size-bss": 346536,
                "size-total": 955848
            },
            "7zip": {
                "task-clock": 110854.02452699999,
                "context-switches": 10293,
                "cpu-migrations": 202,
                "page-faults": 792910,
                "cycles": 372968314569,
                "instructions": 329382318737,
                "branches": 70589874531,
                "branch-misses": 1935839902,
                "max-rss": 11980904,
                "wall-time": 101.03,
                "size-text": 1433841,
                "size-data": 4160,
                "size-bss": 29280,
                "size-total": 1467281
            },
            "geomean": {
                "task-clock": 44768.478859566836,
                "context-switches": 2685.3900813183486,
                "cpu-migrations": 80.40252626706554,
                "page-faults": 197583.60849671392,
                "cycles": 150746735168.47668,
                "instructions": 141027066798.93634,
                "branches": 30219471317.34148,
                "branch-misses": 726580223.6872333,
                "max-rss": 2185092.617369527,
                "wall-time": 44.94531744548367,
                "size-text": 692940.6905911259,
                "size-data": 6984.009238215472,
                "size-bss": 35437.433332268796,
                "size-total": 1210214.8400807409
            }
        },
        "O3": {
            "kimwitu++": {
                "task-clock": 24426.715418000003,
                "context-switches": 861,
                "cpu-migrations": 1,
                "page-faults": 138895,
                "cycles": 82294159265,
                "instructions": 66569876981,
                "branches": 14426460025,
                "branch-misses": 411417595,
                "max-rss": 1200564,
                "wall-time": 25.049999999999997,
                "size-text": 805309,
                "size-data": 31168,
                "size-bss": 12592,
                "size-total": 849069
            },
            "sqlite3": {
                "task-clock": 32447.721236,
                "context-switches": 195,
                "cpu-migrations": 1,
                "page-faults": 39378,
                "cycles": 109425335863,
                "instructions": 96346362293,
                "branches": 20607006155,
                "branch-misses": 559299288,
                "max-rss": 251044,