{
    "config": 0,
    "clang_size": [],
    "data": {
        "ReleaseThinLTO": {
            "kimwitu++": {
                "task-clock": 42436.248395999995,
                "context-switches": 2200,
                "cpu-migrations": 85,
                "page-faults": 148560,
                "cycles": 127375592066,
                "instructions": 93571787277,
                "branches": 20307010366,
                "branch-misses": 584862224,
                "max-rss": 1212840,
                "wall-time": 38.72
            },
            "sqlite3": {
                "task-clock": 57273.762035,
                "context-switches": 2619,
                "cpu-migrations": 127,
                "page-faults": 61861,
                "cycles": 173220167981,
                "instructions": 141852942904,
                "branches": 30515299799,
                "branch-misses": 817908048,
                "max-rss": 316052,
                "wall-time": 70.46000000000001
            },
            "consumer-typeset": {
                "task-clock": 37404.24217599999,
                "context-switches": 2352,
                "cpu-migrations": 111,
                "page-faults": 189175,
                "cycles": 113188070106,
                "instructions": 92603237386,
                "branches": 19741084742,
                "branch-misses": 569184380,
                "max-rss": 2833060,
                "wall-time": 33.86
            },
            "Bullet": {
                "task-clock": 62324.57251699999,
                "context-switches": 5267,
                "cpu-migrations": 237,
                "page-faults": 497323,
                "cycles": 188041305925,
                "instructions": 139739880875,
                "branches": 29559540833,
                "branch-misses": 785615307,
                "max-rss": 7213048,
                "wall-time": 83.42999999999999
            },
            "tramp3d-v4": {
                "task-clock": 112570.495501,
                "context-switches": 3121,
                "cpu-migrations": 195,
                "page-faults": 128175,
                "cycles": 338239939816,
                "instructions": 289577130071,
                "branches": 63231049462,
                "branch-misses": 1371232649,
                "max-rss": 484384,
                "wall-time": 131.66
            },
            "mafft": {
                "task-clock": 21752.421077000003,
                "context-switches": 608,
                "cpu-migrations": 0,
                "page-faults": 112602,
                "cycles": 65781380665,
                "instructions": 58032355208,
                "branches": 12330589721,
                "branch-misses": 299327852,
                "max-rss": 1558060,
                "wall-time": 17.33
            },
            "ClamAV": {
                "task-clock": 52055.32714200004,
                "context-switches": 4071,
                "cpu-migrations": 256,
                "page-faults": 300194,
                "cycles": 157345799864,
                "instructions": 129229699687,
                "branches": 27608710889,
                "branch-misses": 813263470,
                "max-rss": 5231168,
                "wall-time": 55.580000000000005
            },
            "lencod": {
                "task-clock": 69744.161717,
                "context-switches": 4530,
                "cpu-migrations": 252,
                "page-faults": 231158,
                "cycles": 209547519578,
                "instructions": 194253310046,
                "branches": 40726519033,
                "branch-misses": 805555457,
                "max-rss": 3127808,
                "wall-time": 61.22000000000001
            },
            "SPASS": {
                "task-clock": 49235.62490099999,
                "context-switches": 3951,
                "cpu-migrations": 81,
                "page-faults": 175561,
                "cycles": 148351684786,
                "instructions": 116964356565,
                "branches": 25186979776,
                "branch-misses": 760254844,
                "max-rss": 2836764,
                "wall-time": 43.010000000000005
            },
            "7zip": {
                "task-clock": 146187.58689200002,
                "context-switches": 12374,
                "cpu-migrations": 308,
                "page-faults": 811094,
                "cycles": 441410029729,
                "instructions": 330472109601,
                "branches": 70751536241,
                "branch-misses": 2149216058,
                "max-rss": 12391092,
                "wall-time": 131.77999999999997
            },
            "geomean": {
                "task-clock": 57008.13102851439,
                "context-switches": 3226.0958082106686,
                "cpu-migrations": 0,
                "page-faults": 203750.21306053366,
                "cycles": 171922960732.28812,
                "instructions": 139549517149.16876,
                "branches": 29867453442.939804,
                "branch-misses": 789413450.5605482,
                "max-rss": 2255008.6694563455,
                "wall-time": 56.628758590926985
            }
        },
        "ReleaseLTO-g": {
            "kimwitu++": {
                "task-clock": 45638.15026,
                "context-switches": 1154,
                "cpu-migrations": 1,
                "page-faults": 206000,
                "cycles": 138151552512,
                "instructions": 97333266346,
                "branches": 21032874557,
                "branch-misses": 602455220,
                "max-rss": 1440060,
                "wall-time": 46.27
            },
            "sqlite3": {
                "task-clock": 62076.543150000005,
                "context-switches": 446,
                "cpu-migrations": 1,
                "page-faults": 110322,
                "cycles": 188200433516,
                "instructions": 151519038748,
                "branches": 32390410887,
                "branch-misses": 845844830,
                "max-rss": 505124,
                "wall-time": 62.22
            },
            "consumer-typeset": {
                "task-clock": 38993.332881,
                "context-switches": 922,
                "cpu-migrations": 1,
                "page-faults": 216789,
                "cycles": 118246416250,
                "instructions": 95345433106,
                "branches": 20212121564,
                "branch-misses": 546941507,
                "max-rss": 2975496,
                "wall-time": 40.88000000000001
            },
            "Bullet": {
                "task-clock": 69539.07320299999,
                "context-switches": 3530,
                "cpu-migrations": 1,
                "page-faults": 562901,
                "cycles": 210322620991,
                "instructions": 157232379255,
                "branches": 33160261772,
                "branch-misses": 860198417,
                "max-rss": 7536136,
                "wall-time": 73.96999999999998
            },
            "tramp3d-v4": {
                "task-clock": 113027.298641,
                "context-switches": 643,
                "cpu-migrations": 1,
                "page-faults": 298670,
                "cycles": 343134380459,
                "instructions": 269787494693,
                "branches": 58309865066,
                "branch-misses": 1318998676,
                "max-rss": 1191820,
                "wall-time": 113.22999999999999
            },
            "mafft": {
                "task-clock": 22232.959705999998,
                "context-switches": 592,
                "cpu-migrations": 0,
                "page-faults": 126678,
                "cycles": 67531300561,
                "instructions": 68413077565,
                "branches": 14467627872,
                "branch-misses": 338846409,
                "max-rss": 1645056,
                "wall-time": 23.180000000000003
            },