{
    "config": 0,
    "clang_size": {
        "size-text": 68525588,
        "size-data": 2842408,
        "size-bss": 290408,
        "size-total": 71658404
    },
    "data": {
        "ReleaseThinLTO": {
            "kimwitu++": {
                "task-clock": 31689.304437,
                "context-switches": 1675,
                "cpu-migrations": 43,
                "page-faults": 142676,
                "cycles": 106736418659,
                "instructions": 92081350227,
                "branches": 20036234286,
                "branch-misses": 508521295,
                "max-rss": 1167000,
                "wall-time": 29.099999999999998,
                "size-text": 786980,
                "size-data": 25960,
                "size-bss": 12560,
                "size-total": 825500
            },
            "sqlite3": {
                "task-clock": 46749.128059,
                "context-switches": 2355,
                "cpu-migrations": 155,
                "page-faults": 59901,
                "cycles": 157413386437,
                "instructions": 144285153381,
                "branches": 31065402536,
                "branch-misses": 766382003,
                "max-rss": 308180,
                "wall-time": 56.77,
                "size-text": 780826,
                "size-data": 3095,
                "size-bss": 624,
                "size-total": 784545
            },
            "consumer-typeset": {
                "task-clock": 29628.967793999993,
                "context-switches": 2095,
                "cpu-migrations": 139,
                "page-faults": 181057,
                "cycles": 99675749137,
                "instructions": 93257308630,
                "branches": 19886359106,
                "branch-misses": 526519469,
                "max-rss": 2744224,
                "wall-time": 27.590000000000018,
                "size-text": 667954,
                "size-data": 3768,
                "size-bss": 65200,
                "size-total": 736922
            },
            "Bullet": {
                "task-clock": 47337.16615199999,
                "context-switches": 4177,
                "cpu-migrations": 176,
                "page-faults": 483671,
                "cycles": 159167722096,
                "instructions": 140371226483,
                "branches": 29776133012,
                "branch-misses": 701444992,
                "max-rss": 6960176,
                "wall-time": 65.33000000000001,
                "size-text": 394152,
                "size-data": 403696,
                "size-bss": 43328,
                "size-total": 841176
            },
            "tramp3d-v4": {
                "task-clock": 90753.156586,
                "context-switches": 2621,
                "cpu-migrations": 167,
                "page-faults": 124737,
                "cycles": 305747477437,
                "instructions": 296047754513,
                "branches": 64784453106,
                "branch-misses": 1268070758,
                "max-rss": 480720,
                "wall-time": 106.45,
                "size-text": 885402,
                "size-data": 1800,
                "size-bss": 1848,
                "size-total": 889050
            },
            "mafft": {
                "task-clock": 17818.882181,
                "context-switches": 629,
                "cpu-migrations": 1,
                "page-faults": 107048,
                "cycles": 60019556103,
                "instructions": 59844484463,
                "branches": 12713154968,
                "branch-misses": 287819749,
                "max-rss": 1500744,
                "wall-time": 14.390000000000004,
                "size-text": 275609,
                "size-data": 3052,
                "size-bss": 14911040,
                "size-total": 15189701
            },
            "ClamAV": {
                "task-clock": 41291.413382999985,
                "context-switches": 3383,
                "cpu-migrations": 171,
                "page-faults": 293641,
                "cycles": 138960580931,
                "instructions": 130018892392,
                "branches": 27759545487,
                "branch-misses": 760489851,
                "max-rss": 5047272,
                "wall-time": 45.07000000000002,
                "size-text": 773613,
                "size-data": 52872,
                "size-bss": 4752,
                "size-total": 831237
            },
            "lencod": {
                "task-clock": 57510.10075499999,
                "context-switches": 3560,
                "cpu-migrations": 137,
                "page-faults": 225382,
                "cycles": 193606331645,
                "instructions": 202113652400,
                "branches": 42383961509,
                "branch-misses": 766481274,
                "max-rss": 3019364,
                "wall-time": 50.22999999999999,
                "size-text": 957979,
                "size-data": 2144,
                "size-bss": 106176,
                "size-total": 1066299
            },
            "SPASS": {
                "task-clock": 37948.857161,
                "context-switches": 3038,
                "cpu-migrations": 93,
                "page-faults": 169871,
                "cycles": 127597132462,
                "instructions": 116680795542,
                "branches": 25190170566,
                "branch-misses": 696279445,
                "max-rss": 2736092,
                "wall-time": 33.32,
                "size-text": 608440,
                "size-data": 872,
                "size-bss": 346536,
                "size-total": 955848
            },
            "7zip": {
                "task-clock": 111433.11286200004,
                "context-switches": 10517,
                "cpu-migrations": 307,
                "page-faults": 793356,
                "cycles": 374746992586,
                "instructions": 329406579096,
                "branches": 70592196709,
                "branch-misses": 1937180005,
                "max-rss": 11979088,
                "wall-time": 101.94000000000003,
                "size-text": 1433841,
                "size-data": 4160,
                "size-bss": 29280,
                "size-total": 1467281
            },
            "geomean": {
                "task-clock": 44958.975232715544,
                "context-switches": 2716.6916824520144,
                "cpu-migrations": 84.3408958059205,
                "page-faults": 197244.4307309243,
                "cycles": 151315867068.76562,
                "instructions": 141028665407.41754,
                "branches": 30219289556.607567,
                "branch-misses": 727105633.8561872,
                "max-rss": 2184560.3793575214,
                "wall-time": 45.13342648526749,
                "size-text": 692940.6905911259,
                "size-data": 6984.009238215472,
                "size-bss": 35437.433332268796,
                "size-total": 1210214.8400807409
            }
        },
        "O3": {
            "kimwitu++": {
                "task-clock": 24454.933631000004,
                "context-switches": 846,
                "cpu-migrations": 1,
                "page-faults": 139466,
                "cycles": 82327663206,
                "instructions": 66621024385,
                "branches": 14436875892,
                "branch-misses": 412625687,
                "max-rss": 1204704,
                "wall-time": 25.07,
                "size-text": 805309,
                "size-data": 31168,
                "size-bss": 12592,
                "size-total": 849069
            },
            "sqlite3": {
                "task-clock": 32711.888805000002,
                "context-switches": 223,
                "cpu-migrations": 1,
                "page-faults": 39378,
                "cycles": 110238233935,
                "instructions": 96331577495,
                "branches": 20605455158,
                "branch-misses": 560736384,
                "max-rss": 250656,