{
    "config": 0,
    "clang_size": [],
    "data": {
        "ReleaseThinLTO": {
            "kimwitu++": {
                "task-clock": 42203.44287399999,
                "context-switches": 1984,
                "cpu-migrations": 57,
                "page-faults": 147419,
                "cycles": 126834304172,
                "instructions": 93529167641,
                "branches": 20301921367,
                "branch-misses": 577654482,
                "max-rss": 1206700,
                "wall-time": 38.27
            },
            "sqlite3": {
                "task-clock": 57240.332678000006,
                "context-switches": 2868,
                "cpu-migrations": 147,
                "page-faults": 61662,
                "cycles": 171819220231,
                "instructions": 141591407543,
                "branches": 30471204788,
                "branch-misses": 811921716,
                "max-rss": 315816,
                "wall-time": 70.02
            },
            "consumer-typeset": {
                "task-clock": 37554.698257,
                "context-switches": 2440,
                "cpu-migrations": 141,
                "page-faults": 189634,
                "cycles": 112680122665,
                "instructions": 92473807278,
                "branches": 19715784449,
                "branch-misses": 564976165,
                "max-rss": 2831700,
                "wall-time": 34.739999999999995
            },
            "Bullet": {
                "task-clock": 62405.15318999999,
                "context-switches": 5407,
                "cpu-migrations": 238,
                "page-faults": 497918,
                "cycles": 187075286845,
                "instructions": 139612544201,
                "branches": 29538811444,
                "branch-misses": 785183520,
                "max-rss": 7209496,
                "wall-time": 84.91000000000004
            },
            "tramp3d-v4": {
                "task-clock": 112012.871824,
                "context-switches": 3628,
                "cpu-migrations": 184,
                "page-faults": 126500,
                "cycles": 336563133047,
                "instructions": 289508835984,
                "branches": 63213224593,
                "branch-misses": 1358792186,
                "max-rss": 484060,
                "wall-time": 130.23
            },
            "mafft": {
                "task-clock": 21760.403771999998,
                "context-switches": 717,
                "cpu-migrations": 1,
                "page-faults": 113148,
                "cycles": 65448581201,
                "instructions": 57990212951,
                "branches": 12323381542,
                "branch-misses": 298765000,
                "max-rss": 1554176,
                "wall-time": 17.249999999999996
            },
            "ClamAV": {
                "task-clock": 52113.66417400002,
                "context-switches": 3959,
                "cpu-migrations": 196,
                "page-faults": 301238,
                "cycles": 156488064082,
                "instructions": 128964046201,
                "branches": 27557868000,
                "branch-misses": 813824534,
                "max-rss": 5218608,
                "wall-time": 55.20999999999997
            },
            "lencod": {
                "task-clock": 69736.265786,
                "context-switches": 4400,
                "cpu-migrations": 287,
                "page-faults": 232307,
                "cycles": 209398789020,
                "instructions": 194094880902,
                "branches": 40697097440,
                "branch-misses": 811120555,
                "max-rss": 3122720,
                "wall-time": 61.769999999999996
            },
            "SPASS": {
                "task-clock": 49363.388464,
                "context-switches": 4324,
                "cpu-migrations": 102,
                "page-faults": 175625,
                "cycles": 147833951071,
                "instructions": 116827085199,
                "branches": 25164329276,
                "branch-misses": 757340527,
                "max-rss": 2828524,
                "wall-time": 43.01
            },
            "7zip": {
                "task-clock": 146716.87597199995,
                "context-switches": 13540,
                "cpu-migrations": 339,
                "page-faults": 810946,
                "cycles": 439976339546,
                "instructions": 330313596786,
                "branches": 70724656957,
                "branch-misses": 2142221749,
                "max-rss": 12377784,
                "wall-time": 131.77000000000004
            },
            "geomean": {
                "task-clock": 57018.59314936075,
                "context-switches": 3387.814303248369,
                "cpu-migrations": 100.06320108393271,
                "page-faults": 203607.27112755374,
                "cycles": 171151136505.24844,
                "instructions": 139408623781.22223,
                "branches": 29842396378.374756,
                "branch-misses": 786400565.9359912,
                "max-rss": 2250958.805102059,
                "wall-time": 56.6963459913573
            }
        },
        "ReleaseLTO-g": {
            "kimwitu++": {
                "task-clock": 45676.804398000015,
                "context-switches": 807,
                "cpu-migrations": 1,
                "page-faults": 205703,
                "cycles": 137054632057,
                "instructions": 97221211362,
                "branches": 21008073751,
                "branch-misses": 597396189,
                "max-rss": 1437992,
                "wall-time": 46.27
            },
            "sqlite3": {
                "task-clock": 62319.97076,
                "context-switches": 626,
                "cpu-migrations": 1,
                "page-faults": 110263,
                "cycles": 187455753035,
                "instructions": 151016760261,
                "branches": 32295605186,
                "branch-misses": 846584585,
                "max-rss": 504040,
                "wall-time": 62.49
            },
            "consumer-typeset": {
                "task-clock": 38859.492941,
                "context-switches": 843,
                "cpu-migrations": 1,
                "page-faults": 216929,
                "cycles": 116935156408,
                "instructions": 95133211859,
                "branches": 20170411069,
                "branch-misses": 544635689,
                "max-rss": 2974788,
                "wall-time": 40.74
            },
            "Bullet": {
                "task-clock": 69627.95542100002,
                "context-switches": 2756,
                "cpu-migrations": 1,
                "page-faults": 562426,
                "cycles": 209387677265,
                "instructions": 157062412682,
                "branches": 33132157602,
                "branch-misses": 858696382,
                "max-rss": 7527268,
                "wall-time": 74.02
            },
            "tramp3d-v4": {
                "task-clock": 113392.71657700001,
                "context-switches": 1535,
                "cpu-migrations": 1,
                "page-faults": 298487,
                "cycles": 340480096333,
                "instructions": 270184660435,
                "branches": 58413348412,
                "branch-misses": 1307636979,
                "max-rss": 1191076,
                "wall-time": 113.61000000000001
            },
            "mafft": {
                "task-clock": 22586.94642500001,
                "context-switches": 595,
                "cpu-migrations": 0,
                "page-faults": 126599,
                "cycles": 67728766102,
                "instructions": 68304803197,
                "branches": 14444333663,
                "branch-misses": 340111096,
                "max-rss": 1642804,
                "wall-time": 23.58
            },
            "ClamAV": {
                "task-clock": 59599.93969200001,