{
    "config": 0,
    "clang_size": {
        "size-text": 66871478,
        "size-data": 2785592,
        "size-bss": 284144,
        "size-total": 69941214
    },
    "data": {
        "ReleaseThinLTO": {
            "kimwitu++": {
                "task-clock": 31720.514864,
                "context-switches": 1599,
                "cpu-migrations": 55,
                "page-faults": 161030,
                "cycles": 106438568278,
                "instructions": 92272289652,
                "branches": 19918425321,
                "branch-misses": 505120204,
                "max-rss": 1152984,
                "wall-time": 29.14,
                "size-text": 787080,
                "size-data": 25960,
                "size-bss": 12560,
                "size-total": 825600
            },
            "sqlite3": {
                "task-clock": 47270.533579,
                "context-switches": 2368,
                "cpu-migrations": 173,
                "page-faults": 62718,
                "cycles": 159100330527,
                "instructions": 144949132002,
                "branches": 31225893949,
                "branch-misses": 785681241,
                "max-rss": 307688,
                "wall-time": 57.910000000000004,
                "size-text": 781474,
                "size-data": 3095,
                "size-bss": 624,
                "size-total": 785193
            },
            "consumer-typeset": {
                "task-clock": 29979.171832000007,
                "context-switches": 2323,
                "cpu-migrations": 165,
                "page-faults": 243824,
                "cycles": 100785214574,
                "instructions": 93835582916,
                "branches": 19956192911,
                "branch-misses": 535836334,
                "max-rss": 2678364,
                "wall-time": 27.950000000000003,
                "size-text": 677634,
                "size-data": 3768,
                "size-bss": 65200,
                "size-total": 746602
            },
            "Bullet": {
                "task-clock": 47308.87418100001,
                "context-switches": 4621,
                "cpu-migrations": 225,
                "page-faults": 627391,
                "cycles": 158950477226,
                "instructions": 139571141219,
                "branches": 29435480417,
                "branch-misses": 700075026,
                "max-rss": 6799492,
                "wall-time": 65.91000000000001,
                "size-text": 393144,
                "size-data": 403696,
                "size-bss": 43328,
                "size-total": 840168
            },
            "tramp3d-v4": {
                "task-clock": 90893.107162,
                "context-switches": 2434,
                "cpu-migrations": 135,
                "page-faults": 124417,
                "cycles": 306017587777,
                "instructions": 294468385867,
                "branches": 64423610112,
                "branch-misses": 1277631294,
                "max-rss": 479356,
                "wall-time": 106.08,
                "size-text": 885858,
                "size-data": 1800,
                "size-bss": 1848,
                "size-total": 889506
            },
            "mafft": {
                "task-clock": 17798.457646999996,
                "context-switches": 835,
                "cpu-migrations": 31,
                "page-faults": 139207,
                "cycles": 59864137168,
                "instructions": 59258696602,
                "branches": 12587694832,
                "branch-misses": 292022429,
                "max-rss": 1471676,
                "wall-time": 14.500000000000004,
                "size-text": 275169,
                "size-data": 3052,
                "size-bss": 14911040,
                "size-total": 15189261
            },
            "ClamAV": {
                "task-clock": 41949.64103099997,
                "context-switches": 3589,
                "cpu-migrations": 282,
                "page-faults": 414249,
                "cycles": 141008112459,
                "instructions": 131467977327,
                "branches": 28021340421,
                "branch-misses": 775617449,
                "max-rss": 4936028,
                "wall-time": 45.029999999999994,
                "size-text": 774253,
                "size-data": 52872,
                "size-bss": 4752,
                "size-total": 831877
            },
            "lencod": {
                "task-clock": 56549.380892,
                "context-switches": 3674,
                "cpu-migrations": 192,
                "page-faults": 282865,
                "cycles": 189976794033,
                "instructions": 197576312730,
                "branches": 41586213247,
                "branch-misses": 770337091,
                "max-rss": 2937416,
                "wall-time": 49.68000000000001,
                "size-text": 958131,
                "size-data": 2144,
                "size-bss": 106176,
                "size-total": 1066451
            },
            "SPASS": {
                "task-clock": 38111.995127999995,
                "context-switches": 3587,
                "cpu-migrations": 130,
                "page-faults": 231922,
                "cycles": 127773775064,
                "instructions": 116222223642,
                "branches": 24976131176,
                "branch-misses": 701786748,
                "max-rss": 2680864,
                "wall-time": 33.66,
                "size-text": 607600,
                "size-data": 872,
                "size-bss": 346536,
                "size-total": 955008
            },
            "7zip": {
                "task-clock": 113174.25726400001,
                "context-switches": 11766,
                "cpu-migrations": 443,
                "page-faults": 1050492,
                "cycles": 380218732786,
                "instructions": 333468834716,
                "branches": 71174569070,
                "branch-misses": 1975532072,
                "max-rss": 11720976,
                "wall-time": 103.34,
                "size-text": 1436409,
                "size-data": 4160,
                "size-bss": 29280,
                "size-total": 1469849
            },
            "geomean": {
                "task-clock": 45149.939604823354,
                "context-switches": 2925.832919916461,
                "cpu-migrations": 146.67861931050658,
                "page-faults": 244513.58367889028,
                "cycles": 151731648808.14926,
                "instructions": 140868540900.41412,
                "branches": 30116175984.068714,
                "branch-misses": 734997267.5965776,
                "max-rss": 2146511.3593129297,
                "wall-time": 45.400891962685655,
                "size-text": 693848.660065021,
                "size-data": 6984.009238215472,
                "size-bss": 35437.433332268796,
                "size-total": 1212039.2022614183
            }
        },
        "O3": {
            "kimwitu++": {
                "task-clock": 24233.812052,
                "context-switches": 871,
                "cpu-migrations": 15,
                "page-faults": 155730,
                "cycles": 81583807083,
                "instructions": 66186373356,
                "branches": 14221320837,
                "branch-misses": 407330838,
                "max-rss": 1182052,
                "wall-time": 24.85,
                "size-text": 805325,
                "size-data": 31168,
                "size-bss": 12592,
                "size-total": 849085
            },
            "sqlite3": {
                "task-clock": 32822.777973000004,
                "context-switches": 170,
                "cpu-migrations": 3,
                "page-faults": 42297,
                "cycles": 110475675113,
                "instructions": 95909472285,
                "branches": 20521003463,
                "branch-misses": 565941163,
                "max-rss": 249504,