{
    "config": 0,
    "clang_size": {
        "size-text": 66507545,
        "size-data": 2765392,
        "size-bss": 252592,
        "size-total": 69525529
    },
    "data": {
        "ReleaseThinLTO": {
            "kimwitu++": {
                "task-clock": 31632.081882,
                "context-switches": 1771,
                "cpu-migrations": 112,
                "page-faults": 158696,
                "cycles": 106489945234,
                "instructions": 91216127665,
                "branches": 19702347595,
                "branch-misses": 502105640,
                "max-rss": 1141180,
                "wall-time": 29.109999999999996,
                "size-text": 789412,
                "size-data": 25960,
                "size-bss": 12560,
                "size-total": 827932
            },
            "sqlite3": {
                "task-clock": 47505.012604,
                "context-switches": 2036,
                "cpu-migrations": 85,
                "page-faults": 63050,
                "cycles": 159907827873,
                "instructions": 143368120425,
                "branches": 30936639633,
                "branch-misses": 780875485,
                "max-rss": 309808,
                "wall-time": 57.550000000000004,
                "size-text": 811258,
                "size-data": 3095,
                "size-bss": 624,
                "size-total": 814977
            },
            "consumer-typeset": {
                "task-clock": 29971.860185000005,
                "context-switches": 2180,
                "cpu-migrations": 142,
                "page-faults": 242284,
                "cycles": 100855610850,
                "instructions": 92585341696,
                "branches": 19712053921,
                "branch-misses": 533628040,
                "max-rss": 2671696,
                "wall-time": 27.76,
                "size-text": 686914,
                "size-data": 3768,
                "size-bss": 65200,
                "size-total": 755882
            },
            "Bullet": {
                "task-clock": 47637.722001000024,
                "context-switches": 4537,
                "cpu-migrations": 246,
                "page-faults": 624229,
                "cycles": 160159016807,
                "instructions": 139021827352,
                "branches": 29323622831,
                "branch-misses": 699113813,
                "max-rss": 6766256,
                "wall-time": 66.30999999999999,
                "size-text": 395620,
                "size-data": 403696,
                "size-bss": 43328,
                "size-total": 842644
            },
            "tramp3d-v4": {
                "task-clock": 91004.639904,
                "context-switches": 2441,
                "cpu-migrations": 122,
                "page-faults": 125925,
                "cycles": 306293049760,
                "instructions": 292748061148,
                "branches": 64131062154,
                "branch-misses": 1274534716,
                "max-rss": 478196,
                "wall-time": 105.44,
                "size-text": 906442,
                "size-data": 1800,
                "size-bss": 1848,
                "size-total": 910090
            },
            "mafft": {
                "task-clock": 17737.969957999994,
                "context-switches": 754,
                "cpu-migrations": 27,
                "page-faults": 138731,
                "cycles": 59696962120,
                "instructions": 58806315355,
                "branches": 12508385773,
                "branch-misses": 289928878,
                "max-rss": 1462372,
                "wall-time": 14.430000000000005,
                "size-text": 279105,
                "size-data": 3052,
                "size-bss": 14911040,
                "size-total": 15193197
            },
            "ClamAV": {
                "task-clock": 41921.19594600001,
                "context-switches": 3775,
                "cpu-migrations": 217,
                "page-faults": 411287,
                "cycles": 141019151227,
                "instructions": 129520837681,
                "branches": 27676108291,
                "branch-misses": 772210053,
                "max-rss": 4910052,
                "wall-time": 46.03,
                "size-text": 793525,
                "size-data": 52872,
                "size-bss": 4752,
                "size-total": 851149
            },
            "lencod": {
                "task-clock": 56403.710485,
                "context-switches": 4052,
                "cpu-migrations": 233,
                "page-faults": 281722,
                "cycles": 189834417343,
                "instructions": 195943843493,
                "branches": 41311709399,
                "branch-misses": 768439474,
                "max-rss": 2927028,
                "wall-time": 50.260000000000005,
                "size-text": 965227,
                "size-data": 2144,
                "size-bss": 106176,
                "size-total": 1073547
            },
            "SPASS": {
                "task-clock": 38013.617837,
                "context-switches": 3385,
                "cpu-migrations": 101,
                "page-faults": 230292,
                "cycles": 127731080749,
                "instructions": 115013306016,
                "branches": 24752029572,
                "branch-misses": 701555891,
                "max-rss": 2666268,
                "wall-time": 33.41,
                "size-text": 617600,
                "size-data": 872,
                "size-bss": 346536,
                "size-total": 965008
            },
            "7zip": {
                "task-clock": 113200.95704899999,
                "context-switches": 12077,
                "cpu-migrations": 440,
                "page-faults": 1043705,
                "cycles": 380320208234,
                "instructions": 329855833396,
                "branches": 70511568976,
                "branch-misses": 1966796688,
                "max-rss": 11628452,
                "wall-time": 103.48000000000002,
                "size-text": 1465769,
                "size-data": 4160,
                "size-bss": 29280,
                "size-total": 1499209
            },
            "geomean": {
                "task-clock": 45154.70392097185,
                "context-switches": 2892.853805422142,
                "cpu-migrations": 137.75817160799224,
                "page-faults": 243614.28930261204,
                "cycles": 151901415132.16974,
                "instructions": 139495788759.00357,
                "branches": 29862486737.559258,
                "branch-misses": 732145406.3863523,
                "max-rss": 2137560.778275033,
                "wall-time": 45.43969531213005,
                "size-text": 705458.361789031,
                "size-data": 6984.009238215472,
                "size-bss": 35437.433332268796,
                "size-total": 1228907.3505394042
            }
        },
        "O3": {
            "kimwitu++": {
                "task-clock": 24226.078527,
                "context-switches": 919,
                "cpu-migrations": 15,
                "page-faults": 155941,
                "cycles": 81567350240,
                "instructions": 65229870619,
                "branches": 14022350446,
                "branch-misses": 400001603,
                "max-rss": 1177912,
                "wall-time": 24.879999999999995,
                "size-text": 807977,
                "size-data": 31168,
                "size-bss": 12592,
                "size-total": 851737
            },
            "sqlite3": {
                "task-clock": 32972.564027,
                "context-switches": 296,
                "cpu-migrations": 4,
                "page-faults": 43404,
                "cycles": 111027384860,
                "instructions": 94870939526,
                "branches": 20324634812,
                "branch-misses": 560727582,
                "max-rss": 248460,