{
    "config": 0,
    "clang_size": {
        "size-text": 65548186,
        "size-data": 2702800,
        "size-bss": 248464,
        "size-total": 68499450
    },
    "data": {
        "ReleaseThinLTO": {
            "kimwitu++": {
                "task-clock": 30800.653057,
                "context-switches": 1741,
                "cpu-migrations": 75,
                "page-faults": 157527,
                "cycles": 103614945539,
                "instructions": 89625761621,
                "branches": 19383254303,
                "branch-misses": 491005274,
                "max-rss": 1132316,
                "wall-time": 28.480000000000004,
                "size-text": 791812,
                "size-data": 25992,
                "size-bss": 12560,
                "size-total": 830364
            },
            "sqlite3": {
                "task-clock": 45733.557053,
                "context-switches": 2001,
                "cpu-migrations": 166,
                "page-faults": 62863,
                "cycles": 153996832375,
                "instructions": 140898235398,
                "branches": 30456909985,
                "branch-misses": 761803150,
                "max-rss": 307056,
                "wall-time": 56.07,
                "size-text": 811322,
                "size-data": 3095,
                "size-bss": 624,
                "size-total": 815041
            },
            "consumer-typeset": {
                "task-clock": 29010.55839599999,
                "context-switches": 2196,
                "cpu-migrations": 128,
                "page-faults": 240027,
                "cycles": 97658043052,
                "instructions": 90988409155,
                "branches": 19412436429,
                "branch-misses": 520737024,
                "max-rss": 2631796,
                "wall-time": 27.160000000000007,
                "size-text": 687618,
                "size-data": 3768,
                "size-bss": 65200,
                "size-total": 756586
            },
            "Bullet": {
                "task-clock": 46517.882707,
                "context-switches": 4351,
                "cpu-migrations": 211,
                "page-faults": 619583,
                "cycles": 156364583843,
                "instructions": 137376433901,
                "branches": 28986546035,
                "branch-misses": 690742524,
                "max-rss": 6668496,
                "wall-time": 63.940000000000026,
                "size-text": 400596,
                "size-data": 403704,
                "size-bss": 43328,
                "size-total": 847628
            },
            "tramp3d-v4": {
                "task-clock": 88770.266988,
                "context-switches": 2376,
                "cpu-migrations": 100,
                "page-faults": 127017,
                "cycles": 299008004922,
                "instructions": 289220234477,
                "branches": 63453206823,
                "branch-misses": 1253467099,
                "max-rss": 476052,
                "wall-time": 103.47999999999999,
                "size-text": 901866,
                "size-data": 1800,
                "size-bss": 1848,
                "size-total": 905514
            },
            "mafft": {
                "task-clock": 17411.551807999997,
                "context-switches": 699,
                "cpu-migrations": 30,
                "page-faults": 135594,
                "cycles": 58671224295,
                "instructions": 58153621263,
                "branches": 12369038150,
                "branch-misses": 286982621,
                "max-rss": 1441516,
                "wall-time": 14.220000000000004,
                "size-text": 280825,
                "size-data": 3052,
                "size-bss": 14911040,
                "size-total": 15194917
            },
            "ClamAV": {
                "task-clock": 40568.71966399998,
                "context-switches": 3350,
                "cpu-migrations": 269,
                "page-faults": 402924,
                "cycles": 136497078047,
                "instructions": 127027623447,
                "branches": 27177075031,
                "branch-misses": 754809666,
                "max-rss": 4821128,
                "wall-time": 43.68999999999999,
                "size-text": 793997,
                "size-data": 52872,
                "size-bss": 4752,
                "size-total": 851621
            },
            "lencod": {
                "task-clock": 55897.890908,
                "context-switches": 3875,
                "cpu-migrations": 335,
                "page-faults": 279059,
                "cycles": 188230795298,
                "instructions": 196885047550,
                "branches": 41494922005,
                "branch-misses": 761812019,
                "max-rss": 2881116,
                "wall-time": 49.589999999999996,
                "size-text": 969283,
                "size-data": 2144,
                "size-bss": 106176,
                "size-total": 1077603
            },
            "SPASS": {
                "task-clock": 37004.006309,
                "context-switches": 3471,
                "cpu-migrations": 115,
                "page-faults": 226542,
                "cycles": 124487691664,
                "instructions": 113635271832,
                "branches": 24495412388,
                "branch-misses": 689324635,
                "max-rss": 2622560,
                "wall-time": 32.6,
                "size-text": 625776,
                "size-data": 872,
                "size-bss": 346536,
                "size-total": 973184
            },
            "7zip": {
                "task-clock": 109864.88790099998,
                "context-switches": 11202,
                "cpu-migrations": 468,
                "page-faults": 1029215,
                "cycles": 369444498789,
                "instructions": 323570614816,
                "branches": 69221800014,
                "branch-misses": 1920167403,
                "max-rss": 11479928,
                "wall-time": 100.99000000000001,
                "size-text": 1462153,
                "size-data": 4176,
                "size-bss": 29280,
                "size-total": 1495609
            },
            "geomean": {
                "task-clock": 43982.208455130785,
                "context-switches": 2783.3367807411237,
                "cpu-migrations": 147.55447361792827,
                "page-faults": 241145.18942956973,
                "cycles": 148025937990.16043,
                "instructions": 137645979255.23853,
                "branches": 29496493198.161877,
                "branch-misses": 718833034.6977754,
                "max-rss": 2110237.4273234894,
                "wall-time": 44.299630929639164,
                "size-text": 707803.6761335373,
                "size-data": 6987.56535283568,
                "size-bss": 35437.433332268796,
                "size-total": 1230785.368956444
            }
        },
        "O3": {
            "kimwitu++": {
                "task-clock": 23503.966371999995,
                "context-switches": 839,
                "cpu-migrations": 15,
                "page-faults": 153967,
                "cycles": 79141788489,
                "instructions": 63987470122,
                "branches": 13767055485,
                "branch-misses": 390701246,
                "max-rss": 1163188,
                "wall-time": 24.12,
                "size-text": 809721,
                "size-data": 31168,
                "size-bss": 12592,
                "size-total": 853481
            },
            "sqlite3": {
                "task-clock": 31908.881026000003,
                "context-switches": 182,
                "cpu-migrations": 1,
                "page-faults": 42232,
                "cycles": 107596230407,
                "instructions": 93331199322,
                "branches": 20020616579,
                "branch-misses": 549542398,