{
    "config": 0,
    "clang_size": [],
    "data": {
        "ReleaseThinLTO": {
            "kimwitu++": {
                "task-clock": 42096.449006999996,
                "context-switches": 2033,
                "cpu-migrations": 72,
                "page-faults": 147800,
                "cycles": 126950967684,
                "instructions": 93943460404,
                "branches": 20408270236,
                "branch-misses": 582099373,
                "max-rss": 1203484,
                "wall-time": 38.440000000000005
            },
            "sqlite3": {
                "task-clock": 57618.892884,
                "context-switches": 2557,
                "cpu-migrations": 147,
                "page-faults": 61972,
                "cycles": 173424334852,
                "instructions": 142384372209,
                "branches": 30658757635,
                "branch-misses": 817960503,
                "max-rss": 316632,
                "wall-time": 70.02000000000001
            },
            "consumer-typeset": {
                "task-clock": 37585.522571,
                "context-switches": 2622,
                "cpu-migrations": 132,
                "page-faults": 186700,
                "cycles": 113147228473,
                "instructions": 92859164018,
                "branches": 19811212818,
                "branch-misses": 569544052,
                "max-rss": 2832940,
                "wall-time": 34.569999999999986
            },
            "Bullet": {
                "task-clock": 62141.663929,
                "context-switches": 5307,
                "cpu-migrations": 296,
                "page-faults": 496398,
                "cycles": 187056734886,
                "instructions": 139845898835,
                "branches": 29605071128,
                "branch-misses": 786274069,
                "max-rss": 7208648,
                "wall-time": 83.79000000000002
            },
            "tramp3d-v4": {
                "task-clock": 112485.08946300001,
                "context-switches": 3049,
                "cpu-migrations": 244,
                "page-faults": 134919,
                "cycles": 338908990060,
                "instructions": 291188964934,
                "branches": 63643907021,
                "branch-misses": 1366514753,
                "max-rss": 483808,
                "wall-time": 131.55
            },
            "mafft": {
                "task-clock": 21934.610484999997,
                "context-switches": 692,
                "cpu-migrations": 0,
                "page-faults": 111638,
                "cycles": 65958066193,
                "instructions": 58274227054,
                "branches": 12387401424,
                "branch-misses": 300230062,
                "max-rss": 1550880,
                "wall-time": 17.44
            },
            "ClamAV": {
                "task-clock": 52222.857776000004,
                "context-switches": 4113,
                "cpu-migrations": 238,
                "page-faults": 300865,
                "cycles": 157491663263,
                "instructions": 129370329701,
                "branches": 27640035909,
                "branch-misses": 814392526,
                "max-rss": 5214960,
                "wall-time": 55.449999999999996
            },
            "lencod": {
                "task-clock": 69403.119171,
                "context-switches": 4513,
                "cpu-migrations": 293,
                "page-faults": 229969,
                "cycles": 209130331673,
                "instructions": 194345113264,
                "branches": 40765528999,
                "branch-misses": 803542507,
                "max-rss": 3121068,
                "wall-time": 60.730000000000004
            },
            "SPASS": {
                "task-clock": 49271.473937,
                "context-switches": 3861,
                "cpu-migrations": 138,
                "page-faults": 174586,
                "cycles": 148610559130,
                "instructions": 117531390892,
                "branches": 25334556749,
                "branch-misses": 760452788,
                "max-rss": 2821492,
                "wall-time": 43.339999999999996
            },
            "7zip": {
                "task-clock": 146298.57162600002,
                "context-switches": 12325,
                "cpu-migrations": 278,
                "page-faults": 810010,
                "cycles": 440127254837,
                "instructions": 330567522313,
                "branches": 70795571316,
                "branch-misses": 2148326070,
                "max-rss": 12381556,
                "wall-time": 131.56999999999996
            },
            "geomean": {
                "task-clock": 57049.441759057925,
                "context-switches": 3258.160072824607,
                "cpu-migrations": 0,
                "page-faults": 204045.49980259273,
                "cycles": 171831066387.2987,
                "instructions": 139935440259.93835,
                "branches": 29970404543.090855,
                "branch-misses": 789026215.485569,
                "max-rss": 2249648.0648639356,
                "wall-time": 56.700710398802634
            }
        },
        "ReleaseLTO-g": {
            "kimwitu++": {
                "task-clock": 45513.878119,
                "context-switches": 1092,
                "cpu-migrations": 1,
                "page-faults": 205683,
                "cycles": 138219309218,
                "instructions": 97544814896,
                "branches": 21098853148,
                "branch-misses": 596973134,
                "max-rss": 1436116,
                "wall-time": 46.13
            },
            "sqlite3": {
                "task-clock": 63531.722474,
                "context-switches": 406,
                "cpu-migrations": 1,
                "page-faults": 110058,
                "cycles": 192377070074,
                "instructions": 151729871343,
                "branches": 32469920865,
                "branch-misses": 850884804,
                "max-rss": 503344,
                "wall-time": 63.69
            },
            "consumer-typeset": {
                "task-clock": 39161.47817600001,
                "context-switches": 946,
                "cpu-migrations": 2,
                "page-faults": 216475,
                "cycles": 118754247345,
                "instructions": 95487073518,
                "branches": 20254719365,
                "branch-misses": 544901167,
                "max-rss": 2968832,
                "wall-time": 41.02
            },
            "Bullet": {
                "task-clock": 69117.096362,
                "context-switches": 3498,
                "cpu-migrations": 1,
                "page-faults": 562017,
                "cycles": 209366667729,
                "instructions": 157289435675,
                "branches": 33199245397,
                "branch-misses": 855140592,
                "max-rss": 7521272,
                "wall-time": 73.54999999999998
            },
            "tramp3d-v4": {
                "task-clock": 115563.914259,
                "context-switches": 490,
                "cpu-migrations": 1,
                "page-faults": 298535,
                "cycles": 350037081120,
                "instructions": 270815184606,
                "branches": 58604115031,
                "branch-misses": 1312079709,
                "max-rss": 1190912,
                "wall-time": 115.72
            },
            "mafft": {
                "task-clock": 22574.345188000003,
                "context-switches": 568,
                "cpu-migrations": 0,
                "page-faults": 126607,
                "cycles": 68434717555,
                "instructions": 68588909772,
                "branches": 14507711281,
                "branch-misses": 340373436,
                "max-rss": 1641196,
                "wall-time": 23.540000000000003
            },