{
    "config": 0,
    "clang_size": {
        "size-text": 66875779,
        "size-data": 2785656,
        "size-bss": 284144,
        "size-total": 69945579
    },
    "data": {
        "ReleaseThinLTO": {
            "kimwitu++": {
                "task-clock": 31774.600886999997,
                "context-switches": 1694,
                "cpu-migrations": 58,
                "page-faults": 161213,
                "cycles": 106437961140,
                "instructions": 92233231212,
                "branches": 19910388188,
                "branch-misses": 504825987,
                "max-rss": 1151124,
                "wall-time": 29.259999999999994,
                "size-text": 787080,
                "size-data": 25960,
                "size-bss": 12560,
                "size-total": 825600
            },
            "sqlite3": {
                "task-clock": 47267.345569,
                "context-switches": 2760,
                "cpu-migrations": 127,
                "page-faults": 62709,
                "cycles": 158935941969,
                "instructions": 144977885177,
                "branches": 31230437678,
                "branch-misses": 785977410,
                "max-rss": 308484,
                "wall-time": 58.709999999999994,
                "size-text": 781474,
                "size-data": 3095,
                "size-bss": 624,
                "size-total": 785193
            },
            "consumer-typeset": {
                "task-clock": 29923.363551999995,
                "context-switches": 2173,
                "cpu-migrations": 107,
                "page-faults": 244290,
                "cycles": 100660320487,
                "instructions": 93762608448,
                "branches": 19936374341,
                "branch-misses": 538539374,
                "max-rss": 2679208,
                "wall-time": 27.630000000000013,
                "size-text": 677634,
                "size-data": 3768,
                "size-bss": 65200,
                "size-total": 746602
            },
            "Bullet": {
                "task-clock": 47368.35760800002,
                "context-switches": 4603,
                "cpu-migrations": 219,
                "page-faults": 628444,
                "cycles": 158550413658,
                "instructions": 139624345511,
                "branches": 29442871434,
                "branch-misses": 701271033,
                "max-rss": 6802708,
                "wall-time": 65.13999999999999,
                "size-text": 393144,
                "size-data": 403696,
                "size-bss": 43328,
                "size-total": 840168
            },
            "tramp3d-v4": {
                "task-clock": 91332.311158,
                "context-switches": 2382,
                "cpu-migrations": 132,
                "page-faults": 120713,
                "cycles": 306851384433,
                "instructions": 294463083398,
                "branches": 64427251966,
                "branch-misses": 1286656513,
                "max-rss": 478336,
                "wall-time": 106.45,
                "size-text": 885858,
                "size-data": 1800,
                "size-bss": 1848,
                "size-total": 889506
            },
            "mafft": {
                "task-clock": 17790.701493999997,
                "context-switches": 898,
                "cpu-migrations": 48,
                "page-faults": 139699,
                "cycles": 59907916263,
                "instructions": 59281135658,
                "branches": 12591838266,
                "branch-misses": 293002218,
                "max-rss": 1468136,
                "wall-time": 14.800000000000002,
                "size-text": 275169,
                "size-data": 3052,
                "size-bss": 14911040,
                "size-total": 15189261
            },
            "ClamAV": {
                "task-clock": 42115.737765999984,
                "context-switches": 3489,
                "cpu-migrations": 263,
                "page-faults": 413671,
                "cycles": 141326319682,
                "instructions": 131373495391,
                "branches": 27999014299,
                "branch-misses": 774043324,
                "max-rss": 4939692,
                "wall-time": 45.37,
                "size-text": 774253,
                "size-data": 52872,
                "size-bss": 4752,
                "size-total": 831877
            },
            "lencod": {
                "task-clock": 56343.318705000005,
                "context-switches": 3781,
                "cpu-migrations": 198,
                "page-faults": 283161,
                "cycles": 188950051353,
                "instructions": 197576733820,
                "branches": 41585555094,
                "branch-misses": 771371804,
                "max-rss": 2940776,
                "wall-time": 49.76,
                "size-text": 958131,
                "size-data": 2144,
                "size-bss": 106176,
                "size-total": 1066451
            },
            "SPASS": {
                "task-clock": 37851.415684,
                "context-switches": 3363,
                "cpu-migrations": 115,
                "page-faults": 232309,
                "cycles": 126888594520,
                "instructions": 116228968938,
                "branches": 24977772834,
                "branch-misses": 700382705,
                "max-rss": 2676940,
                "wall-time": 33.03,
                "size-text": 607600,
                "size-data": 872,
                "size-bss": 346536,
                "size-total": 955008
            },
            "7zip": {
                "task-clock": 113621.092505,
                "context-switches": 12171,
                "cpu-migrations": 491,
                "page-faults": 1050268,
                "cycles": 380616612227,
                "instructions": 333436344680,
                "branches": 71166421692,
                "branch-misses": 1977208374,
                "max-rss": 11703856,
                "wall-time": 104.30000000000003,
                "size-text": 1436409,
                "size-data": 4160,
                "size-bss": 29280,
                "size-total": 1469849
            },
            "geomean": {
                "task-clock": 45162.55983176884,
                "context-switches": 2973.378562789297,
                "cpu-migrations": 141.490572777145,
                "page-faults": 244000.3353225143,
                "cycles": 151573648535.943,
                "instructions": 140854208120.23666,
                "branches": 30111729272.989876,
                "branch-misses": 736106333.2130216,
                "max-rss": 2145690.9980228627,
                "wall-time": 45.48272174678091,
                "size-text": 693848.660065021,
                "size-data": 6984.009238215472,
                "size-bss": 35437.433332268796,
                "size-total": 1212039.2022614183
            }
        },
        "O3": {
            "kimwitu++": {
                "task-clock": 24405.300073000002,
                "context-switches": 927,
                "cpu-migrations": 15,
                "page-faults": 157148,
                "cycles": 81991135231,
                "instructions": 66207238683,
                "branches": 14226417034,
                "branch-misses": 403817331,
                "max-rss": 1179196,
                "wall-time": 25.06,
                "size-text": 805325,
                "size-data": 31168,
                "size-bss": 12592,
                "size-total": 849085
            },
            "sqlite3": {
                "task-clock": 32763.982093,
                "context-switches": 167,
                "cpu-migrations": 2,
                "page-faults": 42261,
                "cycles": 109979767325,
                "instructions": 95908933540,
                "branches": 20519924104,
                "branch-misses": 566551191,
                "max-rss": 250312,