{
    "config": 0,
    "clang_size": [],
    "data": {
        "ReleaseThinLTO": {
            "kimwitu++": {
                "task-clock": 41245.542671999996,
                "context-switches": 2026,
                "cpu-migrations": 84,
                "page-faults": 147309,
                "cycles": 127223841002,
                "instructions": 93899047217,
                "branches": 20388481991,
                "branch-misses": 578728982,
                "max-rss": 1204936,
                "wall-time": 37.55
            },
            "sqlite3": {
                "task-clock": 56104.430515,
                "context-switches": 2747,
                "cpu-migrations": 145,
                "page-faults": 61550,
                "cycles": 173355453555,
                "instructions": 142586465477,
                "branches": 30654666476,
                "branch-misses": 812035208,
                "max-rss": 315664,
                "wall-time": 68.55
            },
            "consumer-typeset": {
                "task-clock": 36628.115054999995,
                "context-switches": 2455,
                "cpu-migrations": 134,
                "page-faults": 188638,
                "cycles": 113400376340,
                "instructions": 92945199009,
                "branches": 19798134344,
                "branch-misses": 563912819,
                "max-rss": 2820452,
                "wall-time": 33.92999999999999
            },
            "Bullet": {
                "task-clock": 61294.756405999986,
                "context-switches": 5058,
                "cpu-migrations": 223,
                "page-faults": 496902,
                "cycles": 187301199363,
                "instructions": 139733633768,
                "branches": 29561890141,
                "branch-misses": 784622277,
                "max-rss": 7194084,
                "wall-time": 82.17
            },
            "tramp3d-v4": {
                "task-clock": 109631.701779,
                "context-switches": 3883,
                "cpu-migrations": 214,
                "page-faults": 128738,
                "cycles": 339077856564,
                "instructions": 291318875573,
                "branches": 63592168355,
                "branch-misses": 1362980434,
                "max-rss": 484372,
                "wall-time": 129.28
            },
            "mafft": {
                "task-clock": 21023.159645,
                "context-switches": 643,
                "cpu-migrations": 1,
                "page-faults": 111202,
                "cycles": 66211141725,
                "instructions": 58260695975,
                "branches": 12366667768,
                "branch-misses": 298850254,
                "max-rss": 1549296,
                "wall-time": 16.790000000000003
            },
            "ClamAV": {
                "task-clock": 50964.134830999996,
                "context-switches": 3914,
                "cpu-migrations": 207,
                "page-faults": 301869,
                "cycles": 157492421924,
                "instructions": 129673283336,
                "branches": 27636556357,
                "branch-misses": 814720434,
                "max-rss": 5204088,
                "wall-time": 53.90000000000002
            },
            "lencod": {
                "task-clock": 68351.545748,
                "context-switches": 3966,
                "cpu-migrations": 203,
                "page-faults": 230023,
                "cycles": 210558696941,
                "instructions": 194591155965,
                "branches": 40722276492,
                "branch-misses": 806883277,
                "max-rss": 3107084,
                "wall-time": 58.900000000000006
            },
            "SPASS": {
                "task-clock": 48306.167854,
                "context-switches": 3751,
                "cpu-migrations": 111,
                "page-faults": 174556,
                "cycles": 148816959384,
                "instructions": 117499900606,
                "branches": 25290111341,
                "branch-misses": 755602952,
                "max-rss": 2821508,
                "wall-time": 42.34
            },
            "7zip": {
                "task-clock": 144181.20619499998,
                "context-switches": 12423,
                "cpu-migrations": 354,
                "page-faults": 808990,
                "cycles": 441706467244,
                "instructions": 330947079003,
                "branches": 70754959386,
                "branch-misses": 2149436084,
                "max-rss": 12357884,
                "wall-time": 130.2
            },
            "geomean": {
                "task-clock": 55759.265647459746,
                "context-switches": 3233.146521072441,
                "cpu-migrations": 102.54779693448867,
                "page-faults": 203078.72761368885,
                "cycles": 172199172555.19647,
                "instructions": 140016151173.81522,
                "branches": 29942757170.51012,
                "branch-misses": 786376170.9585019,
                "max-rss": 2245908.045559994,
                "wall-time": 55.40592993081316
            }
        },
        "ReleaseLTO-g": {
            "kimwitu++": {
                "task-clock": 44861.688332000005,
                "context-switches": 1107,
                "cpu-migrations": 1,
                "page-faults": 205950,
                "cycles": 137774347167,
                "instructions": 97499108539,
                "branches": 21081419665,
                "branch-misses": 598106902,
                "max-rss": 1438260,
                "wall-time": 45.589999999999996
            },
            "sqlite3": {
                "task-clock": 61502.493998000005,
                "context-switches": 691,
                "cpu-migrations": 1,
                "page-faults": 110178,
                "cycles": 188659631997,
                "instructions": 151827684843,
                "branches": 32445151227,
                "branch-misses": 845564977,
                "max-rss": 503680,
                "wall-time": 61.68000000000001
            },
            "consumer-typeset": {
                "task-clock": 38685.088118,
                "context-switches": 749,
                "cpu-migrations": 1,
                "page-faults": 216380,
                "cycles": 118067272189,
                "instructions": 95554073839,
                "branches": 20240788492,
                "branch-misses": 545030312,
                "max-rss": 2958944,
                "wall-time": 40.54
            },
            "Bullet": {
                "task-clock": 67114.042287,
                "context-switches": 3118,
                "cpu-migrations": 1,
                "page-faults": 561673,
                "cycles": 210061355126,
                "instructions": 157200070787,
                "branches": 33160385847,
                "branch-misses": 855659210,
                "max-rss": 7516812,
                "wall-time": 71.27000000000001
            },
            "tramp3d-v4": {
                "task-clock": 110554.21393299999,
                "context-switches": 748,
                "cpu-migrations": 1,
                "page-faults": 298946,
                "cycles": 341740289042,
                "instructions": 270993873205,
                "branches": 58572624687,
                "branch-misses": 1303764878,
                "max-rss": 1193304,
                "wall-time": 110.78999999999999
            },
            "mafft": {
                "task-clock": 22239.161126000006,
                "context-switches": 578,
                "cpu-migrations": 0,
                "page-faults": 126108,
                "cycles": 67701449923,
                "instructions": 68634087036,
                "branches": 14492000071,
                "branch-misses": 338930807,
                "max-rss": 1639664,
                "wall-time": 23.2
            },