{
    "config": 0,
    "clang_size": [],
    "data": {
        "ReleaseThinLTO": {
            "kimwitu++": {
                "task-clock": 42116.777795,
                "context-switches": 2132,
                "cpu-migrations": 74,
                "page-faults": 147285,
                "cycles": 127586268042,
                "instructions": 93597592963,
                "branches": 20334003999,
                "branch-misses": 577428884,
                "max-rss": 1202636,
                "wall-time": 38.28
            },
            "sqlite3": {
                "task-clock": 57032.483584,
                "context-switches": 2583,
                "cpu-migrations": 160,
                "page-faults": 61542,
                "cycles": 172749286622,
                "instructions": 141548313614,
                "branches": 30467237342,
                "branch-misses": 813229018,
                "max-rss": 314752,
                "wall-time": 70.28
            },
            "consumer-typeset": {
                "task-clock": 37555.20381799999,
                "context-switches": 2473,
                "cpu-migrations": 130,
                "page-faults": 189173,
                "cycles": 113695755140,
                "instructions": 92563158770,
                "branches": 19743817939,
                "branch-misses": 568080145,
                "max-rss": 2826236,
                "wall-time": 34.35999999999999
            },
            "Bullet": {
                "task-clock": 62444.24916499999,
                "context-switches": 5235,
                "cpu-migrations": 207,
                "page-faults": 498057,
                "cycles": 188796037714,
                "instructions": 139764896066,
                "branches": 29582197813,
                "branch-misses": 784286581,
                "max-rss": 7207436,
                "wall-time": 83.86999999999998
            },
            "tramp3d-v4": {
                "task-clock": 111482.96616400001,
                "context-switches": 3274,
                "cpu-migrations": 152,
                "page-faults": 127015,
                "cycles": 338043321774,
                "instructions": 289715292514,
                "branches": 63312153000,
                "branch-misses": 1356624612,
                "max-rss": 483948,
                "wall-time": 130.69
            },
            "mafft": {
                "task-clock": 21853.104417999995,
                "context-switches": 743,
                "cpu-migrations": 0,
                "page-faults": 111541,
                "cycles": 66272037127,
                "instructions": 58030301897,
                "branches": 12332815949,
                "branch-misses": 299873546,
                "max-rss": 1550108,
                "wall-time": 17.41
            },
            "ClamAV": {
                "task-clock": 52135.88850500002,
                "context-switches": 4144,
                "cpu-migrations": 212,
                "page-faults": 301856,
                "cycles": 157783167749,
                "instructions": 129002433108,
                "branches": 27562961661,
                "branch-misses": 813050361,
                "max-rss": 5216684,
                "wall-time": 55.42999999999999
            },
            "lencod": {
                "task-clock": 69145.806027,
                "context-switches": 4288,
                "cpu-migrations": 226,
                "page-faults": 229284,
                "cycles": 209743282857,
                "instructions": 194168966803,
                "branches": 40721299414,
                "branch-misses": 805873420,
                "max-rss": 3119472,
                "wall-time": 60.470000000000006
            },
            "SPASS": {
                "task-clock": 49143.696805,
                "context-switches": 3823,
                "cpu-migrations": 80,
                "page-faults": 175458,
                "cycles": 148895495494,
                "instructions": 117031243366,
                "branches": 25216671555,
                "branch-misses": 755037307,
                "max-rss": 2831424,
                "wall-time": 42.42999999999999
            },
            "7zip": {
                "task-clock": 147257.05859400006,
                "context-switches": 12639,
                "cpu-migrations": 383,
                "page-faults": 811087,
                "cycles": 445000263313,
                "instructions": 330347467087,
                "branches": 70742997302,
                "branch-misses": 2139709255,
                "max-rss": 12378924,
                "wall-time": 132.95999999999998
            },
            "geomean": {
                "task-clock": 56936.50719969249,
                "context-switches": 3290.7216107678437,
                "cpu-migrations": 0,
                "page-faults": 203056.64432773972,
                "cycles": 172434855068.08026,
                "instructions": 139498083920.03143,
                "branches": 29871605249.034508,
                "branch-misses": 786086081.6857716,
                "max-rss": 2248234.4597593457,
                "wall-time": 56.53512405246233
            }
        },
        "ReleaseLTO-g": {
            "kimwitu++": {
                "task-clock": 45679.052191999996,
                "context-switches": 1101,
                "cpu-migrations": 1,
                "page-faults": 205892,
                "cycles": 138278710379,
                "instructions": 97354083489,
                "branches": 21048138215,
                "branch-misses": 598419102,
                "max-rss": 1437764,
                "wall-time": 46.31000000000001
            },
            "sqlite3": {
                "task-clock": 61718.164149000004,
                "context-switches": 374,
                "cpu-migrations": 1,
                "page-faults": 110166,
                "cycles": 187709206330,
                "instructions": 151036925947,
                "branches": 32302188338,
                "branch-misses": 845718239,
                "max-rss": 504032,
                "wall-time": 61.870000000000005
            },
            "consumer-typeset": {
                "task-clock": 38975.254667,
                "context-switches": 954,
                "cpu-migrations": 1,
                "page-faults": 216586,
                "cycles": 118334238611,
                "instructions": 95235117111,
                "branches": 20200205106,
                "branch-misses": 546390525,
                "max-rss": 2972820,
                "wall-time": 40.809999999999995
            },
            "Bullet": {
                "task-clock": 69906.52046299998,
                "context-switches": 3587,
                "cpu-migrations": 2,
                "page-faults": 562470,
                "cycles": 210832126358,
                "instructions": 157222914318,
                "branches": 33173750869,
                "branch-misses": 859159066,
                "max-rss": 7530320,
                "wall-time": 74.3
            },
            "tramp3d-v4": {
                "task-clock": 112859.60384299999,
                "context-switches": 585,
                "cpu-migrations": 1,
                "page-faults": 298775,
                "cycles": 342136200319,
                "instructions": 270124973598,
                "branches": 58425167921,
                "branch-misses": 1305101070,
                "max-rss": 1191528,
                "wall-time": 113.02
            },
            "mafft": {
                "task-clock": 22349.790825,
                "context-switches": 549,
                "cpu-migrations": 0,
                "page-faults": 127703,
                "cycles": 68271432492,
                "instructions": 68353771837,
                "branches": 14453722010,
                "branch-misses": 340304585,
                "max-rss": 1642712,
                "wall-time": 23.330000000000005
            },