{
    "config": 0,
    "clang_size": {
        "size-text": 68503422,
        "size-data": 2842408,
        "size-bss": 290408,
        "size-total": 71636238
    },
    "data": {
        "ReleaseThinLTO": {
            "kimwitu++": {
                "task-clock": 31696.256741,
                "context-switches": 1980,
                "cpu-migrations": 122,
                "page-faults": 142790,
                "cycles": 106755388860,
                "instructions": 91923776806,
                "branches": 20000166317,
                "branch-misses": 508024536,
                "max-rss": 1165124,
                "wall-time": 29.310000000000006,
                "size-text": 786980,
                "size-data": 25960,
                "size-bss": 12560,
                "size-total": 825500
            },
            "sqlite3": {
                "task-clock": 46584.870123,
                "context-switches": 2537,
                "cpu-migrations": 132,
                "page-faults": 59906,
                "cycles": 156935935297,
                "instructions": 144287479296,
                "branches": 31067034336,
                "branch-misses": 766809921,
                "max-rss": 308272,
                "wall-time": 57.67,
                "size-text": 780826,
                "size-data": 3095,
                "size-bss": 624,
                "size-total": 784545
            },
            "consumer-typeset": {
                "task-clock": 29644.661721,
                "context-switches": 2007,
                "cpu-migrations": 70,
                "page-faults": 181149,
                "cycles": 99856000820,
                "instructions": 93214563570,
                "branches": 19874270930,
                "branch-misses": 526922580,
                "max-rss": 2745000,
                "wall-time": 27.25000000000001,
                "size-text": 667954,
                "size-data": 3768,
                "size-bss": 65200,
                "size-total": 736922
            },
            "Bullet": {
                "task-clock": 47441.495206,
                "context-switches": 4290,
                "cpu-migrations": 165,
                "page-faults": 483073,
                "cycles": 159633654395,
                "instructions": 140400923726,
                "branches": 29783223089,
                "branch-misses": 700252907,
                "max-rss": 6968804,
                "wall-time": 65.72999999999999,
                "size-text": 394152,
                "size-data": 403696,
                "size-bss": 43328,
                "size-total": 841176
            },
            "tramp3d-v4": {
                "task-clock": 90383.934267,
                "context-switches": 2400,
                "cpu-migrations": 157,
                "page-faults": 125410,
                "cycles": 304504159820,
                "instructions": 296109663477,
                "branches": 64798164863,
                "branch-misses": 1269143921,
                "max-rss": 478664,
                "wall-time": 105.24000000000001,
                "size-text": 885402,
                "size-data": 1800,
                "size-bss": 1848,
                "size-total": 889050
            },
            "mafft": {
                "task-clock": 17816.221619,
                "context-switches": 745,
                "cpu-migrations": 6,
                "page-faults": 106965,
                "cycles": 60038115489,
                "instructions": 59835548344,
                "branches": 12713101949,
                "branch-misses": 287728536,
                "max-rss": 1499836,
                "wall-time": 14.680000000000001,
                "size-text": 275689,
                "size-data": 3052,
                "size-bss": 14911040,
                "size-total": 15189781
            },
            "ClamAV": {
                "task-clock": 41226.96883799998,
                "context-switches": 3298,
                "cpu-migrations": 145,
                "page-faults": 293482,
                "cycles": 138775251728,
                "instructions": 130078422962,
                "branches": 27773040492,
                "branch-misses": 759051484,
                "max-rss": 5050672,
                "wall-time": 44.86,
                "size-text": 773613,
                "size-data": 52872,
                "size-bss": 4752,
                "size-total": 831237
            },
            "lencod": {
                "task-clock": 57506.36295899999,
                "context-switches": 3816,
                "cpu-migrations": 114,
                "page-faults": 223862,
                "cycles": 193736799027,
                "instructions": 202179847281,
                "branches": 42399188901,
                "branch-misses": 767731840,
                "max-rss": 3020184,
                "wall-time": 50.830000000000005,
                "size-text": 957979,
                "size-data": 2144,
                "size-bss": 106176,
                "size-total": 1066299
            },
            "SPASS": {
                "task-clock": 37977.795831,
                "context-switches": 3088,
                "cpu-migrations": 59,
                "page-faults": 170037,
                "cycles": 127802920743,
                "instructions": 116647947265,
                "branches": 25183727561,
                "branch-misses": 695237266,
                "max-rss": 2732132,
                "wall-time": 33.18000000000001,
                "size-text": 608440,
                "size-data": 872,
                "size-bss": 346536,
                "size-total": 955848
            },
            "7zip": {
                "task-clock": 111384.28462299996,
                "context-switches": 10469,
                "cpu-migrations": 268,
                "page-faults": 793399,
                "cycles": 374730947921,
                "instructions": 329509233354,
                "branches": 70616182137,
                "branch-misses": 1940054705,
                "max-rss": 11997676,
                "wall-time": 101.81,
                "size-text": 1433841,
                "size-data": 4160,
                "size-bss": 29280,
                "size-total": 1467281
            },
            "geomean": {
                "task-clock": 44931.56608459871,
                "context-switches": 2816.955163607274,
                "cpu-migrations": 92.4874127895161,
                "page-faults": 197214.46314011037,
                "cycles": 151300916853.21896,
                "instructions": 141013597202.10458,
                "branches": 30216320360.71319,
                "branch-misses": 727025385.9456652,
                "max-rss": 2183766.8759498,
                "wall-time": 45.25482607964109,
                "size-text": 692960.8016962184,
                "size-data": 6984.009238215472,
                "size-bss": 35437.433332268796,
                "size-total": 1210215.4774662808
            }
        },
        "O3": {
            "kimwitu++": {
                "task-clock": 24579.535126000002,
                "context-switches": 813,
                "cpu-migrations": 1,
                "page-faults": 139986,
                "cycles": 82815270753,
                "instructions": 66537048547,
                "branches": 14420453120,
                "branch-misses": 411344575,
                "max-rss": 1202104,
                "wall-time": 25.19,
                "size-text": 805309,
                "size-data": 31168,
                "size-bss": 12592,
                "size-total": 849069
            },
            "sqlite3": {
                "task-clock": 32620.015279,
                "context-switches": 179,
                "cpu-migrations": 1,
                "page-faults": 39300,
                "cycles": 109999856528,
                "instructions": 96369162669,
                "branches": 20612885401,
                "branch-misses": 560144258,
                "max-rss": 251292,