{
    "config": 0,
    "clang_size": [],
    "data": {
        "ReleaseThinLTO": {
            "kimwitu++": {
                "task-clock": 42372.811286,
                "context-switches": 1629,
                "cpu-migrations": 61,
                "page-faults": 147400,
                "cycles": 127524789098,
                "instructions": 93520005576,
                "branches": 20297705728,
                "branch-misses": 579260457,
                "max-rss": 1203672,
                "wall-time": 38.71
            },
            "sqlite3": {
                "task-clock": 57517.94506,
                "context-switches": 2288,
                "cpu-migrations": 142,
                "page-faults": 61679,
                "cycles": 173048109993,
                "instructions": 141655670280,
                "branches": 30477182870,
                "branch-misses": 813699438,
                "max-rss": 316188,
                "wall-time": 70.76
            },
            "consumer-typeset": {
                "task-clock": 37655.79290100001,
                "context-switches": 2471,
                "cpu-migrations": 136,
                "page-faults": 187251,
                "cycles": 113282624459,
                "instructions": 92574942258,
                "branches": 19734112556,
                "branch-misses": 567468503,
                "max-rss": 2839936,
                "wall-time": 34.300000000000004
            },
            "Bullet": {
                "task-clock": 62726.80745099999,
                "context-switches": 5052,
                "cpu-migrations": 220,
                "page-faults": 497975,
                "cycles": 188319277099,
                "instructions": 139705852111,
                "branches": 29552855460,
                "branch-misses": 787937141,
                "max-rss": 7208192,
                "wall-time": 84
            },
            "tramp3d-v4": {
                "task-clock": 112755.16523799999,
                "context-switches": 4251,
                "cpu-migrations": 253,
                "page-faults": 126657,
                "cycles": 339044924001,
                "instructions": 289584659558,
                "branches": 63234357944,
                "branch-misses": 1365067722,
                "max-rss": 483992,
                "wall-time": 131.95
            },
            "mafft": {
                "task-clock": 21963.637232000005,
                "context-switches": 746,
                "cpu-migrations": 1,
                "page-faults": 110523,
                "cycles": 66044073052,
                "instructions": 58003691054,
                "branches": 12325700326,
                "branch-misses": 298563888,
                "max-rss": 1558028,
                "wall-time": 17.51
            },
            "ClamAV": {
                "task-clock": 52475.217018999996,
                "context-switches": 4189,
                "cpu-migrations": 253,
                "page-faults": 303634,
                "cycles": 157769672426,
                "instructions": 129093290632,
                "branches": 27588708216,
                "branch-misses": 814054898,
                "max-rss": 5225640,
                "wall-time": 55.959999999999994
            },
            "lencod": {
                "task-clock": 69453.060034,
                "context-switches": 4183,
                "cpu-migrations": 221,
                "page-faults": 228278,
                "cycles": 209071519568,
                "instructions": 194034427877,
                "branches": 40694080447,
                "branch-misses": 805896860,
                "max-rss": 3130728,
                "wall-time": 60.959999999999994
            },
            "SPASS": {
                "task-clock": 49495.604707,
                "context-switches": 3555,
                "cpu-migrations": 99,
                "page-faults": 175215,
                "cycles": 148737733714,
                "instructions": 116888930107,
                "branches": 25170652709,
                "branch-misses": 757613687,
                "max-rss": 2830072,
                "wall-time": 42.95
            },
            "7zip": {
                "task-clock": 147366.73250800004,
                "context-switches": 12770,
                "cpu-migrations": 360,
                "page-faults": 813985,
                "cycles": 442466484298,
                "instructions": 330328977691,
                "branches": 70729822102,
                "branch-misses": 2152024934,
                "max-rss": 12392056,
                "wall-time": 133.41
            },
            "geomean": {
                "task-clock": 57261.51110132011,
                "context-switches": 3213.3437360064404,
                "cpu-migrations": 102.71055548433243,
                "page-faults": 202737.9496324311,
                "cycles": 172168247559.94604,
                "instructions": 139462685610.77847,
                "branches": 29852198377.65263,
                "branch-misses": 787624283.5291648,
                "max-rss": 2253059.9925133535,
                "wall-time": 56.91089504648489
            }
        },
        "ReleaseLTO-g": {
            "kimwitu++": {
                "task-clock": 45879.59942200001,
                "context-switches": 1011,
                "cpu-migrations": 1,
                "page-faults": 206297,
                "cycles": 137911943990,
                "instructions": 97446427480,
                "branches": 21061427740,
                "branch-misses": 602078659,
                "max-rss": 1437792,
                "wall-time": 46.470000000000006
            },
            "sqlite3": {
                "task-clock": 62668.154970999996,
                "context-switches": 704,
                "cpu-migrations": 1,
                "page-faults": 110374,
                "cycles": 188660121155,
                "instructions": 151440488950,
                "branches": 32378306432,
                "branch-misses": 846836706,
                "max-rss": 504132,
                "wall-time": 62.839999999999996
            },
            "consumer-typeset": {
                "task-clock": 39463.010067999996,
                "context-switches": 756,
                "cpu-migrations": 1,
                "page-faults": 216893,
                "cycles": 118612575698,
                "instructions": 95369390280,
                "branches": 20218060512,
                "branch-misses": 547663510,
                "max-rss": 2979704,
                "wall-time": 41.34
            },
            "Bullet": {
                "task-clock": 70056.86747199998,
                "context-switches": 3644,
                "cpu-migrations": 2,
                "page-faults": 562677,
                "cycles": 210782129077,
                "instructions": 157192243774,
                "branches": 33155899676,
                "branch-misses": 862284058,
                "max-rss": 7538592,
                "wall-time": 74.58999999999999
            },
            "tramp3d-v4": {
                "task-clock": 114105.594041,
                "context-switches": 619,
                "cpu-migrations": 1,
                "page-faults": 298840,
                "cycles": 343299494185,
                "instructions": 270173856474,
                "branches": 58403342172,
                "branch-misses": 1313104082,
                "max-rss": 1192880,
                "wall-time": 114.25
            },
            "mafft": {
                "task-clock": 22675.4919,
                "context-switches": 642,
                "cpu-migrations": 0,
                "page-faults": 128357,
                "cycles": 67894774244,
                "instructions": 68392690029,
                "branches": 14464896679,
                "branch-misses": 338724817,
                "max-rss": 1646220,
                "wall-time": 23.68
            },
            "ClamAV": {
                "task-clock": 60195.413303,