{
    "config": 0,
    "clang_size": [],
    "data": {
        "ReleaseThinLTO": {
            "kimwitu++": {
                "task-clock": 42119.44924600001,
                "context-switches": 2282,
                "cpu-migrations": 89,
                "page-faults": 147180,
                "cycles": 128169658958,
                "instructions": 93635800990,
                "branches": 20337210250,
                "branch-misses": 580070030,
                "max-rss": 1202192,
                "wall-time": 38.81999999999999
            },
            "sqlite3": {
                "task-clock": 57847.626681,
                "context-switches": 2733,
                "cpu-migrations": 117,
                "page-faults": 61499,
                "cycles": 175843861838,
                "instructions": 141650676087,
                "branches": 30492943918,
                "branch-misses": 814794881,
                "max-rss": 315392,
                "wall-time": 70.44
            },
            "consumer-typeset": {
                "task-clock": 37507.83517400001,
                "context-switches": 2302,
                "cpu-migrations": 108,
                "page-faults": 188986,
                "cycles": 113909702124,
                "instructions": 92613523752,
                "branches": 19751092961,
                "branch-misses": 567470276,
                "max-rss": 2833428,
                "wall-time": 34.08
            },
            "Bullet": {
                "task-clock": 62421.89763200002,
                "context-switches": 5247,
                "cpu-migrations": 217,
                "page-faults": 498019,
                "cycles": 189580140941,
                "instructions": 139722363340,
                "branches": 29574716388,
                "branch-misses": 783707512,
                "max-rss": 7209132,
                "wall-time": 83.57000000000002
            },
            "tramp3d-v4": {
                "task-clock": 112892.70982,
                "context-switches": 2917,
                "cpu-migrations": 153,
                "page-faults": 127643,
                "cycles": 343192772326,
                "instructions": 289784158064,
                "branches": 63329806796,
                "branch-misses": 1364025561,
                "max-rss": 484056,
                "wall-time": 131.81
            },
            "mafft": {
                "task-clock": 21791.375742,
                "context-switches": 705,
                "cpu-migrations": 1,
                "page-faults": 112043,
                "cycles": 66281392607,
                "instructions": 58019016233,
                "branches": 12330753919,
                "branch-misses": 297724816,
                "max-rss": 1553584,
                "wall-time": 17.37
            },
            "ClamAV": {
                "task-clock": 52446.40048700002,
                "context-switches": 4254,
                "cpu-migrations": 216,
                "page-faults": 299301,
                "cycles": 159401085917,
                "instructions": 129074112672,
                "branches": 27575791181,
                "branch-misses": 813673341,
                "max-rss": 5216944,
                "wall-time": 56.82999999999999
            },
            "lencod": {
                "task-clock": 69797.86031699998,
                "context-switches": 4440,
                "cpu-migrations": 357,
                "page-faults": 230557,
                "cycles": 212151291468,
                "instructions": 194220314295,
                "branches": 40737785632,
                "branch-misses": 806254747,
                "max-rss": 3126268,
                "wall-time": 61.09
            },
            "SPASS": {
                "task-clock": 49251.189733,
                "context-switches": 3922,
                "cpu-migrations": 83,
                "page-faults": 175385,
                "cycles": 149597439386,
                "instructions": 116991534747,
                "branches": 25210733015,
                "branch-misses": 753827847,
                "max-rss": 2828592,
                "wall-time": 43.019999999999996
            },
            "7zip": {
                "task-clock": 146689.08034499997,
                "context-switches": 12957,
                "cpu-migrations": 350,
                "page-faults": 811149,
                "cycles": 445576337233,
                "instructions": 330482853161,
                "branches": 70772069640,
                "branch-misses": 2142746386,
                "max-rss": 12378552,
                "wall-time": 132.89999999999998
            },
            "geomean": {
                "task-clock": 57141.943186787044,
                "context-switches": 3290.250550928011,
                "cpu-migrations": 98.22949000553587,
                "page-faults": 203130.60844204816,
                "cycles": 173667238745.07925,
                "instructions": 139530229444.19617,
                "branches": 29878397573.744114,
                "branch-misses": 786398852.541437,
                "max-rss": 2250055.6252615014,
                "wall-time": 56.871099066950315
            }
        },
        "ReleaseLTO-g": {
            "kimwitu++": {
                "task-clock": 45756.745324,
                "context-switches": 1009,
                "cpu-migrations": 1,
                "page-faults": 205846,
                "cycles": 139222529232,
                "instructions": 97397536985,
                "branches": 21061180831,
                "branch-misses": 598475174,
                "max-rss": 1438000,
                "wall-time": 46.36
            },
            "sqlite3": {
                "task-clock": 62383.299153,
                "context-switches": 676,
                "cpu-migrations": 1,
                "page-faults": 110165,
                "cycles": 190369363158,
                "instructions": 151072228494,
                "branches": 32313747862,
                "branch-misses": 844269026,
                "max-rss": 503876,
                "wall-time": 62.56
            },
            "consumer-typeset": {
                "task-clock": 39247.39401299999,
                "context-switches": 788,
                "cpu-migrations": 2,
                "page-faults": 216682,
                "cycles": 119460781095,
                "instructions": 95278385729,
                "branches": 20204413164,
                "branch-misses": 545279533,
                "max-rss": 2968888,
                "wall-time": 41.08000000000002
            },
            "Bullet": {
                "task-clock": 69320.882501,
                "context-switches": 3512,
                "cpu-migrations": 1,
                "page-faults": 562200,
                "cycles": 210988004860,
                "instructions": 157140021939,
                "branches": 33161556538,
                "branch-misses": 855409271,
                "max-rss": 7530976,
                "wall-time": 73.87
            },
            "tramp3d-v4": {
                "task-clock": 114424.985195,
                "context-switches": 556,
                "cpu-migrations": 1,
                "page-faults": 298561,
                "cycles": 348141229345,
                "instructions": 270033893292,
                "branches": 58405061272,
                "branch-misses": 1309432321,
                "max-rss": 1191188,
                "wall-time": 114.58
            },
            "mafft": {
                "task-clock": 22521.603981,
                "context-switches": 673,
                "cpu-migrations": 0,
                "page-faults": 126562,
                "cycles": 68451517689,
                "instructions": 68367121361,
                "branches": 14456728460,
                "branch-misses": 338436538,
                "max-rss": 1643588,
                "wall-time": 23.540000000000006
            },
            "ClamAV": {
                "task-clock": 59943.90848699999,