{
    "config": 0,
    "clang_size": [],
    "data": {
        "ReleaseThinLTO": {
            "kimwitu++": {
                "task-clock": 42130.260953000005,
                "context-switches": 2084,
                "cpu-migrations": 96,
                "page-faults": 147223,
                "cycles": 127063512654,
                "instructions": 93541255919,
                "branches": 20301284636,
                "branch-misses": 576408161,
                "max-rss": 1202780,
                "wall-time": 38.5
            },
            "sqlite3": {
                "task-clock": 57082.744761999995,
                "context-switches": 2641,
                "cpu-migrations": 156,
                "page-faults": 61693,
                "cycles": 173044787071,
                "instructions": 141535561757,
                "branches": 30454020540,
                "branch-misses": 813306379,
                "max-rss": 314988,
                "wall-time": 70.3
            },
            "consumer-typeset": {
                "task-clock": 37196.05202499999,
                "context-switches": 2436,
                "cpu-migrations": 114,
                "page-faults": 188780,
                "cycles": 113094623457,
                "instructions": 92512588035,
                "branches": 19722263764,
                "branch-misses": 567395843,
                "max-rss": 2839732,
                "wall-time": 34.160000000000004
            },
            "Bullet": {
                "task-clock": 62274.588784999956,
                "context-switches": 5204,
                "cpu-migrations": 265,
                "page-faults": 498128,
                "cycles": 188108899388,
                "instructions": 139649728266,
                "branches": 29544943209,
                "branch-misses": 783926229,
                "max-rss": 7203456,
                "wall-time": 83.38999999999999
            },
            "tramp3d-v4": {
                "task-clock": 111552.749423,
                "context-switches": 3273,
                "cpu-migrations": 228,
                "page-faults": 129660,
                "cycles": 337026622623,
                "instructions": 289422501208,
                "branches": 63186419087,
                "branch-misses": 1357925687,
                "max-rss": 485400,
                "wall-time": 130.48000000000002
            },
            "mafft": {
                "task-clock": 21800.328404,
                "context-switches": 729,
                "cpu-migrations": 0,
                "page-faults": 111297,
                "cycles": 66089438237,
                "instructions": 57978305554,
                "branches": 12319308571,
                "branch-misses": 298406794,
                "max-rss": 1555736,
                "wall-time": 17.299999999999997
            },
            "ClamAV": {
                "task-clock": 51919.223665,
                "context-switches": 3965,
                "cpu-migrations": 188,
                "page-faults": 302767,
                "cycles": 157218598215,
                "instructions": 128958836745,
                "branches": 27549871265,
                "branch-misses": 812795363,
                "max-rss": 5218692,
                "wall-time": 54.669999999999995
            },
            "lencod": {
                "task-clock": 68938.50573,
                "context-switches": 4351,
                "cpu-migrations": 223,
                "page-faults": 229580,
                "cycles": 208370445242,
                "instructions": 194053680814,
                "branches": 40684634986,
                "branch-misses": 804645157,
                "max-rss": 3113964,
                "wall-time": 59.889999999999986
            },
            "SPASS": {
                "task-clock": 49145.366287000004,
                "context-switches": 3942,
                "cpu-migrations": 94,
                "page-faults": 174855,
                "cycles": 148362581548,
                "instructions": 116812521728,
                "branches": 25157048982,
                "branch-misses": 758008603,
                "max-rss": 2828128,
                "wall-time": 43.010000000000005
            },
            "7zip": {
                "task-clock": 146523.434001,
                "context-switches": 12782,
                "cpu-migrations": 377,
                "page-faults": 813193,
                "cycles": 442370485958,
                "instructions": 330169618538,
                "branches": 70688053745,
                "branch-misses": 2140954850,
                "max-rss": 12384716,
                "wall-time": 132.60999999999999
            },
            "geomean": {
                "task-clock": 56794.067681963745,
                "context-switches": 3281.3321443183204,
                "cpu-migrations": 0,
                "page-faults": 203503.19125642302,
                "cycles": 171801816457.1904,
                "instructions": 139396124789.58755,
                "branches": 29835779396.355556,
                "branch-misses": 785723534.7760953,
                "max-rss": 2250398.610860251,
                "wall-time": 56.388261435266365
            }
        },
        "ReleaseLTO-g": {
            "kimwitu++": {
                "task-clock": 45931.421149999995,
                "context-switches": 1111,
                "cpu-migrations": 3,
                "page-faults": 205972,
                "cycles": 137706655445,
                "instructions": 97113556410,
                "branches": 20985005436,
                "branch-misses": 602090928,
                "max-rss": 1440888,
                "wall-time": 46.620000000000005
            },
            "sqlite3": {
                "task-clock": 62814.832954,
                "context-switches": 575,
                "cpu-migrations": 1,
                "page-faults": 110178,
                "cycles": 189211253329,
                "instructions": 151039872342,
                "branches": 32294777506,
                "branch-misses": 847354601,
                "max-rss": 504236,
                "wall-time": 63.040000000000006
            },
            "consumer-typeset": {
                "task-clock": 39054.741063,
                "context-switches": 917,
                "cpu-migrations": 1,
                "page-faults": 216758,
                "cycles": 117874888046,
                "instructions": 95119670262,
                "branches": 20164693112,
                "branch-misses": 544439626,
                "max-rss": 2973928,
                "wall-time": 40.890000000000015
            },
            "Bullet": {
                "task-clock": 70089.478299,
                "context-switches": 3073,
                "cpu-migrations": 1,
                "page-faults": 562386,
                "cycles": 210582298843,
                "instructions": 157048587216,
                "branches": 33125692790,
                "branch-misses": 858123734,
                "max-rss": 7524900,
                "wall-time": 74.45000000000002
            },
            "tramp3d-v4": {
                "task-clock": 114441.40573,
                "context-switches": 882,
                "cpu-migrations": 1,
                "page-faults": 298557,
                "cycles": 343376253428,
                "instructions": 270137428265,
                "branches": 58387394622,
                "branch-misses": 1315340516,
                "max-rss": 1191288,
                "wall-time": 114.78
            },
            "mafft": {
                "task-clock": 22574.123553000005,
                "context-switches": 572,
                "cpu-migrations": 0,
                "page-faults": 126478,
                "cycles": 67991904951,
                "instructions": 68318661830,
                "branches": 14444722117,
                "branch-misses": 339454093,
                "max-rss": 1644852,
                "wall-time": 23.57
            },