{
    "config": 0,
    "clang_size": {
        "size-text": 70087336,
        "size-data": 2889384,
        "size-bss": 311720,
        "size-total": 73288440
    },
    "data": {
        "O0-g": {
            "kimwitu++": {
                "task-clock": 12110.825685,
                "context-switches": 713,
                "cpu-migrations": 1,
                "page-faults": 156122,
                "cycles": 40604075941,
                "instructions": 30064452172,
                "branches": 6248127238,
                "branch-misses": 159503145,
                "max-rss": 1212980,
                "wall-time": 12.700000000000003,
                "size-text": 1430110,
                "size-data": 31288,
                "size-bss": 12608,
                "size-total": 1474006
            },
            "sqlite3": {
                "task-clock": 2226.200301,
                "context-switches": 73,
                "cpu-migrations": 2,
                "page-faults": 32894,
                "cycles": 7461260703,
                "instructions": 6380498142,
                "branches": 1317540444,
                "branch-misses": 28153755,
                "max-rss": 224076,
                "wall-time": 2.34,
                "size-text": 534059,
                "size-data": 3280,
                "size-bss": 696,
                "size-total": 538035
            },
            "consumer-typeset": {
                "task-clock": 5112.473148,
                "context-switches": 436,
                "cpu-migrations": 7,
                "page-faults": 175146,
                "cycles": 17086165046,
                "instructions": 14991873283,
                "branches": 3040832413,
                "branch-misses": 57692334,
                "max-rss": 2757056,
                "wall-time": 7.1,
                "size-text": 1035501,
                "size-data": 7512,
                "size-bss": 65264,
                "size-total": 1108277
            },
            "Bullet": {
                "task-clock": 26390.962917999994,
                "context-switches": 1984,
                "cpu-migrations": 3,
                "page-faults": 529349,
                "cycles": 88403535151,
                "instructions": 71026863804,
                "branches": 14461085835,
                "branch-misses": 324225884,
                "max-rss": 7215676,
                "wall-time": 30.960000000000008,
                "size-text": 1232272,
                "size-data": 747920,
                "size-bss": 45552,
                "size-total": 2025744
            },
            "tramp3d-v4": {
                "task-clock": 11735.801080000001,
                "context-switches": 163,
                "cpu-migrations": 1,
                "page-faults": 128768,
                "cycles": 39347638005,
                "instructions": 28765749227,
                "branches": 6182658982,
                "branch-misses": 151215567,
                "max-rss": 512328,
                "wall-time": 11.84,
                "size-text": 1393987,
                "size-data": 1464,
                "size-bss": 2136,
                "size-total": 1397587
            },
            "mafft": {
                "task-clock": 2818.6744799999997,
                "context-switches": 259,
                "cpu-migrations": 3,
                "page-faults": 94667,
                "cycles": 9440116331,
                "instructions": 8202738036,
                "branches": 1664882470,
                "branch-misses": 32870879,
                "max-rss": 1477068,
                "wall-time": 3.8600000000000003,
                "size-text": 449332,
                "size-data": 8941,
                "size-bss": 132727168,
                "size-total": 133185441
            },
            "ClamAV": {
                "task-clock": 6455.501623000001,
                "context-switches": 786,
                "cpu-migrations": 18,
                "page-faults": 278314,
                "cycles": 21577878589,
                "instructions": 17439490235,
                "branches": 3517320208,
                "branch-misses": 78264222,
                "max-rss": 5008088,
                "wall-time": 10.28,
                "size-text": 889711,
                "size-data": 62788,
                "size-bss": 4768,
                "size-total": 957267
            },
            "lencod": {
                "task-clock": 5401.972164,
                "context-switches": 544,
                "cpu-migrations": 8,
                "page-faults": 187507,
                "cycles": 18086562599,
                "instructions": 15641961124,
                "branches": 3160506084,
                "branch-misses": 61873022,
                "max-rss": 2956532,
                "wall-time": 7.560000000000001,
                "size-text": 918941,
                "size-data": 16632,
                "size-bss": 109408,
                "size-total": 1044981
            },
            "SPASS": {
                "task-clock": 6795.394917999999,
                "context-switches": 621,
                "cpu-migrations": 7,
                "page-faults": 178283,
                "cycles": 22747380106,
                "instructions": 18407271457,
                "branches": 3804420534,
                "branch-misses": 86075239,
                "max-rss": 2728704,
                "wall-time": 8.810000000000002,
                "size-text": 917907,
                "size-data": 920,
                "size-bss": 358776,
                "size-total": 1277603
            },
            "7zip": {
                "task-clock": 33153.43895399999,
                "context-switches": 3040,
                "cpu-migrations": 9,
                "page-faults": 821049,
                "cycles": 110946594215,
                "instructions": 82002933213,
                "branches": 16871984083,
                "branch-misses": 415729935,
                "max-rss": 12120896,
                "wall-time": 41.34999999999998,
                "size-text": 1390888,
                "size-data": 7832,
                "size-bss": 29440,
                "size-total": 1428160
            },
            "geomean": {
                "task-clock": 7898.793409524747,
                "context-switches": 523.1081116237345,
                "cpu-migrations": 4.034663864486562,
                "page-faults": 183939.9748607274,
                "cycles": 26447231879.863644,
                "instructions": 21368127911.041027,
                "branches": 4390044570.998003,
                "branch-misses": 96815152.19516547,
                "max-rss": 2138880.8218092774,
                "wall-time": 9.8332803646479,
                "size-text": 955931.8434038078,
                "size-data": 11896.716642703963,
                "size-bss": 45815.70955039673,
                "size-total": 1897445.2512133552
            }
        }
    }
}