{
    "config": 0,
    "clang_size": {
        "size-text": 66503673,
        "size-data": 2765392,
        "size-bss": 252592,
        "size-total": 69521657
    },
    "data": {
        "ReleaseThinLTO": {
            "kimwitu++": {
                "task-clock": 31798.934034999995,
                "context-switches": 1837,
                "cpu-migrations": 68,
                "page-faults": 160088,
                "cycles": 106933797227,
                "instructions": 91168619504,
                "branches": 19698728403,
                "branch-misses": 500328376,
                "max-rss": 1148216,
                "wall-time": 29.579999999999988,
                "size-text": 789412,
                "size-data": 25960,
                "size-bss": 12560,
                "size-total": 827932
            },
            "sqlite3": {
                "task-clock": 47980.555548000004,
                "context-switches": 2371,
                "cpu-migrations": 165,
                "page-faults": 62957,
                "cycles": 161026610785,
                "instructions": 143862993126,
                "branches": 31070026319,
                "branch-misses": 783629126,
                "max-rss": 308816,
                "wall-time": 59.06,
                "size-text": 811258,
                "size-data": 3095,
                "size-bss": 624,
                "size-total": 814977
            },
            "consumer-typeset": {
                "task-clock": 29863.554895000016,
                "context-switches": 2258,
                "cpu-migrations": 138,
                "page-faults": 240676,
                "cycles": 100223446980,
                "instructions": 92588406654,
                "branches": 19721768423,
                "branch-misses": 531769471,
                "max-rss": 2670892,
                "wall-time": 27.82,
                "size-text": 686914,
                "size-data": 3768,
                "size-bss": 65200,
                "size-total": 755882
            },
            "Bullet": {
                "task-clock": 47712.70178099999,
                "context-switches": 4829,
                "cpu-migrations": 220,
                "page-faults": 625648,
                "cycles": 160155842829,
                "instructions": 139035295210,
                "branches": 29338838405,
                "branch-misses": 699947984,
                "max-rss": 6772872,
                "wall-time": 65.94999999999999,
                "size-text": 395620,
                "size-data": 403696,
                "size-bss": 43328,
                "size-total": 842644
            },
            "tramp3d-v4": {
                "task-clock": 91482.54607899999,
                "context-switches": 2409,
                "cpu-migrations": 109,
                "page-faults": 126926,
                "cycles": 308007279950,
                "instructions": 293531042771,
                "branches": 64356425838,
                "branch-misses": 1279395657,
                "max-rss": 479508,
                "wall-time": 106.22,
                "size-text": 906442,
                "size-data": 1800,
                "size-bss": 1848,
                "size-total": 910090
            },
            "mafft": {
                "task-clock": 17892.390946000003,
                "context-switches": 1113,
                "cpu-migrations": 37,
                "page-faults": 137703,
                "cycles": 60133885329,
                "instructions": 58815862475,
                "branches": 12514682884,
                "branch-misses": 292657462,
                "max-rss": 1459432,
                "wall-time": 14.930000000000003,
                "size-text": 279105,
                "size-data": 3052,
                "size-bss": 14911040,
                "size-total": 15193197
            },
            "ClamAV": {
                "task-clock": 42006.502045999994,
                "context-switches": 3659,
                "cpu-migrations": 281,
                "page-faults": 406592,
                "cycles": 141230410356,
                "instructions": 129700671494,
                "branches": 27733079560,
                "branch-misses": 773390077,
                "max-rss": 4908544,
                "wall-time": 45.300000000000004,
                "size-text": 793525,
                "size-data": 52872,
                "size-bss": 4752,
                "size-total": 851149
            },
            "lencod": {
                "task-clock": 56767.393383999995,
                "context-switches": 3953,
                "cpu-migrations": 197,
                "page-faults": 281292,
                "cycles": 190909711410,
                "instructions": 195996705759,
                "branches": 41337072914,
                "branch-misses": 768943382,
                "max-rss": 2918896,
                "wall-time": 50.129999999999995,
                "size-text": 965227,
                "size-data": 2144,
                "size-bss": 106176,
                "size-total": 1073547
            },
            "SPASS": {
                "task-clock": 37867.938156,
                "context-switches": 3364,
                "cpu-migrations": 102,
                "page-faults": 229604,
                "cycles": 127213823750,
                "instructions": 114911685360,
                "branches": 24743939105,
                "branch-misses": 699135156,
                "max-rss": 2664812,
                "wall-time": 33.32,
                "size-text": 617600,
                "size-data": 872,
                "size-bss": 346536,
                "size-total": 965008
            },
            "7zip": {
                "task-clock": 112885.780987,
                "context-switches": 12075,
                "cpu-migrations": 476,
                "page-faults": 1041058,
                "cycles": 378945594204,
                "instructions": 330004692878,
                "branches": 70586607158,
                "branch-misses": 1967813343,
                "max-rss": 11652956,
                "wall-time": 103.44000000000001,
                "size-text": 1465769,
                "size-data": 4160,
                "size-bss": 29280,
                "size-total": 1499209
            },
            "geomean": {
                "task-clock": 45285.444426846705,
                "context-switches": 3071.8401805950607,
                "cpu-migrations": 143.4598101173902,
                "page-faults": 243244.49657339178,
                "cycles": 152162362339.62656,
                "instructions": 139595042674.34976,
                "branches": 29899982308.585835,
                "branch-misses": 732884834.0463673,
                "max-rss": 2138162.1120803906,
                "wall-time": 45.70586214278593,
                "size-text": 705458.361789031,
                "size-data": 6984.009238215472,
                "size-bss": 35437.433332268796,
                "size-total": 1228907.3505394042
            }
        },
        "O3": {
            "kimwitu++": {
                "task-clock": 24200.070781000002,
                "context-switches": 789,
                "cpu-migrations": 15,
                "page-faults": 154717,
                "cycles": 81461774222,
                "instructions": 65187204448,
                "branches": 14017792768,
                "branch-misses": 399275831,
                "max-rss": 1177292,
                "wall-time": 24.830000000000002,
                "size-text": 807977,
                "size-data": 31168,
                "size-bss": 12592,
                "size-total": 851737
            },
            "sqlite3": {
                "task-clock": 32800.421721,
                "context-switches": 261,
                "cpu-migrations": 4,
                "page-faults": 42319,
                "cycles": 110512049526,
                "instructions": 94918417075,
                "branches": 20343408652,
                "branch-misses": 563456486,