{
    "config": 0,
    "clang_size": [],
    "data": {
        "ReleaseThinLTO": {
            "kimwitu++": {
                "task-clock": 40496.923008,
                "context-switches": 2102,
                "cpu-migrations": 98,
                "page-faults": 148530,
                "cycles": 127388043469,
                "instructions": 93859990730,
                "branches": 20377652394,
                "branch-misses": 580788166,
                "max-rss": 1208940,
                "wall-time": 36.49
            },
            "sqlite3": {
                "task-clock": 56027.756767,
                "context-switches": 4524,
                "cpu-migrations": 208,
                "page-faults": 61644,
                "cycles": 172588417331,
                "instructions": 142487270593,
                "branches": 30628476131,
                "branch-misses": 815539346,
                "max-rss": 315948,
                "wall-time": 73.75999999999999
            },
            "consumer-typeset": {
                "task-clock": 36952.827561000006,
                "context-switches": 3316,
                "cpu-migrations": 164,
                "page-faults": 188414,
                "cycles": 113304152857,
                "instructions": 92933047330,
                "branches": 19793832035,
                "branch-misses": 568603046,
                "max-rss": 2826276,
                "wall-time": 38.87
            },
            "Bullet": {
                "task-clock": 61251.670515000034,
                "context-switches": 5330,
                "cpu-migrations": 266,
                "page-faults": 497168,
                "cycles": 188030655107,
                "instructions": 139764307051,
                "branches": 29570007257,
                "branch-misses": 784012326,
                "max-rss": 7199568,
                "wall-time": 82.41999999999999
            },
            "tramp3d-v4": {
                "task-clock": 106931.57904499999,
                "context-switches": 3531,
                "cpu-migrations": 247,
                "page-faults": 127567,
                "cycles": 336330940197,
                "instructions": 291315113947,
                "branches": 63591573689,
                "branch-misses": 1361111435,
                "max-rss": 484332,
                "wall-time": 126.25
            },
            "mafft": {
                "task-clock": 21549.083858,
                "context-switches": 714,
                "cpu-migrations": 1,
                "page-faults": 111665,
                "cycles": 66006155336,
                "instructions": 58279657770,
                "branches": 12371601244,
                "branch-misses": 298754389,
                "max-rss": 1547064,
                "wall-time": 17.14
            },
            "ClamAV": {
                "task-clock": 50313.381633000005,
                "context-switches": 4050,
                "cpu-migrations": 216,
                "page-faults": 300540,
                "cycles": 156919977474,
                "instructions": 129687149304,
                "branches": 27640691098,
                "branch-misses": 816556294,
                "max-rss": 5207560,
                "wall-time": 52.979999999999976
            },
            "lencod": {
                "task-clock": 66785.211218,
                "context-switches": 3935,
                "cpu-migrations": 142,
                "page-faults": 229709,
                "cycles": 209601429913,
                "instructions": 194512651384,
                "branches": 40706093133,
                "branch-misses": 812081056,
                "max-rss": 3117836,
                "wall-time": 57.599999999999994
            },
            "SPASS": {
                "task-clock": 47958.485883,
                "context-switches": 3785,
                "cpu-migrations": 84,
                "page-faults": 175296,
                "cycles": 148976203480,
                "instructions": 117519778742,
                "branches": 25296542113,
                "branch-misses": 756538422,
                "max-rss": 2823108,
                "wall-time": 41.83
            },
            "7zip": {
                "task-clock": 144563.66104199996,
                "context-switches": 12624,
                "cpu-migrations": 350,
                "page-faults": 809921,
                "cycles": 442039606194,
                "instructions": 330952325598,
                "branches": 70761860410,
                "branch-misses": 2151381497,
                "max-rss": 12360536,
                "wall-time": 130.42
            },
            "geomean": {
                "task-clock": 55467.85963164411,
                "context-switches": 3555.294326328841,
                "cpu-migrations": 107.07303856675804,
                "page-faults": 203154.83845440162,
                "cycles": 171894373845.0289,
                "instructions": 140004638268.66495,
                "branches": 29940255758.090702,
                "branch-misses": 788303882.4830124,
                "max-rss": 2248249.5527842953,
                "wall-time": 56.13388007107212
            }
        },
        "ReleaseLTO-g": {
            "kimwitu++": {
                "task-clock": 44668.285562,
                "context-switches": 1011,
                "cpu-migrations": 1,
                "page-faults": 205949,
                "cycles": 137011289985,
                "instructions": 97376087271,
                "branches": 21052350840,
                "branch-misses": 593702424,
                "max-rss": 1437956,
                "wall-time": 45.239999999999995
            },
            "sqlite3": {
                "task-clock": 60824.014746,
                "context-switches": 392,
                "cpu-migrations": 2,
                "page-faults": 110196,
                "cycles": 187943563516,
                "instructions": 151877817106,
                "branches": 32454992996,
                "branch-misses": 847007344,
                "max-rss": 504392,
                "wall-time": 61.03
            },
            "consumer-typeset": {
                "task-clock": 38023.113191,
                "context-switches": 867,
                "cpu-migrations": 2,
                "page-faults": 216757,
                "cycles": 117761638448,
                "instructions": 95514819364,
                "branches": 20231260080,
                "branch-misses": 545054598,
                "max-rss": 2962532,
                "wall-time": 39.81999999999999
            },
            "Bullet": {
                "task-clock": 68434.24687999996,
                "context-switches": 3530,
                "cpu-migrations": 1,
                "page-faults": 561978,
                "cycles": 210409928519,
                "instructions": 157229423699,
                "branches": 33165792235,
                "branch-misses": 857921926,
                "max-rss": 7519484,
                "wall-time": 72.85999999999999
            },
            "tramp3d-v4": {
                "task-clock": 110625.273032,
                "context-switches": 747,
                "cpu-migrations": 2,
                "page-faults": 298530,
                "cycles": 341811170009,
                "instructions": 271096658605,
                "branches": 58603599699,
                "branch-misses": 1303755523,
                "max-rss": 1191420,
                "wall-time": 110.82
            },
            "mafft": {
                "task-clock": 22038.423201999994,
                "context-switches": 612,
                "cpu-migrations": 0,
                "page-faults": 127830,
                "cycles": 68018939730,
                "instructions": 68641580589,
                "branches": 14492771184,
                "branch-misses": 339757494,
                "max-rss": 1638012,
                "wall-time": 22.97
            },
            "ClamAV": {
                "task-clock": 58444.28785700001,