{
    "config": 0,
    "clang_size": [],
    "data": {
        "ReleaseThinLTO": {
            "kimwitu++": {
                "task-clock": 42422.232761,
                "context-switches": 2691,
                "cpu-migrations": 104,
                "page-faults": 148399,
                "cycles": 128340657015,
                "instructions": 93666512605,
                "branches": 20344831124,
                "branch-misses": 581567492,
                "max-rss": 1209124,
                "wall-time": 39.37
            },
            "sqlite3": {
                "task-clock": 58257.754937000005,
                "context-switches": 2581,
                "cpu-migrations": 136,
                "page-faults": 61947,
                "cycles": 175910108569,
                "instructions": 141641041047,
                "branches": 30490349230,
                "branch-misses": 817322829,
                "max-rss": 317472,
                "wall-time": 71.63
            },
            "consumer-typeset": {
                "task-clock": 37883.533557999996,
                "context-switches": 2401,
                "cpu-migrations": 83,
                "page-faults": 186778,
                "cycles": 114393614781,
                "instructions": 92645103022,
                "branches": 19758747920,
                "branch-misses": 568599470,
                "max-rss": 2834420,
                "wall-time": 34.290000000000006
            },
            "Bullet": {
                "task-clock": 62752.80959799999,
                "context-switches": 5315,
                "cpu-migrations": 257,
                "page-faults": 497283,
                "cycles": 189632786535,
                "instructions": 139729258129,
                "branches": 29576340389,
                "branch-misses": 784839048,
                "max-rss": 7207916,
                "wall-time": 84.98
            },
            "tramp3d-v4": {
                "task-clock": 113342.269257,
                "context-switches": 2873,
                "cpu-migrations": 149,
                "page-faults": 130438,
                "cycles": 342691018837,
                "instructions": 289759111078,
                "branches": 63325666952,
                "branch-misses": 1369259157,
                "max-rss": 485348,
                "wall-time": 132.21
            },
            "mafft": {
                "task-clock": 22030.527240000003,
                "context-switches": 847,
                "cpu-migrations": 4,
                "page-faults": 112466,
                "cycles": 66776301922,
                "instructions": 58034699944,
                "branches": 12334048099,
                "branch-misses": 300129099,
                "max-rss": 1550020,
                "wall-time": 17.529999999999998
            },
            "ClamAV": {
                "task-clock": 52632.82399199997,
                "context-switches": 4178,
                "cpu-migrations": 227,
                "page-faults": 302914,
                "cycles": 158901532524,
                "instructions": 129040492859,
                "branches": 27565939832,
                "branch-misses": 814067449,
                "max-rss": 5221136,
                "wall-time": 56.23999999999999
            },
            "lencod": {
                "task-clock": 69470.78239,
                "context-switches": 4179,
                "cpu-migrations": 190,
                "page-faults": 228361,
                "cycles": 210162578420,
                "instructions": 194214607399,
                "branches": 40734225955,
                "branch-misses": 805747362,
                "max-rss": 3117244,
                "wall-time": 60.06999999999999
            },
            "SPASS": {
                "task-clock": 49451.792327999996,
                "context-switches": 3845,
                "cpu-migrations": 103,
                "page-faults": 175302,
                "cycles": 149454401201,
                "instructions": 116986778283,
                "branches": 25206488095,
                "branch-misses": 757131587,
                "max-rss": 2825612,
                "wall-time": 43.09
            },
            "7zip": {
                "task-clock": 147570.565521,
                "context-switches": 12775,
                "cpu-migrations": 302,
                "page-faults": 810235,
                "cycles": 445716271680,
                "instructions": 330438430788,
                "branches": 70763745883,
                "branch-misses": 2145726652,
                "max-rss": 12390864,
                "wall-time": 132.84000000000003
            },
            "geomean": {
                "task-clock": 57447.19602354768,
                "context-switches": 3362.8804055223013,
                "cpu-migrations": 109.20570701508547,
                "page-faults": 203711.01467649927,
                "cycles": 173649925927.80273,
                "instructions": 139535379000.54025,
                "branches": 29879004125.774815,
                "branch-misses": 788493215.0605955,
                "max-rss": 2252470.260375963,
                "wall-time": 57.097870387179746
            }
        },
        "ReleaseLTO-g": {
            "kimwitu++": {
                "task-clock": 46446.04064800001,
                "context-switches": 1130,
                "cpu-migrations": 1,
                "page-faults": 205823,
                "cycles": 140159844012,
                "instructions": 97231827011,
                "branches": 21026207626,
                "branch-misses": 602723481,
                "max-rss": 1439524,
                "wall-time": 47.03000000000001
            },
            "sqlite3": {
                "task-clock": 63135.365745,
                "context-switches": 452,
                "cpu-migrations": 1,
                "page-faults": 109059,
                "cycles": 191362589005,
                "instructions": 151127733720,
                "branches": 32322372877,
                "branch-misses": 846449627,
                "max-rss": 500040,
                "wall-time": 63.269999999999996
            },
            "consumer-typeset": {
                "task-clock": 39275.720723,
                "context-switches": 845,
                "cpu-migrations": 1,
                "page-faults": 216878,
                "cycles": 119087063541,
                "instructions": 95303350798,
                "branches": 20208598764,
                "branch-misses": 544300772,
                "max-rss": 2970648,
                "wall-time": 41.180000000000014
            },
            "Bullet": {
                "task-clock": 70253.92116900001,
                "context-switches": 3596,
                "cpu-migrations": 2,
                "page-faults": 562100,
                "cycles": 212280236157,
                "instructions": 157158154228,
                "branches": 33165431800,
                "branch-misses": 857087943,
                "max-rss": 7523096,
                "wall-time": 74.74000000000001
            },
            "tramp3d-v4": {
                "task-clock": 114821.397433,
                "context-switches": 508,
                "cpu-migrations": 1,
                "page-faults": 298677,
                "cycles": 347672173846,
                "instructions": 269947380770,
                "branches": 58392877720,
                "branch-misses": 1307597111,
                "max-rss": 1191616,
                "wall-time": 114.98
            },
            "mafft": {
                "task-clock": 22744.259327,
                "context-switches": 615,
                "cpu-migrations": 1,
                "page-faults": 127720,
                "cycles": 68765355946,
                "instructions": 68367511433,
                "branches": 14456937507,
                "branch-misses": 339662131,
                "max-rss": 1644072,
                "wall-time": 23.710000000000004
            },