{
    "config": 0,
    "clang_size": [],
    "data": {
        "ReleaseThinLTO": {
            "kimwitu++": {
                "task-clock": 41246.101361999994,
                "context-switches": 2107,
                "cpu-migrations": 99,
                "page-faults": 147119,
                "cycles": 127532516627,
                "instructions": 93859843747,
                "branches": 20378894515,
                "branch-misses": 576513199,
                "max-rss": 1202260,
                "wall-time": 37.99
            },
            "sqlite3": {
                "task-clock": 56345.705780000004,
                "context-switches": 2521,
                "cpu-migrations": 197,
                "page-faults": 61998,
                "cycles": 173181513993,
                "instructions": 142547201653,
                "branches": 30645570508,
                "branch-misses": 815936200,
                "max-rss": 317564,
                "wall-time": 70.22
            },
            "consumer-typeset": {
                "task-clock": 36465.10908199998,
                "context-switches": 2508,
                "cpu-migrations": 120,
                "page-faults": 188251,
                "cycles": 113223866605,
                "instructions": 92932245259,
                "branches": 19794365005,
                "branch-misses": 567379278,
                "max-rss": 2827008,
                "wall-time": 33.25
            },
            "Bullet": {
                "task-clock": 60208.90001800001,
                "context-switches": 5261,
                "cpu-migrations": 229,
                "page-faults": 497039,
                "cycles": 187906875107,
                "instructions": 139789991208,
                "branches": 29573475746,
                "branch-misses": 783188967,
                "max-rss": 7204012,
                "wall-time": 80.63
            },
            "tramp3d-v4": {
                "task-clock": 109820.104635,
                "context-switches": 3045,
                "cpu-migrations": 196,
                "page-faults": 126949,
                "cycles": 338496808756,
                "instructions": 291388524865,
                "branches": 63602008161,
                "branch-misses": 1361681128,
                "max-rss": 487316,
                "wall-time": 128.24
            },
            "mafft": {
                "task-clock": 21754.401482999998,
                "context-switches": 841,
                "cpu-migrations": 10,
                "page-faults": 111645,
                "cycles": 66577984673,
                "instructions": 58278579877,
                "branches": 12370123219,
                "branch-misses": 300725304,
                "max-rss": 1546144,
                "wall-time": 17.71
            },
            "ClamAV": {
                "task-clock": 51538.39616900002,
                "context-switches": 3879,
                "cpu-migrations": 189,
                "page-faults": 302107,
                "cycles": 157374333349,
                "instructions": 129693099164,
                "branches": 27640025817,
                "branch-misses": 815626473,
                "max-rss": 5202368,
                "wall-time": 53.94
            },
            "lencod": {
                "task-clock": 67859.664598,
                "context-switches": 4347,
                "cpu-migrations": 227,
                "page-faults": 229053,
                "cycles": 209305728999,
                "instructions": 194629264455,
                "branches": 40732192711,
                "branch-misses": 811283617,
                "max-rss": 3104344,
                "wall-time": 59.290000000000006
            },
            "SPASS": {
                "task-clock": 48789.607019999996,
                "context-switches": 3894,
                "cpu-migrations": 89,
                "page-faults": 174807,
                "cycles": 148877825511,
                "instructions": 117546267623,
                "branches": 25299917496,
                "branch-misses": 758721211,
                "max-rss": 2817944,
                "wall-time": 42.69
            },
            "7zip": {
                "task-clock": 141059.52939699998,
                "context-switches": 12151,
                "cpu-migrations": 312,
                "page-faults": 809981,
                "cycles": 442427629535,
                "instructions": 330995972336,
                "branches": 70765219580,
                "branch-misses": 2149215063,
                "max-rss": 12380292,
                "wall-time": 126.95999999999998
            },
            "geomean": {
                "task-clock": 55814.66583428364,
                "context-switches": 3277.882559829054,
                "cpu-migrations": 128.74804651781957,
                "page-faults": 202944.51536374012,
                "cycles": 172237439837.81418,
                "instructions": 140030261500.38583,
                "branches": 29945063114.680683,
                "branch-misses": 788038979.4333189,
                "max-rss": 2248343.118114967,
                "wall-time": 55.58461423809104
            }
        },
        "ReleaseLTO-g": {
            "kimwitu++": {
                "task-clock": 44502.518916999994,
                "context-switches": 864,
                "cpu-migrations": 1,
                "page-faults": 205638,
                "cycles": 137521404990,
                "instructions": 97493529899,
                "branches": 21077738330,
                "branch-misses": 596449851,
                "max-rss": 1436564,
                "wall-time": 45.150000000000006
            },
            "sqlite3": {
                "task-clock": 61375.415515999994,
                "context-switches": 371,
                "cpu-migrations": 1,
                "page-faults": 110060,
                "cycles": 188329007516,
                "instructions": 151926684670,
                "branches": 32464576335,
                "branch-misses": 844504139,
                "max-rss": 503264,
                "wall-time": 61.489999999999995
            },
            "consumer-typeset": {
                "task-clock": 38545.937797999984,
                "context-switches": 820,
                "cpu-migrations": 1,
                "page-faults": 216347,
                "cycles": 118036070615,
                "instructions": 95556327108,
                "branches": 20239316685,
                "branch-misses": 543679424,
                "max-rss": 2961628,
                "wall-time": 40.35999999999997
            },
            "Bullet": {
                "task-clock": 67907.88352199999,
                "context-switches": 2922,
                "cpu-migrations": 1,
                "page-faults": 561768,
                "cycles": 209810282893,
                "instructions": 157221521719,
                "branches": 33162484210,
                "branch-misses": 855665494,
                "max-rss": 7516644,
                "wall-time": 72.1
            },
            "tramp3d-v4": {
                "task-clock": 110926.368877,
                "context-switches": 970,
                "cpu-migrations": 2,
                "page-faults": 298519,
                "cycles": 341071233899,
                "instructions": 270969330318,
                "branches": 58567048708,
                "branch-misses": 1301377379,
                "max-rss": 1192096,
                "wall-time": 111.08000000000001
            },
            "mafft": {
                "task-clock": 22194.967404999996,
                "context-switches": 566,
                "cpu-migrations": 1,
                "page-faults": 126550,
                "cycles": 68170056515,
                "instructions": 68643608244,
                "branches": 14493702767,
                "branch-misses": 340058400,
                "max-rss": 1639224,
                "wall-time": 23.160000000000004
            },