{
    "config": 0,
    "clang_size": {
        "size-text": 68503854,
        "size-data": 2842408,
        "size-bss": 290408,
        "size-total": 71636670
    },
    "data": {
        "ReleaseThinLTO": {
            "kimwitu++": {
                "task-clock": 31410.674562,
                "context-switches": 1684,
                "cpu-migrations": 39,
                "page-faults": 144061,
                "cycles": 105738233272,
                "instructions": 91972812293,
                "branches": 20008784187,
                "branch-misses": 507209530,
                "max-rss": 1174124,
                "wall-time": 28.65,
                "size-text": 786980,
                "size-data": 25960,
                "size-bss": 12560,
                "size-total": 825500
            },
            "sqlite3": {
                "task-clock": 46423.210877,
                "context-switches": 2502,
                "cpu-migrations": 104,
                "page-faults": 59676,
                "cycles": 156353221779,
                "instructions": 144291124137,
                "branches": 31067473089,
                "branch-misses": 767174675,
                "max-rss": 307116,
                "wall-time": 57.96000000000001,
                "size-text": 780826,
                "size-data": 3095,
                "size-bss": 624,
                "size-total": 784545
            },
            "consumer-typeset": {
                "task-clock": 29505.843488000006,
                "context-switches": 1975,
                "cpu-migrations": 49,
                "page-faults": 182835,
                "cycles": 99352157237,
                "instructions": 93236705855,
                "branches": 19880163831,
                "branch-misses": 527101390,
                "max-rss": 2739188,
                "wall-time": 26.97,
                "size-text": 667954,
                "size-data": 3768,
                "size-bss": 65200,
                "size-total": 736922
            },
            "Bullet": {
                "task-clock": 46892.804038,
                "context-switches": 4159,
                "cpu-migrations": 192,
                "page-faults": 483779,
                "cycles": 157737730510,
                "instructions": 140342773597,
                "branches": 29769606836,
                "branch-misses": 698969965,
                "max-rss": 6964452,
                "wall-time": 65.13999999999996,
                "size-text": 394152,
                "size-data": 403696,
                "size-bss": 43328,
                "size-total": 841176
            },
            "tramp3d-v4": {
                "task-clock": 89833.761645,
                "context-switches": 2406,
                "cpu-migrations": 137,
                "page-faults": 125430,
                "cycles": 302698173730,
                "instructions": 296085422593,
                "branches": 64793017420,
                "branch-misses": 1266872548,
                "max-rss": 478928,
                "wall-time": 105.5,
                "size-text": 885402,
                "size-data": 1800,
                "size-bss": 1848,
                "size-total": 889050
            },
            "mafft": {
                "task-clock": 17882.436809,
                "context-switches": 926,
                "cpu-migrations": 16,
                "page-faults": 107970,
                "cycles": 60224524216,
                "instructions": 59823309729,
                "branches": 12709486587,
                "branch-misses": 289323678,
                "max-rss": 1500436,
                "wall-time": 14.910000000000004,
                "size-text": 275689,
                "size-data": 3052,
                "size-bss": 14911040,
                "size-total": 15189781
            },
            "ClamAV": {
                "task-clock": 40873.25307700001,
                "context-switches": 3324,
                "cpu-migrations": 161,
                "page-faults": 293939,
                "cycles": 137604617719,
                "instructions": 130090986679,
                "branches": 27775905898,
                "branch-misses": 759648908,
                "max-rss": 5048584,
                "wall-time": 43.780000000000015,
                "size-text": 773613,
                "size-data": 52872,
                "size-bss": 4752,
                "size-total": 831237
            },
            "lencod": {
                "task-clock": 57157.205589000005,
                "context-switches": 3414,
                "cpu-migrations": 151,
                "page-faults": 223183,
                "cycles": 192499434853,
                "instructions": 202169364137,
                "branches": 42395572928,
                "branch-misses": 765848698,
                "max-rss": 3017552,
                "wall-time": 49.66999999999999,
                "size-text": 957979,
                "size-data": 2144,
                "size-bss": 106176,
                "size-total": 1066299
            },
            "SPASS": {
                "task-clock": 37756.727813,
                "context-switches": 3251,
                "cpu-migrations": 93,
                "page-faults": 171182,
                "cycles": 127064976411,
                "instructions": 116663180518,
                "branches": 25186513333,
                "branch-misses": 694999254,
                "max-rss": 2734396,
                "wall-time": 33.46000000000001,
                "size-text": 608440,
                "size-data": 872,
                "size-bss": 346536,
                "size-total": 955848
            },
            "7zip": {
                "task-clock": 110523.23129099999,
                "context-switches": 10493,
                "cpu-migrations": 258,
                "page-faults": 793338,
                "cycles": 371831748292,
                "instructions": 329532640397,
                "branches": 70615663556,
                "branch-misses": 1938760739,
                "max-rss": 11984644,
                "wall-time": 100.98999999999998,
                "size-text": 1433841,
                "size-data": 4160,
                "size-bss": 29280,
                "size-total": 1467281
            },
            "geomean": {
                "task-clock": 44664.7705753487,
                "context-switches": 2802.1625184461304,
                "cpu-migrations": 93.07523218298608,
                "page-faults": 197814.9761026073,
                "cycles": 150371999571.21695,
                "instructions": 141018416132.98975,
                "branches": 30216445416.0665,
                "branch-misses": 726911549.6591351,
                "max-rss": 2183898.147741227,
                "wall-time": 44.9560973817995,
                "size-text": 692960.8016962184,
                "size-data": 6984.009238215472,
                "size-bss": 35437.433332268796,
                "size-total": 1210215.4774662808
            }
        },
        "O3": {
            "kimwitu++": {
                "task-clock": 24267.362504,
                "context-switches": 827,
                "cpu-migrations": 1,
                "page-faults": 140119,
                "cycles": 81746983369,
                "instructions": 66584401547,
                "branches": 14429325347,
                "branch-misses": 411561803,
                "max-rss": 1201088,
                "wall-time": 24.869999999999997,
                "size-text": 805309,
                "size-data": 31168,
                "size-bss": 12592,
                "size-total": 849069
            },
            "sqlite3": {
                "task-clock": 32137.030792,
                "context-switches": 220,
                "cpu-migrations": 1,
                "page-faults": 39421,
                "cycles": 108368191005,
                "instructions": 96414662629,
                "branches": 20620834169,
                "branch-misses": 559947862,
                "max-rss": 250232,