{
    "config": 0,
    "clang_size": [],
    "data": {
        "ReleaseThinLTO": {
            "kimwitu++": {
                "task-clock": 42174.036213,
                "context-switches": 2088,
                "cpu-migrations": 183,
                "page-faults": 148584,
                "cycles": 127709019746,
                "instructions": 93578159827,
                "branches": 20329139090,
                "branch-misses": 579739975,
                "max-rss": 1208476,
                "wall-time": 38.75
            },
            "sqlite3": {
                "task-clock": 57400.488389000006,
                "context-switches": 2782,
                "cpu-migrations": 105,
                "page-faults": 62180,
                "cycles": 173198394404,
                "instructions": 141660761192,
                "branches": 30497021406,
                "branch-misses": 812767807,
                "max-rss": 317496,
                "wall-time": 70.17
            },
            "consumer-typeset": {
                "task-clock": 37676.35475199999,
                "context-switches": 2623,
                "cpu-migrations": 108,
                "page-faults": 186955,
                "cycles": 113283553221,
                "instructions": 92670236862,
                "branches": 19765582713,
                "branch-misses": 565204890,
                "max-rss": 2840060,
                "wall-time": 34.83999999999999
            },
            "Bullet": {
                "task-clock": 62160.173392000004,
                "context-switches": 5387,
                "cpu-migrations": 276,
                "page-faults": 497548,
                "cycles": 188239646148,
                "instructions": 139719844111,
                "branches": 29576455688,
                "branch-misses": 785828237,
                "max-rss": 7202196,
                "wall-time": 83.80000000000001
            },
            "tramp3d-v4": {
                "task-clock": 111650.737096,
                "context-switches": 3551,
                "cpu-migrations": 147,
                "page-faults": 126797,
                "cycles": 338058389801,
                "instructions": 289748844145,
                "branches": 63324835422,
                "branch-misses": 1364383916,
                "max-rss": 483740,
                "wall-time": 131.19
            },
            "mafft": {
                "task-clock": 22041.602686000002,
                "context-switches": 664,
                "cpu-migrations": 2,
                "page-faults": 111682,
                "cycles": 65950908788,
                "instructions": 58034653974,
                "branches": 12334106793,
                "branch-misses": 298314617,
                "max-rss": 1555704,
                "wall-time": 17.439999999999998
            },
            "ClamAV": {
                "task-clock": 51985.96336000001,
                "context-switches": 3905,
                "cpu-migrations": 174,
                "page-faults": 301575,
                "cycles": 157892491298,
                "instructions": 129060163056,
                "branches": 27573977894,
                "branch-misses": 813344480,
                "max-rss": 5211792,
                "wall-time": 54.679999999999986
            },
            "lencod": {
                "task-clock": 69331.69222600001,
                "context-switches": 4221,
                "cpu-migrations": 288,
                "page-faults": 231719,
                "cycles": 209439883992,
                "instructions": 194262644653,
                "branches": 40746707244,
                "branch-misses": 803188333,
                "max-rss": 3133796,
                "wall-time": 59.699999999999996
            },
            "SPASS": {
                "task-clock": 49031.214104,
                "context-switches": 3922,
                "cpu-migrations": 103,
                "page-faults": 174666,
                "cycles": 149054197497,
                "instructions": 117020400665,
                "branches": 25216147912,
                "branch-misses": 759290949,
                "max-rss": 2828056,
                "wall-time": 43.050000000000004
            },
            "7zip": {
                "task-clock": 146518.048219,
                "context-switches": 12380,
                "cpu-migrations": 428,
                "page-faults": 810224,
                "cycles": 443134970581,
                "instructions": 330414745098,
                "branches": 70767768990,
                "branch-misses": 2151326478,
                "max-rss": 12388980,
                "wall-time": 131.99
            },
            "geomean": {
                "task-clock": 56987.9229177597,
                "context-switches": 3303.70778109316,
                "cpu-migrations": 114.03924375646767,
                "page-faults": 203257.10958520474,
                "cycles": 172232735644.6968,
                "instructions": 139535079957.21863,
                "branches": 29881473728.06844,
                "branch-misses": 786783215.7672845,
                "max-rss": 2253662.644635936,
                "wall-time": 56.59146779858615
            }
        },
        "ReleaseLTO-g": {
            "kimwitu++": {
                "task-clock": 46020.676667,
                "context-switches": 984,
                "cpu-migrations": 1,
                "page-faults": 206047,
                "cycles": 137793701388,
                "instructions": 97312120497,
                "branches": 21045152223,
                "branch-misses": 600743873,
                "max-rss": 1440288,
                "wall-time": 46.620000000000005
            },
            "sqlite3": {
                "task-clock": 62397.475602,
                "context-switches": 451,
                "cpu-migrations": 2,
                "page-faults": 110183,
                "cycles": 187139481953,
                "instructions": 151052672395,
                "branches": 32314972172,
                "branch-misses": 844892785,
                "max-rss": 503772,
                "wall-time": 62.58
            },
            "consumer-typeset": {
                "task-clock": 39394.994688,
                "context-switches": 914,
                "cpu-migrations": 1,
                "page-faults": 216523,
                "cycles": 118051265722,
                "instructions": 95271766835,
                "branches": 20203515112,
                "branch-misses": 546538009,
                "max-rss": 2973904,
                "wall-time": 41.26000000000001
            },
            "Bullet": {
                "task-clock": 70270.531609,
                "context-switches": 3141,
                "cpu-migrations": 3,
                "page-faults": 562237,
                "cycles": 209981179515,
                "instructions": 157163384452,
                "branches": 33167145571,
                "branch-misses": 858618135,
                "max-rss": 7534136,
                "wall-time": 74.63000000000001
            },
            "tramp3d-v4": {
                "task-clock": 113698.193072,
                "context-switches": 850,
                "cpu-migrations": 1,
                "page-faults": 298587,
                "cycles": 340810865492,
                "instructions": 270081461024,
                "branches": 58422783834,
                "branch-misses": 1308158268,
                "max-rss": 1191840,
                "wall-time": 113.83
            },
            "mafft": {
                "task-clock": 22652.279257,
                "context-switches": 596,
                "cpu-migrations": 1,
                "page-faults": 126560,
                "cycles": 67801068479,
                "instructions": 68353642058,
                "branches": 14455696392,
                "branch-misses": 338877089,
                "max-rss": 1643992,
                "wall-time": 23.620000000000005
            },