{
    "config": 0,
    "clang_size": {
        "size-text": 65547994,
        "size-data": 2702800,
        "size-bss": 248464,
        "size-total": 68499258
    },
    "data": {
        "ReleaseThinLTO": {
            "kimwitu++": {
                "task-clock": 30943.190688,
                "context-switches": 1848,
                "cpu-migrations": 91,
                "page-faults": 158009,
                "cycles": 104157012763,
                "instructions": 89858350963,
                "branches": 19438821488,
                "branch-misses": 492053696,
                "max-rss": 1129984,
                "wall-time": 28.84,
                "size-text": 791796,
                "size-data": 25992,
                "size-bss": 12560,
                "size-total": 830348
            },
            "sqlite3": {
                "task-clock": 45531.267737,
                "context-switches": 2131,
                "cpu-migrations": 86,
                "page-faults": 63621,
                "cycles": 153330961688,
                "instructions": 140604346977,
                "branches": 30392769148,
                "branch-misses": 762780616,
                "max-rss": 306248,
                "wall-time": 55.53,
                "size-text": 811290,
                "size-data": 3095,
                "size-bss": 624,
                "size-total": 815009
            },
            "consumer-typeset": {
                "task-clock": 28788.586046999997,
                "context-switches": 2263,
                "cpu-migrations": 109,
                "page-faults": 239475,
                "cycles": 96913118224,
                "instructions": 90446090071,
                "branches": 19339425728,
                "branch-misses": 520952463,
                "max-rss": 2625032,
                "wall-time": 26.930000000000003,
                "size-text": 676042,
                "size-data": 3768,
                "size-bss": 65200,
                "size-total": 745010
            },
            "Bullet": {
                "task-clock": 46583.425983,
                "context-switches": 4843,
                "cpu-migrations": 290,
                "page-faults": 617393,
                "cycles": 156569873052,
                "instructions": 137384890296,
                "branches": 28993584031,
                "branch-misses": 686824934,
                "max-rss": 6673168,
                "wall-time": 65.32999999999998,
                "size-text": 400212,
                "size-data": 403704,
                "size-bss": 43328,
                "size-total": 847244
            },
            "tramp3d-v4": {
                "task-clock": 88604.253617,
                "context-switches": 2231,
                "cpu-migrations": 86,
                "page-faults": 124834,
                "cycles": 298502231599,
                "instructions": 289806601629,
                "branches": 63594415752,
                "branch-misses": 1247724630,
                "max-rss": 476444,
                "wall-time": 102.53,
                "size-text": 901706,
                "size-data": 1800,
                "size-bss": 1848,
                "size-total": 905354
            },
            "mafft": {
                "task-clock": 17220.830896,
                "context-switches": 686,
                "cpu-migrations": 27,
                "page-faults": 136108,
                "cycles": 57966363636,
                "instructions": 58170065260,
                "branches": 12373116214,
                "branch-misses": 284083414,
                "max-rss": 1442972,
                "wall-time": 13.990000000000002,
                "size-text": 280825,
                "size-data": 3052,
                "size-bss": 14911040,
                "size-total": 15194917
            },
            "ClamAV": {
                "task-clock": 40489.08544900002,
                "context-switches": 3630,
                "cpu-migrations": 206,
                "page-faults": 400641,
                "cycles": 136257852013,
                "instructions": 127033915530,
                "branches": 27181350233,
                "branch-misses": 752230185,
                "max-rss": 4830060,
                "wall-time": 44.59999999999999,
                "size-text": 793997,
                "size-data": 52872,
                "size-bss": 4752,
                "size-total": 851621
            },
            "lencod": {
                "task-clock": 56210.910106999996,
                "context-switches": 4100,
                "cpu-migrations": 173,
                "page-faults": 279872,
                "cycles": 189207796374,
                "instructions": 196903308957,
                "branches": 41502508711,
                "branch-misses": 763713556,
                "max-rss": 2881700,
                "wall-time": 49.699999999999996,
                "size-text": 969283,
                "size-data": 2144,
                "size-bss": 106176,
                "size-total": 1077603
            },
            "SPASS": {
                "task-clock": 37087.108025,
                "context-switches": 3299,
                "cpu-migrations": 108,
                "page-faults": 226491,
                "cycles": 124712284317,
                "instructions": 113639770018,
                "branches": 24498235065,
                "branch-misses": 686143973,
                "max-rss": 2624696,
                "wall-time": 32.17,
                "size-text": 625776,
                "size-data": 872,
                "size-bss": 346536,
                "size-total": 973184
            },
            "7zip": {
                "task-clock": 109687.932897,
                "context-switches": 10810,
                "cpu-migrations": 482,
                "page-faults": 1028946,
                "cycles": 368817943294,
                "instructions": 323545579355,
                "branches": 69230001625,
                "branch-misses": 1911579068,
                "max-rss": 11475288,
                "wall-time": 100.25000000000001,
                "size-text": 1462233,
                "size-data": 4176,
                "size-bss": 29280,
                "size-total": 1495689
            },
            "geomean": {
                "task-clock": 43917.495717207305,
                "context-switches": 2847.6109985947223,
                "cpu-migrations": 126.69546423929707,
                "page-faults": 240961.64050545654,
                "cycles": 147793543642.4113,
                "instructions": 137604688056.55084,
                "branches": 29497541917.23887,
                "branch-misses": 716920451.6113424,
                "max-rss": 2109757.734682724,
                "wall-time": 44.2666574881062,
                "size-text": 706522.3224964435,
                "size-data": 6987.56535283568,
                "size-bss": 35437.433332268796,
                "size-total": 1228811.1186170832
            }
        },
        "O3": {
            "kimwitu++": {
                "task-clock": 23554.427747,
                "context-switches": 834,
                "cpu-migrations": 15,
                "page-faults": 154046,
                "cycles": 79324214644,
                "instructions": 64099945199,
                "branches": 13796111345,
                "branch-misses": 389879844,
                "max-rss": 1163068,
                "wall-time": 24.17,
                "size-text": 809721,
                "size-data": 31168,
                "size-bss": 12592,
                "size-total": 853481
            },
            "sqlite3": {
                "task-clock": 32080.43603,
                "context-switches": 2227,
                "cpu-migrations": 31,
                "page-faults": 42166,
                "cycles": 107924881817,
                "instructions": 93194900538,
                "branches": 19987586177,
                "branch-misses": 549732979,
                "max-rss": 248264,
                "wall-time": 37.15,