{
    "config": 0,
    "clang_size": [],
    "data": {
        "ReleaseThinLTO": {
            "kimwitu++": {
                "task-clock": 42636.052588000006,
                "context-switches": 2045,
                "cpu-migrations": 70,
                "page-faults": 147049,
                "cycles": 128939471927,
                "instructions": 93904503908,
                "branches": 20403635493,
                "branch-misses": 580152657,
                "max-rss": 1197536,
                "wall-time": 39.370000000000005
            },
            "sqlite3": {
                "task-clock": 58800.969583,
                "context-switches": 2676,
                "cpu-migrations": 162,
                "page-faults": 61908,
                "cycles": 178143897102,
                "instructions": 142383300327,
                "branches": 30656481887,
                "branch-misses": 816889712,
                "max-rss": 315400,
                "wall-time": 72.66
            },
            "consumer-typeset": {
                "task-clock": 37691.475538000006,
                "context-switches": 2362,
                "cpu-migrations": 138,
                "page-faults": 186656,
                "cycles": 114440622019,
                "instructions": 92831998129,
                "branches": 19804812894,
                "branch-misses": 566794054,
                "max-rss": 2814840,
                "wall-time": 34.269999999999996
            },
            "Bullet": {
                "task-clock": 62755.21938400001,
                "context-switches": 5448,
                "cpu-migrations": 227,
                "page-faults": 496829,
                "cycles": 189918197349,
                "instructions": 139849560626,
                "branches": 29605071975,
                "branch-misses": 784895592,
                "max-rss": 7169316,
                "wall-time": 84.36000000000004
            },
            "tramp3d-v4": {
                "task-clock": 113028.15212000001,
                "context-switches": 3571,
                "cpu-migrations": 190,
                "page-faults": 126610,
                "cycles": 342964317357,
                "instructions": 291179816068,
                "branches": 63645562894,
                "branch-misses": 1361924761,
                "max-rss": 483584,
                "wall-time": 131.01
            },
            "mafft": {
                "task-clock": 22122.645435000002,
                "context-switches": 832,
                "cpu-migrations": 13,
                "page-faults": 111007,
                "cycles": 67196048135,
                "instructions": 58274909250,
                "branches": 12387927473,
                "branch-misses": 301498397,
                "max-rss": 1543476,
                "wall-time": 17.999999999999996
            },
            "ClamAV": {
                "task-clock": 52700.35203699996,
                "context-switches": 3896,
                "cpu-migrations": 227,
                "page-faults": 298976,
                "cycles": 159662851284,
                "instructions": 129385358787,
                "branches": 27646650180,
                "branch-misses": 814153202,
                "max-rss": 5183464,
                "wall-time": 55.659999999999975
            },
            "lencod": {
                "task-clock": 69560.58453200001,
                "context-switches": 4265,
                "cpu-migrations": 255,
                "page-faults": 229457,
                "cycles": 210798425981,
                "instructions": 194353855725,
                "branches": 40769332532,
                "branch-misses": 802072088,
                "max-rss": 3098356,
                "wall-time": 61.34
            },
            "SPASS": {
                "task-clock": 49578.450332,
                "context-switches": 3780,
                "cpu-migrations": 91,
                "page-faults": 174770,
                "cycles": 150217421622,
                "instructions": 117503120660,
                "branches": 25328285605,
                "branch-misses": 758716444,
                "max-rss": 2810392,
                "wall-time": 43.53
            },
            "7zip": {
                "task-clock": 147472.47566599998,
                "context-switches": 12564,
                "cpu-migrations": 335,
                "page-faults": 812903,
                "cycles": 446402392858,
                "instructions": 330629589945,
                "branches": 70810579369,
                "branch-misses": 2148522920,
                "max-rss": 12293204,
                "wall-time": 133.50000000000003
            },
            "geomean": {
                "task-clock": 57534.173840645024,
                "context-switches": 3324.8857768365556,
                "cpu-migrations": 131.51846119140444,
                "page-faults": 202447.27561975917,
                "cycles": 174357822127.13876,
                "instructions": 139927043168.14673,
                "branches": 29969628412.444477,
                "branch-misses": 787865355.318258,
                "max-rss": 2238327.80701912,
                "wall-time": 57.38052720965378
            }
        },
        "ReleaseLTO-g": {
            "kimwitu++": {
                "task-clock": 45984.41639200001,
                "context-switches": 1111,
                "cpu-migrations": 1,
                "page-faults": 205684,
                "cycles": 139667050193,
                "instructions": 97503026044,
                "branches": 21093198864,
                "branch-misses": 597795671,
                "max-rss": 1431172,
                "wall-time": 46.56
            },
            "sqlite3": {
                "task-clock": 63597.800263,
                "context-switches": 538,
                "cpu-migrations": 0,
                "page-faults": 110068,
                "cycles": 192961684735,
                "instructions": 151735613226,
                "branches": 32469831884,
                "branch-misses": 847566289,
                "max-rss": 502032,
                "wall-time": 63.77
            },
            "consumer-typeset": {
                "task-clock": 39389.504518000016,
                "context-switches": 829,
                "cpu-migrations": 3,
                "page-faults": 216463,
                "cycles": 119606507146,
                "instructions": 95512521527,
                "branches": 20260623581,
                "branch-misses": 545208964,
                "max-rss": 2951272,
                "wall-time": 41.26000000000002
            },
            "Bullet": {
                "task-clock": 69641.12248799998,
                "context-switches": 3583,
                "cpu-migrations": 2,
                "page-faults": 561909,
                "cycles": 211359425442,
                "instructions": 157314361308,
                "branches": 33204093857,
                "branch-misses": 855145134,
                "max-rss": 7475464,
                "wall-time": 74.14
            },
            "tramp3d-v4": {
                "task-clock": 115832.485729,
                "context-switches": 769,
                "cpu-migrations": 1,
                "page-faults": 298860,
                "cycles": 350986018919,
                "instructions": 271000422005,
                "branches": 58637884125,
                "branch-misses": 1310880367,
                "max-rss": 1190796,
                "wall-time": 116.03999999999999
            },
            "mafft": {
                "task-clock": 22856.524457999993,
                "context-switches": 591,
                "cpu-migrations": 1,
                "page-faults": 126692,
                "cycles": 69238234058,
                "instructions": 68586701853,
                "branches": 14507311640,
                "branch-misses": 340310772,
                "max-rss": 1630288,
                "wall-time": 23.880000000000006
            },