{
    "config": 0,
    "clang_size": [],
    "data": {
        "ReleaseThinLTO": {
            "kimwitu++": {
                "task-clock": 42194.756181000004,
                "context-switches": 1907,
                "cpu-migrations": 78,
                "page-faults": 147185,
                "cycles": 127867261239,
                "instructions": 93620394720,
                "branches": 20316871730,
                "branch-misses": 577181096,
                "max-rss": 1205976,
                "wall-time": 38.65
            },
            "sqlite3": {
                "task-clock": 57141.22566699999,
                "context-switches": 2868,
                "cpu-migrations": 106,
                "page-faults": 61536,
                "cycles": 173127541406,
                "instructions": 141667529653,
                "branches": 30481032461,
                "branch-misses": 813722890,
                "max-rss": 315764,
                "wall-time": 69.35
            },
            "consumer-typeset": {
                "task-clock": 37511.706083000005,
                "context-switches": 2389,
                "cpu-migrations": 145,
                "page-faults": 188670,
                "cycles": 113541301439,
                "instructions": 92560850694,
                "branches": 19728389038,
                "branch-misses": 567449327,
                "max-rss": 2840260,
                "wall-time": 34.60999999999999
            },
            "Bullet": {
                "task-clock": 62363.72502999999,
                "context-switches": 5196,
                "cpu-migrations": 259,
                "page-faults": 497257,
                "cycles": 188957083635,
                "instructions": 139688867138,
                "branches": 29548962048,
                "branch-misses": 785347464,
                "max-rss": 7211860,
                "wall-time": 83.86
            },
            "tramp3d-v4": {
                "task-clock": 111918.66910599999,
                "context-switches": 3753,
                "cpu-migrations": 224,
                "page-faults": 128535,
                "cycles": 338661819494,
                "instructions": 289496324859,
                "branches": 63209767315,
                "branch-misses": 1365512003,
                "max-rss": 484568,
                "wall-time": 131.17000000000002
            },
            "mafft": {
                "task-clock": 21855.444826999996,
                "context-switches": 560,
                "cpu-migrations": 1,
                "page-faults": 111604,
                "cycles": 66196948746,
                "instructions": 58001766176,
                "branches": 12324642640,
                "branch-misses": 297459289,
                "max-rss": 1553564,
                "wall-time": 17.38
            },
            "ClamAV": {
                "task-clock": 52097.833727,
                "context-switches": 4144,
                "cpu-migrations": 201,
                "page-faults": 301504,
                "cycles": 157963700235,
                "instructions": 129004696622,
                "branches": 27566614090,
                "branch-misses": 811762005,
                "max-rss": 5215388,
                "wall-time": 55.59000000000002
            },
            "lencod": {
                "task-clock": 69367.059322,
                "context-switches": 4243,
                "cpu-migrations": 251,
                "page-faults": 233557,
                "cycles": 209855505731,
                "instructions": 193995703535,
                "branches": 40680546841,
                "branch-misses": 804048990,
                "max-rss": 3121796,
                "wall-time": 60.489999999999995
            },
            "SPASS": {
                "task-clock": 49398.388832,
                "context-switches": 3913,
                "cpu-migrations": 108,
                "page-faults": 175526,
                "cycles": 149256753374,
                "instructions": 116864371553,
                "branches": 25162724235,
                "branch-misses": 755467407,
                "max-rss": 2833052,
                "wall-time": 43.38999999999999
            },
            "7zip": {
                "task-clock": 146545.185975,
                "context-switches": 12579,
                "cpu-migrations": 373,
                "page-faults": 810208,
                "cycles": 443366523996,
                "instructions": 330235044224,
                "branches": 70702318564,
                "branch-misses": 2140012033,
                "max-rss": 12396428,
                "wall-time": 132.14000000000001
            },
            "geomean": {
                "task-clock": 56982.64936114361,
                "context-switches": 3229.706419367617,
                "cpu-migrations": 103.52181123499282,
                "page-faults": 203544.87325414948,
                "cycles": 172521066210.1002,
                "instructions": 139451025197.91815,
                "branches": 29847230642.6998,
                "branch-misses": 785749982.1711897,
                "max-rss": 2252180.944445623,
                "wall-time": 56.67533453315871
            }
        },
        "ReleaseLTO-g": {
            "kimwitu++": {
                "task-clock": 45524.182893,
                "context-switches": 1188,
                "cpu-migrations": 1,
                "page-faults": 206202,
                "cycles": 138068481454,
                "instructions": 97314472670,
                "branches": 21025597944,
                "branch-misses": 599130276,
                "max-rss": 1436976,
                "wall-time": 46.14
            },
            "sqlite3": {
                "task-clock": 62251.14035,
                "context-switches": 384,
                "cpu-migrations": 1,
                "page-faults": 110227,
                "cycles": 188828917339,
                "instructions": 151395104329,
                "branches": 32364668151,
                "branch-misses": 846846919,
                "max-rss": 505296,
                "wall-time": 62.4
            },
            "consumer-typeset": {
                "task-clock": 39048.363137,
                "context-switches": 1038,
                "cpu-migrations": 2,
                "page-faults": 216779,
                "cycles": 118551896434,
                "instructions": 95338062463,
                "branches": 20210475347,
                "branch-misses": 546479273,
                "max-rss": 2971168,
                "wall-time": 40.87000000000002
            },
            "Bullet": {
                "task-clock": 69517.446395,
                "context-switches": 3671,
                "cpu-migrations": 3,
                "page-faults": 562714,
                "cycles": 210962873707,
                "instructions": 157200114834,
                "branches": 33153997310,
                "branch-misses": 856628737,
                "max-rss": 7535072,
                "wall-time": 73.87999999999997
            },
            "tramp3d-v4": {
                "task-clock": 112924.986741,
                "context-switches": 541,
                "cpu-migrations": 1,
                "page-faults": 298699,
                "cycles": 343009042595,
                "instructions": 269757160179,
                "branches": 58310316596,
                "branch-misses": 1305694168,
                "max-rss": 1191752,
                "wall-time": 113.1
            },
            "mafft": {
                "task-clock": 22432.048587999994,
                "context-switches": 513,
                "cpu-migrations": 0,
                "page-faults": 126566,
                "cycles": 68260815263,
                "instructions": 68435584841,
                "branches": 14468422962,
                "branch-misses": 339287146,
                "max-rss": 1646252,
                "wall-time": 23.390000000000008
            },