{
    "config": 0,
    "clang_size": [],
    "data": {
        "ReleaseThinLTO": {
            "kimwitu++": {
                "task-clock": 42222.914921999996,
                "context-switches": 2086,
                "cpu-migrations": 108,
                "page-faults": 148597,
                "cycles": 128346441633,
                "instructions": 93560982539,
                "branches": 20322358949,
                "branch-misses": 579602994,
                "max-rss": 1210896,
                "wall-time": 38.559999999999995
            },
            "sqlite3": {
                "task-clock": 57799.63931500001,
                "context-switches": 3074,
                "cpu-migrations": 120,
                "page-faults": 61858,
                "cycles": 175812572766,
                "instructions": 141604595412,
                "branches": 30482056239,
                "branch-misses": 813765049,
                "max-rss": 316364,
                "wall-time": 71.01
            },
            "consumer-typeset": {
                "task-clock": 37519.68610299999,
                "context-switches": 2479,
                "cpu-migrations": 86,
                "page-faults": 188717,
                "cycles": 114064469666,
                "instructions": 92633386197,
                "branches": 19756070752,
                "branch-misses": 566484533,
                "max-rss": 2826412,
                "wall-time": 34.3
            },
            "Bullet": {
                "task-clock": 62434.24944800003,
                "context-switches": 4950,
                "cpu-migrations": 211,
                "page-faults": 497968,
                "cycles": 189928153596,
                "instructions": 139755469093,
                "branches": 29581313561,
                "branch-misses": 783835603,
                "max-rss": 7206256,
                "wall-time": 83.41000000000001
            },
            "tramp3d-v4": {
                "task-clock": 112944.817421,
                "context-switches": 3121,
                "cpu-migrations": 230,
                "page-faults": 128905,
                "cycles": 342913092281,
                "instructions": 289738633722,
                "branches": 63322504480,
                "branch-misses": 1363233419,
                "max-rss": 488792,
                "wall-time": 132.92000000000002
            },
            "mafft": {
                "task-clock": 21902.040554999992,
                "context-switches": 638,
                "cpu-migrations": 0,
                "page-faults": 110235,
                "cycles": 66547945880,
                "instructions": 58013608518,
                "branches": 12330206345,
                "branch-misses": 298336555,
                "max-rss": 1552724,
                "wall-time": 17.43
            },
            "ClamAV": {
                "task-clock": 52351.47133899997,
                "context-switches": 4068,
                "cpu-migrations": 191,
                "page-faults": 303885,
                "cycles": 158925199699,
                "instructions": 129040815931,
                "branches": 27566299613,
                "branch-misses": 812203265,
                "max-rss": 5216952,
                "wall-time": 55.48999999999999
            },
            "lencod": {
                "task-clock": 69472.01094800001,
                "context-switches": 4227,
                "cpu-migrations": 162,
                "page-faults": 230974,
                "cycles": 210768168377,
                "instructions": 194261084347,
                "branches": 40745842666,
                "branch-misses": 802091086,
                "max-rss": 3123180,
                "wall-time": 59.989999999999995
            },
            "SPASS": {
                "task-clock": 49399.400782,
                "context-switches": 3994,
                "cpu-migrations": 125,
                "page-faults": 175669,
                "cycles": 149710128072,
                "instructions": 117001442362,
                "branches": 25211137935,
                "branch-misses": 756607467,
                "max-rss": 2823244,
                "wall-time": 43.290000000000006
            },
            "7zip": {
                "task-clock": 146992.28991599998,
                "context-switches": 12843,
                "cpu-migrations": 422,
                "page-faults": 811498,
                "cycles": 446571789377,
                "instructions": 330449690878,
                "branches": 70766609220,
                "branch-misses": 2143043454,
                "max-rss": 12386636,
                "wall-time": 132.83999999999997
            },
            "geomean": {
                "task-clock": 57177.62759687846,
                "context-switches": 3266.2559024615803,
                "cpu-migrations": 0,
                "page-faults": 203669.62261566267,
                "cycles": 173685373480.4923,
                "instructions": 139516452091.6445,
                "branches": 29875469875.616974,
                "branch-misses": 785978997.3727411,
                "max-rss": 2253291.122727531,
                "wall-time": 56.765785764621725
            }
        },
        "ReleaseLTO-g": {
            "kimwitu++": {
                "task-clock": 45845.19326100001,
                "context-switches": 1172,
                "cpu-migrations": 1,
                "page-faults": 206081,
                "cycles": 139465748663,
                "instructions": 97285752851,
                "branches": 21037474974,
                "branch-misses": 599053731,
                "max-rss": 1437932,
                "wall-time": 46.46
            },
            "sqlite3": {
                "task-clock": 62698.576685,
                "context-switches": 415,
                "cpu-migrations": 1,
                "page-faults": 110004,
                "cycles": 190537706470,
                "instructions": 150992151839,
                "branches": 32299196685,
                "branch-misses": 845301662,
                "max-rss": 502136,
                "wall-time": 62.85
            },
            "consumer-typeset": {
                "task-clock": 39139.752931999996,
                "context-switches": 945,
                "cpu-migrations": 1,
                "page-faults": 216729,
                "cycles": 119092989882,
                "instructions": 95292490576,
                "branches": 20208661926,
                "branch-misses": 544787229,
                "max-rss": 2965956,
                "wall-time": 40.93000000000001
            },
            "Bullet": {
                "task-clock": 69774.39312999998,
                "context-switches": 3588,
                "cpu-migrations": 2,
                "page-faults": 562283,
                "cycles": 211654787793,
                "instructions": 157134010706,
                "branches": 33161883373,
                "branch-misses": 856515328,
                "max-rss": 7531440,
                "wall-time": 74.14
            },
            "tramp3d-v4": {
                "task-clock": 114675.988951,
                "context-switches": 522,
                "cpu-migrations": 1,
                "page-faults": 298604,
                "cycles": 348699785401,
                "instructions": 269955276833,
                "branches": 58395146882,
                "branch-misses": 1311322607,
                "max-rss": 1190856,
                "wall-time": 114.83
            },
            "mafft": {
                "task-clock": 22640.902801999997,
                "context-switches": 568,
                "cpu-migrations": 0,
                "page-faults": 126445,
                "cycles": 68877136633,
                "instructions": 68349353593,
                "branches": 14453375654,
                "branch-misses": 339511397,
                "max-rss": 1643320,
                "wall-time": 23.650000000000002
            },