{
    "config": 0,
    "clang_size": [],
    "data": {
        "ReleaseThinLTO": {
            "kimwitu++": {
                "task-clock": 41646.556405999996,
                "context-switches": 2347,
                "cpu-migrations": 76,
                "page-faults": 147188,
                "cycles": 127142713695,
                "instructions": 93281401873,
                "branches": 20242024133,
                "branch-misses": 580111923,
                "max-rss": 1204452,
                "wall-time": 38.940000000000005
            },
            "sqlite3": {
                "task-clock": 55964.67275700001,
                "context-switches": 2477,
                "cpu-migrations": 124,
                "page-faults": 61885,
                "cycles": 170520097517,
                "instructions": 139956255833,
                "branches": 30120683290,
                "branch-misses": 805588063,
                "max-rss": 316708,
                "wall-time": 67.87
            },
            "consumer-typeset": {
                "task-clock": 36916.65574999999,
                "context-switches": 2664,
                "cpu-migrations": 162,
                "page-faults": 187673,
                "cycles": 112414688450,
                "instructions": 91599405723,
                "branches": 19520713192,
                "branch-misses": 560870118,
                "max-rss": 2842116,
                "wall-time": 34.19999999999999
            },
            "Bullet": {
                "task-clock": 61441.40295899999,
                "context-switches": 5349,
                "cpu-migrations": 276,
                "page-faults": 497473,
                "cycles": 187529967535,
                "instructions": 139160203102,
                "branches": 29433052926,
                "branch-misses": 782794788,
                "max-rss": 7215152,
                "wall-time": 83
            },
            "tramp3d-v4": {
                "task-clock": 109571.504519,
                "context-switches": 3063,
                "cpu-migrations": 169,
                "page-faults": 127006,
                "cycles": 335072382792,
                "instructions": 286634322083,
                "branches": 62611210153,
                "branch-misses": 1356084247,
                "max-rss": 484156,
                "wall-time": 127.05000000000001
            },
            "mafft": {
                "task-clock": 21439.450304,
                "context-switches": 752,
                "cpu-migrations": 0,
                "page-faults": 110656,
                "cycles": 65513918851,
                "instructions": 57353165564,
                "branches": 12191669304,
                "branch-misses": 297252645,
                "max-rss": 1552660,
                "wall-time": 17.08
            },
            "ClamAV": {
                "task-clock": 50796.964510999984,
                "context-switches": 4023,
                "cpu-migrations": 191,
                "page-faults": 301054,
                "cycles": 155154686544,
                "instructions": 126342977802,
                "branches": 27006759323,
                "branch-misses": 807694995,
                "max-rss": 5222580,
                "wall-time": 54.43999999999998
            },
            "lencod": {
                "task-clock": 67631.007549,
                "context-switches": 4263,
                "cpu-migrations": 261,
                "page-faults": 229067,
                "cycles": 206704448252,
                "instructions": 190677521746,
                "branches": 40002778242,
                "branch-misses": 793877234,
                "max-rss": 3123340,
                "wall-time": 59.510000000000005
            },
            "SPASS": {
                "task-clock": 48457.84768399999,
                "context-switches": 3642,
                "cpu-migrations": 96,
                "page-faults": 176039,
                "cycles": 148189481361,
                "instructions": 115880000288,
                "branches": 24960143295,
                "branch-misses": 754310351,
                "max-rss": 2830536,
                "wall-time": 42.269999999999996
            },
            "7zip": {
                "task-clock": 144311.34339,
                "context-switches": 12195,
                "cpu-migrations": 336,
                "page-faults": 812134,
                "cycles": 439628087870,
                "instructions": 325805425526,
                "branches": 69779368104,
                "branch-misses": 2133442393,
                "max-rss": 12392644,
                "wall-time": 129.85000000000002
            },
            "geomean": {
                "task-clock": 55907.954373719396,
                "context-switches": 3282.764938705214,
                "cpu-migrations": 0,
                "page-faults": 202827.6613405064,
                "cycles": 170665231109.49625,
                "instructions": 137908110530.60846,
                "branches": 29523658671.844772,
                "branch-misses": 781840055.8481863,
                "max-rss": 2252648.6120822215,
                "wall-time": 55.73939877064954
            }
        },
        "ReleaseLTO-g": {
            "kimwitu++": {
                "task-clock": 44740.32958499999,
                "context-switches": 1034,
                "cpu-migrations": 1,
                "page-faults": 206287,
                "cycles": 137275335478,
                "instructions": 96773710170,
                "branches": 20913153358,
                "branch-misses": 595364302,
                "max-rss": 1440044,
                "wall-time": 45.35999999999999
            },
            "sqlite3": {
                "task-clock": 61516.633413,
                "context-switches": 485,
                "cpu-migrations": 2,
                "page-faults": 110327,
                "cycles": 186150852216,
                "instructions": 149387543053,
                "branches": 31948146982,
                "branch-misses": 844215943,
                "max-rss": 504748,
                "wall-time": 61.709999999999994
            },
            "consumer-typeset": {
                "task-clock": 38706.906281999996,
                "context-switches": 876,
                "cpu-migrations": 2,
                "page-faults": 216884,
                "cycles": 116963510192,
                "instructions": 94089043171,
                "branches": 19940830942,
                "branch-misses": 542590310,
                "max-rss": 2973612,
                "wall-time": 40.52999999999998
            },
            "Bullet": {
                "task-clock": 68339.675902,
                "context-switches": 3512,
                "cpu-migrations": 1,
                "page-faults": 562968,
                "cycles": 209475687705,
                "instructions": 156456039487,
                "branches": 32994694672,
                "branch-misses": 859208406,
                "max-rss": 7535872,
                "wall-time": 72.61
            },
            "tramp3d-v4": {
                "task-clock": 110608.092068,
                "context-switches": 738,
                "cpu-migrations": 1,
                "page-faults": 298734,
                "cycles": 339029982664,
                "instructions": 267490024892,
                "branches": 57846564855,
                "branch-misses": 1297718940,
                "max-rss": 1192152,
                "wall-time": 110.85
            },
            "mafft": {
                "task-clock": 22194.529123,
                "context-switches": 567,
                "cpu-migrations": 0,
                "page-faults": 128151,
                "cycles": 67072045475,
                "instructions": 67338594056,
                "branches": 14246394058,
                "branch-misses": 338065203,
                "max-rss": 1644464,
                "wall-time": 23.18
            },