{
    "config": 0,
    "clang_size": {
        "size-text": 68535246,
        "size-data": 2842408,
        "size-bss": 290408,
        "size-total": 71668062
    },
    "data": {
        "ReleaseThinLTO": {
            "kimwitu++": {
                "task-clock": 31614.627531000006,
                "context-switches": 1654,
                "cpu-migrations": 51,
                "page-faults": 143359,
                "cycles": 106360888230,
                "instructions": 92007482772,
                "branches": 20015266446,
                "branch-misses": 505918032,
                "max-rss": 1166004,
                "wall-time": 29.19,
                "size-text": 786980,
                "size-data": 25960,
                "size-bss": 12560,
                "size-total": 825500
            },
            "sqlite3": {
                "task-clock": 46804.268874,
                "context-switches": 2285,
                "cpu-migrations": 111,
                "page-faults": 59544,
                "cycles": 157467463876,
                "instructions": 144243559864,
                "branches": 31057344964,
                "branch-misses": 766589767,
                "max-rss": 307048,
                "wall-time": 57.43,
                "size-text": 780826,
                "size-data": 3095,
                "size-bss": 624,
                "size-total": 784545
            },
            "consumer-typeset": {
                "task-clock": 29727.518342000007,
                "context-switches": 2037,
                "cpu-migrations": 79,
                "page-faults": 183022,
                "cycles": 99749286139,
                "instructions": 93280568407,
                "branches": 19892304247,
                "branch-misses": 525758032,
                "max-rss": 2739496,
                "wall-time": 27.61,
                "size-text": 667954,
                "size-data": 3768,
                "size-bss": 65200,
                "size-total": 736922
            },
            "Bullet": {
                "task-clock": 47381.405467,
                "context-switches": 4250,
                "cpu-migrations": 176,
                "page-faults": 483997,
                "cycles": 159153669772,
                "instructions": 140380967996,
                "branches": 29778059493,
                "branch-misses": 701033495,
                "max-rss": 6970684,
                "wall-time": 65.14999999999996,
                "size-text": 394152,
                "size-data": 403696,
                "size-bss": 43328,
                "size-total": 841176
            },
            "tramp3d-v4": {
                "task-clock": 90888.269944,
                "context-switches": 2351,
                "cpu-migrations": 92,
                "page-faults": 125088,
                "cycles": 306008802459,
                "instructions": 295998964195,
                "branches": 64778931922,
                "branch-misses": 1263000732,
                "max-rss": 478936,
                "wall-time": 106.34,
                "size-text": 885402,
                "size-data": 1800,
                "size-bss": 1848,
                "size-total": 889050
            },
            "mafft": {
                "task-clock": 17945.037392,
                "context-switches": 625,
                "cpu-migrations": 7,
                "page-faults": 107840,
                "cycles": 60052936123,
                "instructions": 59853119613,
                "branches": 12714709516,
                "branch-misses": 287544812,
                "max-rss": 1500516,
                "wall-time": 14.52,
                "size-text": 275609,
                "size-data": 3052,
                "size-bss": 14911040,
                "size-total": 15189701
            },
            "ClamAV": {
                "task-clock": 41208.86034,
                "context-switches": 3255,
                "cpu-migrations": 156,
                "page-faults": 294409,
                "cycles": 138607925756,
                "instructions": 130003988882,
                "branches": 27758219395,
                "branch-misses": 759766462,
                "max-rss": 5054572,
                "wall-time": 44.67,
                "size-text": 773613,
                "size-data": 52872,
                "size-bss": 4752,
                "size-total": 831237
            },
            "lencod": {
                "task-clock": 57255.102939000004,
                "context-switches": 3734,
                "cpu-migrations": 157,
                "page-faults": 224111,
                "cycles": 192763429764,
                "instructions": 202177227409,
                "branches": 42401258876,
                "branch-misses": 765100979,
                "max-rss": 3017788,
                "wall-time": 50.519999999999996,
                "size-text": 957979,
                "size-data": 2144,
                "size-bss": 106176,
                "size-total": 1066299
            },
            "SPASS": {
                "task-clock": 37926.874575,
                "context-switches": 3086,
                "cpu-migrations": 62,
                "page-faults": 170461,
                "cycles": 127498378427,
                "instructions": 116661449732,
                "branches": 25186248668,
                "branch-misses": 693744835,
                "max-rss": 2738028,
                "wall-time": 33.11000000000001,
                "size-text": 608440,
                "size-data": 872,
                "size-bss": 346536,
                "size-total": 955848
            },
            "7zip": {
                "task-clock": 111302.735836,
                "context-switches": 9902,
                "cpu-migrations": 276,
                "page-faults": 793403,
                "cycles": 374132210002,
                "instructions": 329399678379,
                "branches": 70596310610,
                "branch-misses": 1938717856,
                "max-rss": 11979036,
                "wall-time": 101.40999999999997,
                "size-text": 1433841,
                "size-data": 4160,
                "size-bss": 29280,
                "size-total": 1467281
            },
            "geomean": {
                "task-clock": 44974.361178179024,
                "context-switches": 2661.8148678975267,
                "cpu-migrations": 85.64941092963294,
                "page-faults": 197657.70975350152,
                "cycles": 151157948017.15268,
                "instructions": 141017672849.69803,
                "branches": 30217346600.39636,
                "branch-misses": 725836869.7880156,
                "max-rss": 2183033.178053265,
                "wall-time": 45.15996813485672,
                "size-text": 692940.6905911259,
                "size-data": 6984.009238215472,
                "size-bss": 35437.433332268796,
                "size-total": 1210214.8400807409
            }
        },
        "O3": {
            "kimwitu++": {
                "task-clock": 24913.772897,
                "context-switches": 827,
                "cpu-migrations": 1,
                "page-faults": 140384,
                "cycles": 82948398472,
                "instructions": 66590330100,
                "branches": 14429334480,
                "branch-misses": 411154418,
                "max-rss": 1203916,
                "wall-time": 25.539999999999996,
                "size-text": 805309,
                "size-data": 31168,
                "size-bss": 12592,
                "size-total": 849069
            },
            "sqlite3": {
                "task-clock": 32531.841613,
                "context-switches": 171,
                "cpu-migrations": 1,
                "page-faults": 39310,
                "cycles": 109467860056,
                "instructions": 96331303550,
                "branches": 20603175322,
                "branch-misses": 558770515,
                "max-rss": 250404,
                "wall-time": 32.67,