{
    "config": 0,
    "clang_size": [],
    "data": {
        "ReleaseThinLTO": {
            "kimwitu++": {
                "task-clock": 42144.142447,
                "context-switches": 2042,
                "cpu-migrations": 79,
                "page-faults": 148428,
                "cycles": 128120626027,
                "instructions": 93589371533,
                "branches": 20334849957,
                "branch-misses": 583182641,
                "max-rss": 1207180,
                "wall-time": 38.46
            },
            "sqlite3": {
                "task-clock": 57634.312753,
                "context-switches": 2642,
                "cpu-migrations": 132,
                "page-faults": 62054,
                "cycles": 175637028972,
                "instructions": 141519536844,
                "branches": 30463370962,
                "branch-misses": 816962972,
                "max-rss": 317456,
                "wall-time": 70.87
            },
            "consumer-typeset": {
                "task-clock": 37378.332696000005,
                "context-switches": 2377,
                "cpu-migrations": 92,
                "page-faults": 188646,
                "cycles": 113868168569,
                "instructions": 92627869785,
                "branches": 19756601263,
                "branch-misses": 568587944,
                "max-rss": 2827316,
                "wall-time": 33.969999999999985
            },
            "Bullet": {
                "task-clock": 61822.807333000004,
                "context-switches": 5200,
                "cpu-migrations": 241,
                "page-faults": 497978,
                "cycles": 188171563209,
                "instructions": 139645608965,
                "branches": 29560667756,
                "branch-misses": 783705816,
                "max-rss": 7203048,
                "wall-time": 83.80000000000001
            },
            "tramp3d-v4": {
                "task-clock": 112233.323999,
                "context-switches": 3684,
                "cpu-migrations": 201,
                "page-faults": 128321,
                "cycles": 342332276038,
                "instructions": 289623053292,
                "branches": 63300430159,
                "branch-misses": 1370961884,
                "max-rss": 484112,
                "wall-time": 131.24
            },
            "mafft": {
                "task-clock": 21774.453136,
                "context-switches": 805,
                "cpu-migrations": 6,
                "page-faults": 112017,
                "cycles": 66518433933,
                "instructions": 58015009965,
                "branches": 12329589546,
                "branch-misses": 300626362,
                "max-rss": 1551220,
                "wall-time": 17.38
            },
            "ClamAV": {
                "task-clock": 51931.171714999946,
                "context-switches": 3886,
                "cpu-migrations": 242,
                "page-faults": 302629,
                "cycles": 158238679266,
                "instructions": 129036144646,
                "branches": 27566551255,
                "branch-misses": 814005245,
                "max-rss": 5221556,
                "wall-time": 55.04999999999999
            },
            "lencod": {
                "task-clock": 68944.920919,
                "context-switches": 4086,
                "cpu-migrations": 230,
                "page-faults": 229486,
                "cycles": 210134913969,
                "instructions": 194253919165,
                "branches": 40748578130,
                "branch-misses": 806690811,
                "max-rss": 3120388,
                "wall-time": 60.25
            },
            "SPASS": {
                "task-clock": 48913.468187000006,
                "context-switches": 3771,
                "cpu-migrations": 111,
                "page-faults": 175667,
                "cycles": 148937955858,
                "instructions": 116984277970,
                "branches": 25208686545,
                "branch-misses": 759398592,
                "max-rss": 2827740,
                "wall-time": 42.82000000000001
            },
            "7zip": {
                "task-clock": 145804.82328099996,
                "context-switches": 12742,
                "cpu-migrations": 266,
                "page-faults": 810746,
                "cycles": 443485534528,
                "instructions": 330333349993,
                "branches": 70746608714,
                "branch-misses": 2147271049,
                "max-rss": 12378424,
                "wall-time": 131.24999999999997
            },
            "geomean": {
                "task-clock": 56811.81729840116,
                "context-switches": 3295.058937010513,
                "cpu-migrations": 116.44211945178428,
                "page-faults": 203702.64986075903,
                "cycles": 173072355315.00708,
                "instructions": 139487293547.72574,
                "branches": 29871370101.077854,
                "branch-misses": 789169166.9865718,
                "max-rss": 2251167.8841211763,
                "wall-time": 56.47272730652386
            }
        },
        "ReleaseLTO-g": {
            "kimwitu++": {
                "task-clock": 45413.645001,
                "context-switches": 1050,
                "cpu-migrations": 1,
                "page-faults": 205663,
                "cycles": 138460731778,
                "instructions": 97102540353,
                "branches": 21008181057,
                "branch-misses": 601143530,
                "max-rss": 1439132,
                "wall-time": 46.050000000000004
            },
            "sqlite3": {
                "task-clock": 62790.279292,
                "context-switches": 519,
                "cpu-migrations": 3,
                "page-faults": 110223,
                "cycles": 191694759721,
                "instructions": 150972426806,
                "branches": 32299484681,
                "branch-misses": 847601806,
                "max-rss": 503136,
                "wall-time": 62.99
            },
            "consumer-typeset": {
                "task-clock": 38975.03063199999,
                "context-switches": 888,
                "cpu-migrations": 3,
                "page-faults": 216624,
                "cycles": 118702027573,
                "instructions": 95230862021,
                "branches": 20198806450,
                "branch-misses": 545141949,
                "max-rss": 2970604,
                "wall-time": 40.82000000000001
            },
            "Bullet": {
                "task-clock": 69004.72317400001,
                "context-switches": 2777,
                "cpu-migrations": 1,
                "page-faults": 562223,
                "cycles": 210325858209,
                "instructions": 157027397138,
                "branches": 33143128352,
                "branch-misses": 855974558,
                "max-rss": 7537564,
                "wall-time": 73.47
            },
            "tramp3d-v4": {
                "task-clock": 114938.857686,
                "context-switches": 834,
                "cpu-migrations": 1,
                "page-faults": 298070,
                "cycles": 349791281782,
                "instructions": 269853132716,
                "branches": 58382033905,
                "branch-misses": 1312912872,
                "max-rss": 1189712,
                "wall-time": 115.08
            },
            "mafft": {
                "task-clock": 22359.829621000008,
                "context-switches": 573,
                "cpu-migrations": 0,
                "page-faults": 126228,
                "cycles": 68270027990,
                "instructions": 68342628136,
                "branches": 14452759284,
                "branch-misses": 340099421,
                "max-rss": 1645084,
                "wall-time": 23.4
            },
            "ClamAV": {
                "task-clock": 59550.023823,