{
    "config": 0,
    "clang_size": {
        "size-text": 66871478,
        "size-data": 2785592,
        "size-bss": 284144,
        "size-total": 69941214
    },
    "data": {
        "ReleaseThinLTO": {
            "kimwitu++": {
                "task-clock": 31778.195322000003,
                "context-switches": 1973,
                "cpu-migrations": 109,
                "page-faults": 159246,
                "cycles": 106985829202,
                "instructions": 92234659152,
                "branches": 19907933131,
                "branch-misses": 507437270,
                "max-rss": 1146496,
                "wall-time": 29.9,
                "size-text": 787080,
                "size-data": 25960,
                "size-bss": 12560,
                "size-total": 825600
            },
            "sqlite3": {
                "task-clock": 47665.92524,
                "context-switches": 2277,
                "cpu-migrations": 85,
                "page-faults": 62894,
                "cycles": 160502471839,
                "instructions": 144959877202,
                "branches": 31226231156,
                "branch-misses": 787442576,
                "max-rss": 308588,
                "wall-time": 58.730000000000004,
                "size-text": 781474,
                "size-data": 3095,
                "size-bss": 624,
                "size-total": 785193
            },
            "consumer-typeset": {
                "task-clock": 30038.86485599999,
                "context-switches": 2134,
                "cpu-migrations": 118,
                "page-faults": 242470,
                "cycles": 101104447319,
                "instructions": 93719862865,
                "branches": 19928413595,
                "branch-misses": 537266548,
                "max-rss": 2684048,
                "wall-time": 27.42,
                "size-text": 677634,
                "size-data": 3768,
                "size-bss": 65200,
                "size-total": 746602
            },
            "Bullet": {
                "task-clock": 47491.62757899999,
                "context-switches": 4830,
                "cpu-migrations": 320,
                "page-faults": 628340,
                "cycles": 159669827525,
                "instructions": 139567410424,
                "branches": 29434404848,
                "branch-misses": 700504753,
                "max-rss": 6807944,
                "wall-time": 66.68,
                "size-text": 393144,
                "size-data": 403696,
                "size-bss": 43328,
                "size-total": 840168
            },
            "tramp3d-v4": {
                "task-clock": 91274.98115800001,
                "context-switches": 2137,
                "cpu-migrations": 109,
                "page-faults": 127736,
                "cycles": 307461616626,
                "instructions": 294658289577,
                "branches": 64460137807,
                "branch-misses": 1275424028,
                "max-rss": 480388,
                "wall-time": 104.79,
                "size-text": 885858,
                "size-data": 1800,
                "size-bss": 1848,
                "size-total": 889506
            },
            "mafft": {
                "task-clock": 17852.952482000004,
                "context-switches": 1083,
                "cpu-migrations": 35,
                "page-faults": 138778,
                "cycles": 60134972272,
                "instructions": 59261324183,
                "branches": 12588446801,
                "branch-misses": 292533558,
                "max-rss": 1471104,
                "wall-time": 14.840000000000002,
                "size-text": 275169,
                "size-data": 3052,
                "size-bss": 14911040,
                "size-total": 15189261
            },
            "ClamAV": {
                "task-clock": 42166.59461899999,
                "context-switches": 3802,
                "cpu-migrations": 250,
                "page-faults": 413848,
                "cycles": 141763110731,
                "instructions": 131418848020,
                "branches": 28010694143,
                "branch-misses": 775406820,
                "max-rss": 4936404,
                "wall-time": 46.24000000000001,
                "size-text": 774253,
                "size-data": 52872,
                "size-bss": 4752,
                "size-total": 831877
            },
            "lencod": {
                "task-clock": 56565.90627800001,
                "context-switches": 3864,
                "cpu-migrations": 262,
                "page-faults": 283231,
                "cycles": 190430517763,
                "instructions": 197617884995,
                "branches": 41596834147,
                "branch-misses": 770860068,
                "max-rss": 2936132,
                "wall-time": 50.06,
                "size-text": 958131,
                "size-data": 2144,
                "size-bss": 106176,
                "size-total": 1066451
            },
            "SPASS": {
                "task-clock": 38064.116391,
                "context-switches": 3360,
                "cpu-migrations": 139,
                "page-faults": 231946,
                "cycles": 127719012139,
                "instructions": 116215300224,
                "branches": 24975599841,
                "branch-misses": 701663222,
                "max-rss": 2681692,
                "wall-time": 33.160000000000004,
                "size-text": 607600,
                "size-data": 872,
                "size-bss": 346536,
                "size-total": 955008
            },
            "7zip": {
                "task-clock": 113513.16861199998,
                "context-switches": 11863,
                "cpu-migrations": 503,
                "page-faults": 1049863,
                "cycles": 381245350806,
                "instructions": 333512663168,
                "branches": 71185857064,
                "branch-misses": 1979289442,
                "max-rss": 11687224,
                "wall-time": 103.76000000000002,
                "size-text": 1436409,
                "size-data": 4160,
                "size-bss": 29280,
                "size-total": 1469849
            },
            "geomean": {
                "task-clock": 45287.51497899878,
                "context-switches": 3018.3164305389046,
                "cpu-migrations": 150.8758061781882,
                "page-faults": 244774.7169064151,
                "cycles": 152351909179.97244,
                "instructions": 140854497279.857,
                "branches": 30112241893.883667,
                "branch-misses": 735897896.7210411,
                "max-rss": 2146396.6870656167,
                "wall-time": 45.703568709819095,
                "size-text": 693848.660065021,
                "size-data": 6984.009238215472,
                "size-bss": 35437.433332268796,
                "size-total": 1212039.2022614183
            }
        },
        "O3": {
            "kimwitu++": {
                "task-clock": 24517.075920999996,
                "context-switches": 929,
                "cpu-migrations": 15,
                "page-faults": 155740,
                "cycles": 82135007213,
                "instructions": 66124024068,
                "branches": 14207925237,
                "branch-misses": 405586519,
                "max-rss": 1183388,
                "wall-time": 25.169999999999998,
                "size-text": 805325,
                "size-data": 31168,
                "size-bss": 12592,
                "size-total": 849085
            },
            "sqlite3": {
                "task-clock": 32615.113932000004,
                "context-switches": 181,
                "cpu-migrations": 4,
                "page-faults": 42333,
                "cycles": 109979098224,
                "instructions": 95850517520,
                "branches": 20507238953,
                "branch-misses": 566761242,
                "max-rss": 249292,