{
    "config": 0,
    "clang_size": {
        "size-text": 65552581,
        "size-data": 2702800,
        "size-bss": 248464,
        "size-total": 68503845
    },
    "data": {
        "ReleaseThinLTO": {
            "kimwitu++": {
                "task-clock": 30855.473716999997,
                "context-switches": 1789,
                "cpu-migrations": 61,
                "page-faults": 157528,
                "cycles": 103906818791,
                "instructions": 89616223802,
                "branches": 19380406097,
                "branch-misses": 488909033,
                "max-rss": 1129980,
                "wall-time": 28.540000000000003,
                "size-text": 791812,
                "size-data": 25992,
                "size-bss": 12560,
                "size-total": 830364
            },
            "sqlite3": {
                "task-clock": 45960.760041,
                "context-switches": 2109,
                "cpu-migrations": 97,
                "page-faults": 62833,
                "cycles": 154797440890,
                "instructions": 140784753077,
                "branches": 30430701335,
                "branch-misses": 767153598,
                "max-rss": 307244,
                "wall-time": 55.43,
                "size-text": 811322,
                "size-data": 3095,
                "size-bss": 624,
                "size-total": 815041
            },
            "consumer-typeset": {
                "task-clock": 29055.91974999999,
                "context-switches": 2242,
                "cpu-migrations": 182,
                "page-faults": 237983,
                "cycles": 97800925802,
                "instructions": 90992924984,
                "branches": 19415864548,
                "branch-misses": 521971404,
                "max-rss": 2630276,
                "wall-time": 27.460000000000004,
                "size-text": 687618,
                "size-data": 3768,
                "size-bss": 65200,
                "size-total": 756586
            },
            "Bullet": {
                "task-clock": 46676.91315200001,
                "context-switches": 4504,
                "cpu-migrations": 238,
                "page-faults": 619761,
                "cycles": 156850902113,
                "instructions": 137349811973,
                "branches": 28984211489,
                "branch-misses": 686481837,
                "max-rss": 6678800,
                "wall-time": 65.24999999999999,
                "size-text": 400596,
                "size-data": 403704,
                "size-bss": 43328,
                "size-total": 847628
            },
            "tramp3d-v4": {
                "task-clock": 89148.92983,
                "context-switches": 2496,
                "cpu-migrations": 113,
                "page-faults": 126325,
                "cycles": 300201111934,
                "instructions": 289181483738,
                "branches": 63448076053,
                "branch-misses": 1243545077,
                "max-rss": 475620,
                "wall-time": 104.09,
                "size-text": 901866,
                "size-data": 1800,
                "size-bss": 1848,
                "size-total": 905514
            },
            "mafft": {
                "task-clock": 17383.490684999997,
                "context-switches": 697,
                "cpu-migrations": 29,
                "page-faults": 136426,
                "cycles": 58555756288,
                "instructions": 58145680051,
                "branches": 12368154469,
                "branch-misses": 285228082,
                "max-rss": 1444552,
                "wall-time": 14.100000000000001,
                "size-text": 280825,
                "size-data": 3052,
                "size-bss": 14911040,
                "size-total": 15194917
            },
            "ClamAV": {
                "task-clock": 40712.593962,
                "context-switches": 3763,
                "cpu-migrations": 251,
                "page-faults": 400813,
                "cycles": 136992825871,
                "instructions": 126957108161,
                "branches": 27164209654,
                "branch-misses": 756729056,
                "max-rss": 4832512,
                "wall-time": 44.70999999999998,
                "size-text": 793997,
                "size-data": 52872,
                "size-bss": 4752,
                "size-total": 851621
            },
            "lencod": {
                "task-clock": 56054.832069000004,
                "context-switches": 3845,
                "cpu-migrations": 211,
                "page-faults": 279514,
                "cycles": 188808026002,
                "instructions": 196843975515,
                "branches": 41491488240,
                "branch-misses": 760267052,
                "max-rss": 2879148,
                "wall-time": 49.09,
                "size-text": 969283,
                "size-data": 2144,
                "size-bss": 106176,
                "size-total": 1077603
            },
            "SPASS": {
                "task-clock": 37202.284448,
                "context-switches": 3461,
                "cpu-migrations": 118,
                "page-faults": 227200,
                "cycles": 125063141246,
                "instructions": 113646043440,
                "branches": 24500825079,
                "branch-misses": 685785300,
                "max-rss": 2627284,
                "wall-time": 32.79,
                "size-text": 625776,
                "size-data": 872,
                "size-bss": 346536,
                "size-total": 973184
            },
            "7zip": {
                "task-clock": 110067.43049,
                "context-switches": 11067,
                "cpu-migrations": 465,
                "page-faults": 1029994,
                "cycles": 369995543408,
                "instructions": 323479835227,
                "branches": 69211909327,
                "branch-misses": 1911719426,
                "max-rss": 11499720,
                "wall-time": 100.63999999999999,
                "size-text": 1462153,
                "size-data": 4176,
                "size-bss": 29280,
                "size-total": 1495609
            },
            "geomean": {
                "task-clock": 44105.01321399004,
                "context-switches": 2860.9221102269007,
                "cpu-migrations": 137.64224555286745,
                "page-faults": 240951.17986695544,
                "cycles": 148431603965.19052,
                "instructions": 137614646129.05508,
                "branches": 29491944248.419697,
                "branch-misses": 717093666.6122408,
                "max-rss": 2111484.2363622026,
                "wall-time": 44.453071740971666,
                "size-text": 707803.6761335373,
                "size-data": 6987.56535283568,
                "size-bss": 35437.433332268796,
                "size-total": 1230785.368956444
            }
        },
        "O3": {
            "kimwitu++": {
                "task-clock": 23447.025677999998,
                "context-switches": 841,
                "cpu-migrations": 15,
                "page-faults": 155391,
                "cycles": 78962352328,
                "instructions": 63991536600,
                "branches": 13767746195,
                "branch-misses": 389888969,
                "max-rss": 1163052,
                "wall-time": 24.029999999999998,
                "size-text": 809721,
                "size-data": 31168,
                "size-bss": 12592,
                "size-total": 853481
            },
            "sqlite3": {
                "task-clock": 31923.450456,
                "context-switches": 152,
                "cpu-migrations": 2,
                "page-faults": 42289,
                "cycles": 107546715544,
                "instructions": 93257470085,
                "branches": 20005815823,
                "branch-misses": 550062290,
                "max-rss": 248452,