{
    "config": 2,
    "clang_size": {
        "size-text": 87627527,
        "size-data": 4044600,
        "size-bss": 370289,
        "size-total": 92042416
    },
    "data": {
        "NewPM-O0-g": {
            "lencod": {
                "instructions": 15115583172,
                "instructions:u": 13745629283,
                "cycles": 10726442490,
                "task-clock": 2982.2899999999995,
                "branches": 2885070816,
                "branch-misses": 51896604,
                "max-rss": 3482940,
                "wall-time": 3.06,
                "size-file": 2025456,
                "size-text": 900362,
                "size-data": 16632,
                "size-bss": 109408,
                "size-total": 1026402
            },
            "Bullet": {
                "instructions": 69369918493,
                "instructions:u": 65925324500,
                "cycles": 52195919907,
                "task-clock": 14509.85,
                "branches": 13310391367,
                "branch-misses": 277703192,
                "max-rss": 8440692,
                "wall-time": 14.769999999999998,
                "size-file": 5657496,
                "size-text": 1189287,
                "size-data": 747920,
                "size-bss": 45552,
                "size-total": 1982759
            },
            "mafft": {
                "instructions": 7776051065,
                "instructions:u": 7147338539,
                "cycles": 5481099065,
                "task-clock": 1524.12,
                "branches": 1497116910,
                "branch-misses": 26900284,
                "max-rss": 1721708,
                "wall-time": 1.5700000000000003,
                "size-file": 846104,
                "size-text": 434313,
                "size-data": 8941,
                "size-bss": 132727168,
                "size-total": 133170422
            },
            "tramp3d-v4": {
                "instructions": 24695732727,
                "instructions:u": 24040802614,
                "cycles": 19935452189,
                "task-clock": 5540.75,
                "branches": 4672580319,
                "branch-misses": 101272700,
                "max-rss": 520212,
                "wall-time": 5.550000000000001,
                "size-file": 9778416,
                "size-text": 1348217,
                "size-data": 1464,
                "size-bss": 2136,
                "size-total": 1351817
            },
            "ClamAV": {
                "instructions": 16770104013,
                "instructions:u": 14688076306,
                "cycles": 12759449375,
                "task-clock": 3547.720000000001,
                "branches": 3224501555,
                "branch-misses": 66847749,
                "max-rss": 5940096,
                "wall-time": 3.6999999999999984,
                "size-file": 1640920,
                "size-text": 862049,
                "size-data": 62788,
                "size-bss": 4768,
                "size-total": 929605
            },
            "kimwitu++": {
                "instructions": 28077537579,
                "instructions:u": 27247022018,
                "cycles": 23073310030,
                "task-clock": 6413.570000000001,
                "branches": 5407441062,
                "branch-misses": 131570238,
                "max-rss": 1363208,
                "wall-time": 6.460000000000001,
                "size-file": 4333552,
                "size-text": 1337842,
                "size-data": 31280,
                "size-bss": 12640,
                "size-total": 1381762
            },
            "sqlite3": {
                "instructions": 5632328553,
                "instructions:u": 5485542083,
                "cycles": 4002828060,
                "task-clock": 1112.91,
                "branches": 1063177226,
                "branch-misses": 20802704,
                "max-rss": 249748,
                "wall-time": 1.12,
                "size-file": 1036304,
                "size-text": 518046,
                "size-data": 3280,
                "size-bss": 696,
                "size-total": 522022
            },
            "SPASS": {
                "instructions": 16524198581,
                "instructions:u": 15345680516,
                "cycles": 12673742669,
                "task-clock": 3523.190000000001,
                "branches": 3180200665,
                "branch-misses": 67272276,
                "max-rss": 3206536,
                "wall-time": 3.6500000000000004,
                "size-file": 1921272,
                "size-text": 903847,
                "size-data": 920,
                "size-bss": 358776,
                "size-total": 1263543
            },
            "7zip": {
                "instructions": 78735618742,
                "instructions:u": 72829805014,
                "cycles": 63784823350,
                "task-clock": 17734.19000000001,
                "branches": 15403168176,
                "branch-misses": 357913650,
                "max-rss": 14192196,
                "wall-time": 18.13000000000001,
                "size-file": 5963848,
                "size-text": 1350048,
                "size-data": 7816,
                "size-bss": 29440,
                "size-total": 1387304
            },
            "consumer-typeset": {
                "instructions": 14184813166,
                "instructions:u": 13034255039,
                "cycles": 9959697629,
                "task-clock": 2769.5400000000004,
                "branches": 2725040424,
                "branch-misses": 47999501,
                "max-rss": 3254268,
                "wall-time": 2.8599999999999994,
                "size-file": 1566352,
                "size-text": 1007113,
                "size-data": 7512,
                "size-bss": 65264,
                "size-total": 1079889
            },
            "geomean": {
                "instructions": 19923586221.257545,
                "instructions:u": 18608849550.5278,
                "cycles": 15009848795.509827,
                "task-clock": 4172.981694564006,
                "branches": 3821780476.294054,
                "branch-misses": 77968367.45108539,
                "max-rss": 2452935.0871837744,
                "wall-time": 4.265798649159098,
                "size-file": 2569367.7619695,
                "size-text": 925357.159086318,
                "size-data": 11893.979865354977,
                "size-bss": 45827.324643270484,
                "size-total": 1848193.4991506364
            }
        },
        "LegacyPM-O0-g": {
            "lencod": {
                "instructions": 15040355737,
                "instructions:u": 13776241424,
                "cycles": 10630079540,
                "task-clock": 2955.879999999999,
                "branches": 2874105042,
                "branch-misses": 51888399,
                "max-rss": 3467592,
                "wall-time": 3.0700000000000003,
                "size-file": 2025456,
                "size-text": 900362,
                "size-data": 16632,
                "size-bss": 109408,
                "size-total": 1026402
            },
            "Bullet": {
                "instructions": 69496254310,
                "instructions:u": 66057984875,
                "cycles": 52252557229,
                "task-clock": 14526.970000000003,
                "branches": 13338559271,
                "branch-misses": 278379852,
                "max-rss": 8417392,
                "wall-time": 14.789999999999997,
                "size-file": 5657496,
                "size-text": 1189287,
                "size-data": 747920,
                "size-bss": 45552,
                "size-total": 1982759
            },
            "mafft": {
                "instructions": 7786404607,
                "instructions:u": 7157094934,
                "cycles": 5484086433,
                "task-clock": 1525.0899999999997,
                "branches": 1499033071,
                "branch-misses": 26964140,