{
    "config": 0,
    "clang_size": [],
    "data": {
        "ReleaseThinLTO": {
            "kimwitu++": {
                "task-clock": 42683.15014200001,
                "context-switches": 2065,
                "cpu-migrations": 104,
                "page-faults": 148757,
                "cycles": 127406270111,
                "instructions": 93736485421,
                "branches": 20361898711,
                "branch-misses": 583608632,
                "max-rss": 1208820,
                "wall-time": 39.17
            },
            "sqlite3": {
                "task-clock": 57734.812600000005,
                "context-switches": 2788,
                "cpu-migrations": 143,
                "page-faults": 61956,
                "cycles": 172563669469,
                "instructions": 141695656525,
                "branches": 30502444940,
                "branch-misses": 812350750,
                "max-rss": 317144,
                "wall-time": 71
            },
            "consumer-typeset": {
                "task-clock": 37897.064882,
                "context-switches": 2520,
                "cpu-migrations": 110,
                "page-faults": 188260,
                "cycles": 113340984452,
                "instructions": 92613866618,
                "branches": 19755716454,
                "branch-misses": 565103262,
                "max-rss": 2829368,
                "wall-time": 34.669999999999995
            },
            "Bullet": {
                "task-clock": 63373.67853700004,
                "context-switches": 5432,
                "cpu-migrations": 248,
                "page-faults": 497480,
                "cycles": 188867008460,
                "instructions": 139735972354,
                "branches": 29578412378,
                "branch-misses": 785413020,
                "max-rss": 7198752,
                "wall-time": 85.13000000000002
            },
            "tramp3d-v4": {
                "task-clock": 113471.74723100002,
                "context-switches": 3330,
                "cpu-migrations": 172,
                "page-faults": 128327,
                "cycles": 338775167493,
                "instructions": 289923832457,
                "branches": 63360848075,
                "branch-misses": 1362672467,
                "max-rss": 483860,
                "wall-time": 132.1
            },
            "mafft": {
                "task-clock": 22102.127795,
                "context-switches": 767,
                "cpu-migrations": 1,
                "page-faults": 111004,
                "cycles": 65983017053,
                "instructions": 58007817234,
                "branches": 12328246050,
                "branch-misses": 298585342,
                "max-rss": 1552868,
                "wall-time": 17.619999999999997
            },
            "ClamAV": {
                "task-clock": 52764.03639999999,
                "context-switches": 4131,
                "cpu-migrations": 220,
                "page-faults": 301432,
                "cycles": 157580280161,
                "instructions": 129058267190,
                "branches": 27573757242,
                "branch-misses": 814644689,
                "max-rss": 5217776,
                "wall-time": 55.839999999999975
            },
            "lencod": {
                "task-clock": 70096.279219,
                "context-switches": 4360,
                "cpu-migrations": 242,
                "page-faults": 231005,
                "cycles": 209370422455,
                "instructions": 194225197223,
                "branches": 40739783055,
                "branch-misses": 807512072,
                "max-rss": 3126872,
                "wall-time": 61.69
            },
            "SPASS": {
                "task-clock": 49868.285599999996,
                "context-switches": 3852,
                "cpu-migrations": 103,
                "page-faults": 175409,
                "cycles": 148766428416,
                "instructions": 117031663423,
                "branches": 25218372590,
                "branch-misses": 760022717,
                "max-rss": 2825916,
                "wall-time": 43.629999999999995
            },
            "7zip": {
                "task-clock": 148325.942788,
                "context-switches": 12731,
                "cpu-migrations": 341,
                "page-faults": 810556,
                "cycles": 442830695903,
                "instructions": 330458179474,
                "branches": 70772501456,
                "branch-misses": 2149060729,
                "max-rss": 12371948,
                "wall-time": 134
            },
            "geomean": {
                "task-clock": 57658.12398388942,
                "context-switches": 3349.5797363316747,
                "cpu-migrations": 102.69686448180737,
                "page-faults": 203488.4091588645,
                "cycles": 172154620795.31714,
                "instructions": 139557479330.6905,
                "branches": 29885732896.13119,
                "branch-misses": 787724527.4927502,
                "max-rss": 2251444.219599418,
                "wall-time": 57.348324081747755
            }
        },
        "ReleaseLTO-g": {
            "kimwitu++": {
                "task-clock": 46200.163713,
                "context-switches": 878,
                "cpu-migrations": 1,
                "page-faults": 205851,
                "cycles": 137966126334,
                "instructions": 97297606645,
                "branches": 21036658137,
                "branch-misses": 602298010,
                "max-rss": 1441568,
                "wall-time": 46.77
            },
            "sqlite3": {
                "task-clock": 62964.1804,
                "context-switches": 519,
                "cpu-migrations": 3,
                "page-faults": 110123,
                "cycles": 188133867262,
                "instructions": 151131527110,
                "branches": 32329532422,
                "branch-misses": 848331049,
                "max-rss": 505348,
                "wall-time": 63.14
            },
            "consumer-typeset": {
                "task-clock": 39514.64750800002,
                "context-switches": 989,
                "cpu-migrations": 1,
                "page-faults": 216672,
                "cycles": 118030437210,
                "instructions": 95245938318,
                "branches": 20202146242,
                "branch-misses": 546340511,
                "max-rss": 2971708,
                "wall-time": 41.39000000000001
            },
            "Bullet": {
                "task-clock": 70657.218688,
                "context-switches": 2226,
                "cpu-migrations": 1,
                "page-faults": 562366,
                "cycles": 210902694208,
                "instructions": 157192233838,
                "branches": 33171223737,
                "branch-misses": 859908489,
                "max-rss": 7525036,
                "wall-time": 75.06
            },
            "tramp3d-v4": {
                "task-clock": 114263.43917299999,
                "context-switches": 1396,
                "cpu-migrations": 1,
                "page-faults": 298680,
                "cycles": 341378870975,
                "instructions": 270110812996,
                "branches": 58427360958,
                "branch-misses": 1307652473,
                "max-rss": 1192376,
                "wall-time": 114.45
            },
            "mafft": {
                "task-clock": 22825.728852,
                "context-switches": 598,
                "cpu-migrations": 1,
                "page-faults": 126401,
                "cycles": 68115095454,
                "instructions": 68371305023,
                "branches": 14459114184,
                "branch-misses": 338598810,
                "max-rss": 1641828,
                "wall-time": 23.809999999999995
            },
            "ClamAV": {
                "task-clock": 60403.80685,