{
    "config": 0,
    "clang_size": {
        "size-text": 68502565,
        "size-data": 2842408,
        "size-bss": 290408,
        "size-total": 71635381
    },
    "data": {
        "ReleaseThinLTO": {
            "kimwitu++": {
                "task-clock": 31543.194638999998,
                "context-switches": 1643,
                "cpu-migrations": 40,
                "page-faults": 144580,
                "cycles": 105461137992,
                "instructions": 91163549030,
                "branches": 19790439898,
                "branch-misses": 506614634,
                "max-rss": 1171408,
                "wall-time": 28.41,
                "size-text": 786980,
                "size-data": 25960,
                "size-bss": 12560,
                "size-total": 825500
            },
            "sqlite3": {
                "task-clock": 46254.282957,
                "context-switches": 2115,
                "cpu-migrations": 88,
                "page-faults": 59819,
                "cycles": 155511425425,
                "instructions": 143529942469,
                "branches": 30862642629,
                "branch-misses": 764029321,
                "max-rss": 308704,
                "wall-time": 56.36,
                "size-text": 780826,
                "size-data": 3095,
                "size-bss": 624,
                "size-total": 784545
            },
            "consumer-typeset": {
                "task-clock": 29369.603220999998,
                "context-switches": 2060,
                "cpu-migrations": 90,
                "page-faults": 182888,
                "cycles": 98778798163,
                "instructions": 92804198651,
                "branches": 19765184742,
                "branch-misses": 524077460,
                "max-rss": 2740652,
                "wall-time": 27.23,
                "size-text": 667954,
                "size-data": 3768,
                "size-bss": 65200,
                "size-total": 736922
            },
            "Bullet": {
                "task-clock": 47177.53870799999,
                "context-switches": 4393,
                "cpu-migrations": 202,
                "page-faults": 483953,
                "cycles": 157545575612,
                "instructions": 139175453715,
                "branches": 29456868372,
                "branch-misses": 698509389,
                "max-rss": 6974640,
                "wall-time": 65.77999999999997,
                "size-text": 394152,
                "size-data": 403696,
                "size-bss": 43328,
                "size-total": 841176
            },
            "tramp3d-v4": {
                "task-clock": 90286.656536,
                "context-switches": 2383,
                "cpu-migrations": 119,
                "page-faults": 122802,
                "cycles": 301479908414,
                "instructions": 294036121135,
                "branches": 64247090851,
                "branch-misses": 1264158084,
                "max-rss": 479132,
                "wall-time": 105.72,
                "size-text": 885402,
                "size-data": 1800,
                "size-bss": 1848,
                "size-total": 889050
            },
            "mafft": {
                "task-clock": 17685.689799999996,
                "context-switches": 680,
                "cpu-migrations": 2,
                "page-faults": 107126,
                "cycles": 59488214634,
                "instructions": 59537776757,
                "branches": 12633168133,
                "branch-misses": 286516032,
                "max-rss": 1501544,
                "wall-time": 14.24,
                "size-text": 275689,
                "size-data": 3052,
                "size-bss": 14911040,
                "size-total": 15189781
            },
            "ClamAV": {
                "task-clock": 41096.50480199998,
                "context-switches": 3282,
                "cpu-migrations": 136,
                "page-faults": 293168,
                "cycles": 137976803861,
                "instructions": 129659512410,
                "branches": 27659105702,
                "branch-misses": 759440049,
                "max-rss": 5051076,
                "wall-time": 44.54000000000001,
                "size-text": 773613,
                "size-data": 52872,
                "size-bss": 4752,
                "size-total": 831237
            },
            "lencod": {
                "task-clock": 57126.600384,
                "context-switches": 3734,
                "cpu-migrations": 198,
                "page-faults": 223261,
                "cycles": 191675821949,
                "instructions": 200977808272,
                "branches": 42075014732,
                "branch-misses": 768504846,
                "max-rss": 3020576,
                "wall-time": 50.309999999999995,
                "size-text": 957979,
                "size-data": 2144,
                "size-bss": 106176,
                "size-total": 1066299
            },
            "SPASS": {
                "task-clock": 37652.472296,
                "context-switches": 3313,
                "cpu-migrations": 86,
                "page-faults": 170537,
                "cycles": 126306559199,
                "instructions": 115649100054,
                "branches": 24918133406,
                "branch-misses": 691639808,
                "max-rss": 2735440,
                "wall-time": 33.38,
                "size-text": 608440,
                "size-data": 872,
                "size-bss": 346536,
                "size-total": 955848
            },
            "7zip": {
                "task-clock": 110893.22468399999,
                "context-switches": 10472,
                "cpu-migrations": 279,
                "page-faults": 793113,
                "cycles": 370889025279,
                "instructions": 327541273493,
                "branches": 70085807438,
                "branch-misses": 1933491857,
                "max-rss": 12005448,
                "wall-time": 101.32000000000001,
                "size-text": 1433841,
                "size-data": 4160,
                "size-bss": 29280,
                "size-total": 1467281
            },
            "geomean": {
                "task-clock": 44671.22209931135,
                "context-switches": 2713.7968083203577,
                "cpu-migrations": 79.3052658383024,
                "page-faults": 197247.68791290163,
                "cycles": 149749620898.80292,
                "instructions": 140134416159.8873,
                "branches": 29980231025.667904,
                "branch-misses": 724881178.6074505,
                "max-rss": 2185998.5055899406,
                "wall-time": 44.82122186379499,
                "size-text": 692960.8016962184,
                "size-data": 6984.009238215472,
                "size-bss": 35437.433332268796,
                "size-total": 1210215.4774662808
            }
        },
        "O3": {
            "kimwitu++": {
                "task-clock": 24188.899681999992,
                "context-switches": 823,
                "cpu-migrations": 1,
                "page-faults": 139840,
                "cycles": 81487862064,
                "instructions": 65948491232,
                "branches": 14256561118,
                "branch-misses": 410194034,
                "max-rss": 1204364,
                "wall-time": 24.810000000000006,
                "size-text": 805309,
                "size-data": 31168,
                "size-bss": 12592,
                "size-total": 849069
            },
            "sqlite3": {
                "task-clock": 32541.634802,
                "context-switches": 248,
                "cpu-migrations": 2,
                "page-faults": 39406,
                "cycles": 108569567684,
                "instructions": 95824119725,
                "branches": 20466678129,
                "branch-misses": 560604287,
                "max-rss": 250916,
                "wall-time": 32.68,