{
    "config": 0,
    "clang_size": [],
    "data": {
        "ReleaseThinLTO": {
            "kimwitu++": {
                "task-clock": 42357.76732299999,
                "context-switches": 2011,
                "cpu-migrations": 62,
                "page-faults": 148439,
                "cycles": 128269067462,
                "instructions": 93920790597,
                "branches": 20403218025,
                "branch-misses": 580203272,
                "max-rss": 1211060,
                "wall-time": 38.769999999999996
            },
            "sqlite3": {
                "task-clock": 58530.865034999995,
                "context-switches": 2982,
                "cpu-migrations": 102,
                "page-faults": 61550,
                "cycles": 177249228252,
                "instructions": 142350035641,
                "branches": 30651970422,
                "branch-misses": 818680666,
                "max-rss": 315508,
                "wall-time": 71.05
            },
            "consumer-typeset": {
                "task-clock": 37641.62659700001,
                "context-switches": 2501,
                "cpu-migrations": 111,
                "page-faults": 186473,
                "cycles": 113998513004,
                "instructions": 92855908027,
                "branches": 19810398690,
                "branch-misses": 567016182,
                "max-rss": 2833804,
                "wall-time": 34.43
            },
            "Bullet": {
                "task-clock": 62346.63601599999,
                "context-switches": 5439,
                "cpu-migrations": 242,
                "page-faults": 497128,
                "cycles": 188743444955,
                "instructions": 139871865137,
                "branches": 29609563551,
                "branch-misses": 786587504,
                "max-rss": 7198816,
                "wall-time": 84.17
            },
            "tramp3d-v4": {
                "task-clock": 113299.90445599999,
                "context-switches": 3340,
                "cpu-migrations": 156,
                "page-faults": 128449,
                "cycles": 343670855522,
                "instructions": 291235504055,
                "branches": 63656629452,
                "branch-misses": 1369258539,
                "max-rss": 484504,
                "wall-time": 131.69
            },
            "mafft": {
                "task-clock": 21872.285580999996,
                "context-switches": 672,
                "cpu-migrations": 3,
                "page-faults": 111429,
                "cycles": 66280743139,
                "instructions": 58276935037,
                "branches": 12388455002,
                "branch-misses": 299353941,
                "max-rss": 1549200,
                "wall-time": 17.39
            },
            "ClamAV": {
                "task-clock": 52335.10362100002,
                "context-switches": 4298,
                "cpu-migrations": 208,
                "page-faults": 301136,
                "cycles": 158583648766,
                "instructions": 129410848826,
                "branches": 27651180560,
                "branch-misses": 816539924,
                "max-rss": 5218580,
                "wall-time": 56.13
            },
            "lencod": {
                "task-clock": 69552.276888,
                "context-switches": 4441,
                "cpu-migrations": 323,
                "page-faults": 228181,
                "cycles": 210640532521,
                "instructions": 194333897659,
                "branches": 40764800506,
                "branch-misses": 809148401,
                "max-rss": 3118644,
                "wall-time": 61.31
            },
            "SPASS": {
                "task-clock": 49344.453842999996,
                "context-switches": 4000,
                "cpu-migrations": 107,
                "page-faults": 175635,
                "cycles": 149228635529,
                "instructions": 117487351443,
                "branches": 25323974002,
                "branch-misses": 759504918,
                "max-rss": 2823148,
                "wall-time": 43.120000000000005
            },
            "7zip": {
                "task-clock": 146364.026828,
                "context-switches": 12472,
                "cpu-migrations": 320,
                "page-faults": 811431,
                "cycles": 443094601996,
                "instructions": 330599180303,
                "branches": 70800071028,
                "branch-misses": 2143036341,
                "max-rss": 12375192,
                "wall-time": 132.06
            },
            "geomean": {
                "task-clock": 57262.46321931303,
                "context-switches": 3343.0367267424085,
                "cpu-migrations": 106.22275649737848,
                "page-faults": 202978.2032071352,
                "cycles": 173426572275.99353,
                "instructions": 139933352205.38,
                "branches": 29970277412.26099,
                "branch-misses": 788909775.0106367,
                "max-rss": 2250098.6093076365,
                "wall-time": 56.94010997678462
            }
        },
        "ReleaseLTO-g": {
            "kimwitu++": {
                "task-clock": 45560.139383999995,
                "context-switches": 948,
                "cpu-migrations": 1,
                "page-faults": 206048,
                "cycles": 138368208266,
                "instructions": 97371837603,
                "branches": 21062973533,
                "branch-misses": 598921839,
                "max-rss": 1438044,
                "wall-time": 46.16000000000001
            },
            "sqlite3": {
                "task-clock": 63447.521034000005,
                "context-switches": 569,
                "cpu-migrations": 1,
                "page-faults": 110039,
                "cycles": 192268490226,
                "instructions": 151766970441,
                "branches": 32473115077,
                "branch-misses": 848193697,
                "max-rss": 503632,
                "wall-time": 63.61
            },
            "consumer-typeset": {
                "task-clock": 39145.289482,
                "context-switches": 893,
                "cpu-migrations": 1,
                "page-faults": 216482,
                "cycles": 118976848144,
                "instructions": 95521383935,
                "branches": 20261938021,
                "branch-misses": 544439217,
                "max-rss": 2964268,
                "wall-time": 41.099999999999994
            },
            "Bullet": {
                "task-clock": 69332.22226200004,
                "context-switches": 3258,
                "cpu-migrations": 1,
                "page-faults": 562115,
                "cycles": 210323556157,
                "instructions": 157287297755,
                "branches": 33198639036,
                "branch-misses": 857282966,
                "max-rss": 7531012,
                "wall-time": 73.72
            },
            "tramp3d-v4": {
                "task-clock": 115510.29465299999,
                "context-switches": 869,
                "cpu-migrations": 1,
                "page-faults": 298805,
                "cycles": 350150023066,
                "instructions": 270987249689,
                "branches": 58648674045,
                "branch-misses": 1314899068,
                "max-rss": 1191352,
                "wall-time": 115.68
            },
            "mafft": {
                "task-clock": 22715.507447,
                "context-switches": 607,
                "cpu-migrations": 0,
                "page-faults": 126471,
                "cycles": 68913024466,
                "instructions": 68599661536,
                "branches": 14510534378,
                "branch-misses": 341324157,
                "max-rss": 1639224,
                "wall-time": 23.7
            },
            "ClamAV": {
                "task-clock": 60110.03004800001,