{
    "config": 0,
    "clang_size": {
        "size-text": 66503673,
        "size-data": 2765392,
        "size-bss": 252592,
        "size-total": 69521657
    },
    "data": {
        "ReleaseThinLTO": {
            "kimwitu++": {
                "task-clock": 31699.971094000004,
                "context-switches": 1801,
                "cpu-migrations": 64,
                "page-faults": 158276,
                "cycles": 106661495026,
                "instructions": 91164609568,
                "branches": 19700507188,
                "branch-misses": 500949345,
                "max-rss": 1139552,
                "wall-time": 29.159999999999997,
                "size-text": 789412,
                "size-data": 25960,
                "size-bss": 12560,
                "size-total": 827932
            },
            "sqlite3": {
                "task-clock": 47482.274296,
                "context-switches": 2120,
                "cpu-migrations": 117,
                "page-faults": 62974,
                "cycles": 159873289050,
                "instructions": 143556425959,
                "branches": 30998692286,
                "branch-misses": 781650690,
                "max-rss": 308404,
                "wall-time": 57.62,
                "size-text": 811258,
                "size-data": 3095,
                "size-bss": 624,
                "size-total": 814977
            },
            "consumer-typeset": {
                "task-clock": 29775.491534000004,
                "context-switches": 2388,
                "cpu-migrations": 134,
                "page-faults": 242549,
                "cycles": 100228796827,
                "instructions": 92639163532,
                "branches": 19732108184,
                "branch-misses": 533237885,
                "max-rss": 2662276,
                "wall-time": 27.850000000000005,
                "size-text": 686914,
                "size-data": 3768,
                "size-bss": 65200,
                "size-total": 755882
            },
            "Bullet": {
                "task-clock": 47547.52895000001,
                "context-switches": 4593,
                "cpu-migrations": 246,
                "page-faults": 625455,
                "cycles": 159729401826,
                "instructions": 139045150020,
                "branches": 29339948660,
                "branch-misses": 698914213,
                "max-rss": 6758500,
                "wall-time": 66.17999999999999,
                "size-text": 395620,
                "size-data": 403696,
                "size-bss": 43328,
                "size-total": 842644
            },
            "tramp3d-v4": {
                "task-clock": 91066.97994399999,
                "context-switches": 2395,
                "cpu-migrations": 187,
                "page-faults": 126050,
                "cycles": 306541033869,
                "instructions": 293381604098,
                "branches": 64326682108,
                "branch-misses": 1274166344,
                "max-rss": 480076,
                "wall-time": 106.64999999999999,
                "size-text": 906442,
                "size-data": 1800,
                "size-bss": 1848,
                "size-total": 910090
            },
            "mafft": {
                "task-clock": 17648.488021999998,
                "context-switches": 747,
                "cpu-migrations": 29,
                "page-faults": 138637,
                "cycles": 59397520397,
                "instructions": 58815020782,
                "branches": 12513737229,
                "branch-misses": 289919558,
                "max-rss": 1465520,
                "wall-time": 14.320000000000004,
                "size-text": 279105,
                "size-data": 3052,
                "size-bss": 14911040,
                "size-total": 15193197
            },
            "ClamAV": {
                "task-clock": 41754.69557100003,
                "context-switches": 3488,
                "cpu-migrations": 181,
                "page-faults": 407217,
                "cycles": 140409321746,
                "instructions": 129628062883,
                "branches": 27714864424,
                "branch-misses": 772365704,
                "max-rss": 4906308,
                "wall-time": 44.839999999999996,
                "size-text": 793525,
                "size-data": 52872,
                "size-bss": 4752,
                "size-total": 851149
            },
            "lencod": {
                "task-clock": 56138.870521000004,
                "context-switches": 3697,
                "cpu-migrations": 314,
                "page-faults": 281446,
                "cycles": 188986551121,
                "instructions": 195975155069,
                "branches": 41330734915,
                "branch-misses": 768179969,
                "max-rss": 2929224,
                "wall-time": 49.129999999999995,
                "size-text": 965227,
                "size-data": 2144,
                "size-bss": 106176,
                "size-total": 1073547
            },
            "SPASS": {
                "task-clock": 37727.669318,
                "context-switches": 3632,
                "cpu-migrations": 136,
                "page-faults": 230530,
                "cycles": 126752101177,
                "instructions": 114905622333,
                "branches": 24744673956,
                "branch-misses": 696390755,
                "max-rss": 2661284,
                "wall-time": 33.519999999999996,
                "size-text": 617600,
                "size-data": 872,
                "size-bss": 346536,
                "size-total": 965008
            },
            "7zip": {
                "task-clock": 113077.16301799996,
                "context-switches": 11735,
                "cpu-migrations": 439,
                "page-faults": 1041673,
                "cycles": 379994382105,
                "instructions": 329983398673,
                "branches": 70579389402,
                "branch-misses": 1966944332,
                "max-rss": 11634896,
                "wall-time": 103.27000000000001,
                "size-text": 1465769,
                "size-data": 4160,
                "size-bss": 29280,
                "size-total": 1499209
            },
            "geomean": {
                "task-clock": 45026.16496582436,
                "context-switches": 2893.784140746225,
                "cpu-migrations": 146.4622493578299,
                "page-faults": 243314.15458466523,
                "cycles": 151459914602.61835,
                "instructions": 139554997590.23917,
                "branches": 29890813299.0554,
                "branch-misses": 731406148.1657832,
                "max-rss": 2136299.018945499,
                "wall-time": 45.25960057203946,
                "size-text": 705458.361789031,
                "size-data": 6984.009238215472,
                "size-bss": 35437.433332268796,
                "size-total": 1228907.3505394042
            }
        },
        "O3": {
            "kimwitu++": {
                "task-clock": 24359.34223,
                "context-switches": 925,
                "cpu-migrations": 15,
                "page-faults": 155694,
                "cycles": 81980647864,
                "instructions": 65175137313,
                "branches": 14014003893,
                "branch-misses": 398952253,
                "max-rss": 1175520,
                "wall-time": 25.019999999999996,
                "size-text": 807977,
                "size-data": 31168,
                "size-bss": 12592,
                "size-total": 851737
            },
            "sqlite3": {
                "task-clock": 32838.893966,
                "context-switches": 187,
                "cpu-migrations": 2,
                "page-faults": 42249,
                "cycles": 110662576171,
                "instructions": 94960424807,
                "branches": 20353834640,
                "branch-misses": 561935829,