{
    "config": 2,
    "clang_size": {
        "size-text": 90009933,
        "size-data": 4087992,
        "size-bss": 376657,
        "size-total": 94474582
    },
    "data": {
        "NewPM-O0-g": {
            "lencod": {
                "instructions": 14734740748,
                "instructions:u": 13457450967,
                "cycles": 10590714275,
                "task-clock": 2944.520000000001,
                "branches": 2799615774,
                "branch-misses": 52258059,
                "max-rss": 3546036,
                "wall-time": 3.0599999999999996,
                "size-file": 2025456,
                "size-text": 900362,
                "size-data": 16632,
                "size-bss": 109408,
                "size-total": 1026402
            },
            "Bullet": {
                "instructions": 66931428113,
                "instructions:u": 63452715097,
                "cycles": 51055133527,
                "task-clock": 14193.469999999994,
                "branches": 12725672168,
                "branch-misses": 282341996,
                "max-rss": 8595960,
                "wall-time": 14.610000000000001,
                "size-file": 5653032,
                "size-text": 1184007,
                "size-data": 747920,
                "size-bss": 45552,
                "size-total": 1977479
            },
            "mafft": {
                "instructions": 7614444237,
                "instructions:u": 6978923136,
                "cycles": 5443672247,
                "task-clock": 1513.5,
                "branches": 1456006296,
                "branch-misses": 27169451,
                "max-rss": 1756272,
                "wall-time": 1.5600000000000003,
                "size-file": 846104,
                "size-text": 434313,
                "size-data": 8941,
                "size-bss": 132727168,
                "size-total": 133170422
            },
            "tramp3d-v4": {
                "instructions": 23599954438,
                "instructions:u": 22944468874,
                "cycles": 19504812313,
                "task-clock": 5422.07,
                "branches": 4429493599,
                "branch-misses": 105537470,
                "max-rss": 526200,
                "wall-time": 5.430000000000001,
                "size-file": 9778416,
                "size-text": 1348217,
                "size-data": 1464,
                "size-bss": 2136,
                "size-total": 1351817
            },
            "ClamAV": {
                "instructions": 16519170693,
                "instructions:u": 14404649834,
                "cycles": 12892778244,
                "task-clock": 3585.6800000000003,
                "branches": 3160481042,
                "branch-misses": 67549178,
                "max-rss": 6053168,
                "wall-time": 3.6599999999999975,
                "size-file": 1640920,
                "size-text": 862049,
                "size-data": 62788,
                "size-bss": 4768,
                "size-total": 929605
            },
            "kimwitu++": {
                "instructions": 27059580847,
                "instructions:u": 26226911132,
                "cycles": 22648122807,
                "task-clock": 6295.540000000001,
                "branches": 5183655853,
                "branch-misses": 134767546,
                "max-rss": 1382232,
                "wall-time": 6.33,
                "size-file": 4333504,
                "size-text": 1337590,
                "size-data": 31280,
                "size-bss": 12640,
                "size-total": 1381510
            },
            "sqlite3": {
                "instructions": 5470345296,
                "instructions:u": 5323777273,
                "cycles": 3937428302,
                "task-clock": 1094.5800000000002,
                "branches": 1028742931,
                "branch-misses": 21403610,
                "max-rss": 253480,
                "wall-time": 1.1,
                "size-file": 1036304,
                "size-text": 518046,
                "size-data": 3280,
                "size-bss": 696,
                "size-total": 522022
            },
            "SPASS": {
                "instructions": 16129019794,
                "instructions:u": 14938530527,
                "cycles": 12652306986,
                "task-clock": 3518.0000000000005,
                "branches": 3088159102,
                "branch-misses": 69159978,
                "max-rss": 3256820,
                "wall-time": 3.650000000000001,
                "size-file": 1921272,
                "size-text": 903847,
                "size-data": 920,
                "size-bss": 358776,
                "size-total": 1263543
            },
            "7zip": {
                "instructions": 76902539061,
                "instructions:u": 70895946661,
                "cycles": 63515118821,
                "task-clock": 17658.85,
                "branches": 14918934169,
                "branch-misses": 365674383,
                "max-rss": 14438960,
                "wall-time": 18.090000000000007,
                "size-file": 5954632,
                "size-text": 1341200,
                "size-data": 7816,
                "size-bss": 29440,
                "size-total": 1378456
            },
            "consumer-typeset": {
                "instructions": 13942805166,
                "instructions:u": 12781807260,
                "cycles": 9942383418,
                "task-clock": 2764.5699999999997,
                "branches": 2665074478,
                "branch-misses": 48341123,
                "max-rss": 3311324,
                "wall-time": 2.8499999999999988,
                "size-file": 1566352,
                "size-text": 1007113,
                "size-data": 7512,
                "size-bss": 65264,
                "size-total": 1079889
            },
            "geomean": {
                "instructions": 19385387312.21372,
                "instructions:u": 18075364828.644512,
                "cycles": 14866636195.212812,
                "task-clock": 4133.318298062952,
                "branches": 3695846729.901274,
                "branch-misses": 79494573.45650741,
                "max-rss": 2493801.525682322,
                "wall-time": 4.225858824228821,
                "size-file": 2568764.8186137695,
                "size-text": 924320.1087943958,
                "size-data": 11893.979865354977,
                "size-bss": 45827.324643270484,
                "size-total": 1846485.2343311284
            }
        },
        "LegacyPM-O0-g": {
            "lencod": {
                "instructions": 14765572929,
                "instructions:u": 13489943097,
                "cycles": 10581845399,
                "task-clock": 2941.9500000000003,
                "branches": 2807556089,
                "branch-misses": 52494608,
                "max-rss": 3530688,
                "wall-time": 3.0700000000000003,
                "size-file": 2025456,
                "size-text": 900362,
                "size-data": 16632,
                "size-bss": 109408,
                "size-total": 1026402
            },
            "Bullet": {
                "instructions": 67161969403,
                "instructions:u": 63690477356,
                "cycles": 51183223440,
                "task-clock": 14229.749999999998,
                "branches": 12776330964,
                "branch-misses": 283315913,
                "max-rss": 8562264,
                "wall-time": 14.440000000000001,
                "size-file": 5653032,
                "size-text": 1184007,
                "size-data": 747920,
                "size-bss": 45552,
                "size-total": 1977479
            },
            "mafft": {
                "instructions": 7635286733,
                "instructions:u": 6999825885,
                "cycles": 5443914298,
                "task-clock": 1513.6200000000001,
                "branches": 1461314789,