{
    "config": 0,
    "clang_size": [],
    "data": {
        "ReleaseThinLTO": {
            "kimwitu++": {
                "task-clock": 40429.11743500001,
                "context-switches": 2315,
                "cpu-migrations": 78,
                "page-faults": 148466,
                "cycles": 127545887646,
                "instructions": 93908349555,
                "branches": 20389141879,
                "branch-misses": 579184507,
                "max-rss": 1206816,
                "wall-time": 37.25999999999999
            },
            "sqlite3": {
                "task-clock": 55053.045718,
                "context-switches": 2537,
                "cpu-migrations": 87,
                "page-faults": 62009,
                "cycles": 172943576388,
                "instructions": 142591128392,
                "branches": 30653562878,
                "branch-misses": 812462107,
                "max-rss": 317344,
                "wall-time": 66.1
            },
            "consumer-typeset": {
                "task-clock": 35800.838596,
                "context-switches": 2411,
                "cpu-migrations": 111,
                "page-faults": 187768,
                "cycles": 114084053984,
                "instructions": 92995574022,
                "branches": 19807753149,
                "branch-misses": 567390649,
                "max-rss": 2826544,
                "wall-time": 33.28999999999999
            },
            "Bullet": {
                "task-clock": 57674.14805400002,
                "context-switches": 4920,
                "cpu-migrations": 207,
                "page-faults": 497310,
                "cycles": 188280034563,
                "instructions": 139757481296,
                "branches": 29563327011,
                "branch-misses": 783293137,
                "max-rss": 7188264,
                "wall-time": 77.45
            },
            "tramp3d-v4": {
                "task-clock": 108433.22144200001,
                "context-switches": 2942,
                "cpu-migrations": 163,
                "page-faults": 127452,
                "cycles": 338226740371,
                "instructions": 291351031244,
                "branches": 63598133179,
                "branch-misses": 1363089563,
                "max-rss": 486732,
                "wall-time": 126.35
            },
            "mafft": {
                "task-clock": 21153.076352999997,
                "context-switches": 677,
                "cpu-migrations": 0,
                "page-faults": 110440,
                "cycles": 66092346227,
                "instructions": 58264168574,
                "branches": 12366440579,
                "branch-misses": 299202884,
                "max-rss": 1544304,
                "wall-time": 16.810000000000002
            },
            "ClamAV": {
                "task-clock": 50965.06228500003,
                "context-switches": 4154,
                "cpu-migrations": 219,
                "page-faults": 300765,
                "cycles": 157406458143,
                "instructions": 129707292166,
                "branches": 27640855609,
                "branch-misses": 815879729,
                "max-rss": 5210136,
                "wall-time": 54.94999999999996
            },
            "lencod": {
                "task-clock": 67810.707439,
                "context-switches": 4286,
                "cpu-migrations": 237,
                "page-faults": 228340,
                "cycles": 209298076142,
                "instructions": 194623013875,
                "branches": 40729608111,
                "branch-misses": 811711326,
                "max-rss": 3113928,
                "wall-time": 58.88
            },
            "SPASS": {
                "task-clock": 47967.603267000006,
                "context-switches": 3728,
                "cpu-migrations": 92,
                "page-faults": 175189,
                "cycles": 148517856709,
                "instructions": 117544950976,
                "branches": 25297926212,
                "branch-misses": 757856463,
                "max-rss": 2819292,
                "wall-time": 41.900000000000006
            },
            "7zip": {
                "task-clock": 136552.71555300002,
                "context-switches": 11946,
                "cpu-migrations": 331,
                "page-faults": 808565,
                "cycles": 442883507694,
                "instructions": 331066872877,
                "branches": 70776262414,
                "branch-misses": 2150286872,
                "max-rss": 12356132,
                "wall-time": 123.21999999999998
            },
            "geomean": {
                "task-clock": 54672.6983842189,
                "context-switches": 3192.6272678334794,
                "cpu-migrations": 0,
                "page-faults": 202807.24363506332,
                "cycles": 172219180572.03836,
                "instructions": 140046753733.22894,
                "branches": 29947403716.275642,
                "branch-misses": 787776066.8039021,
                "max-rss": 2248668.3336819294,
                "wall-time": 54.35948345574625
            }
        },
        "ReleaseLTO-g": {
            "kimwitu++": {
                "task-clock": 44166.871511,
                "context-switches": 710,
                "cpu-migrations": 1,
                "page-faults": 205729,
                "cycles": 137340813990,
                "instructions": 97441819143,
                "branches": 21064950468,
                "branch-misses": 592853464,
                "max-rss": 1438724,
                "wall-time": 44.77
            },
            "sqlite3": {
                "task-clock": 59728.390128,
                "context-switches": 364,
                "cpu-migrations": 1,
                "page-faults": 110028,
                "cycles": 189238272346,
                "instructions": 151962172858,
                "branches": 32467790011,
                "branch-misses": 847790612,
                "max-rss": 503004,
                "wall-time": 59.879999999999995
            },
            "consumer-typeset": {
                "task-clock": 37554.799750000006,
                "context-switches": 976,
                "cpu-migrations": 1,
                "page-faults": 216431,
                "cycles": 118061040986,
                "instructions": 95547407011,
                "branches": 20236978346,
                "branch-misses": 545343744,
                "max-rss": 2964056,
                "wall-time": 39.330000000000005
            },
            "Bullet": {
                "task-clock": 67344.19994299997,
                "context-switches": 2800,
                "cpu-migrations": 4,
                "page-faults": 561623,
                "cycles": 209900284772,
                "instructions": 157276975657,
                "branches": 33167779628,
                "branch-misses": 858201911,
                "max-rss": 7513924,
                "wall-time": 71.64999999999996
            },
            "tramp3d-v4": {
                "task-clock": 109635.217557,
                "context-switches": 1304,
                "cpu-migrations": 1,
                "page-faults": 299020,
                "cycles": 341518737771,
                "instructions": 271012433735,
                "branches": 58572943160,
                "branch-misses": 1299708778,
                "max-rss": 1192784,
                "wall-time": 109.81
            },
            "mafft": {
                "task-clock": 21994.127885000005,
                "context-switches": 467,
                "cpu-migrations": 0,
                "page-faults": 126186,
                "cycles": 67949571369,
                "instructions": 68639155299,
                "branches": 14492391503,
                "branch-misses": 340012910,
                "max-rss": 1637448,
                "wall-time": 22.95
            },