{
    "config": 0,
    "clang_size": {
        "size-text": 65550450,
        "size-data": 2702800,
        "size-bss": 248464,
        "size-total": 68501714
    },
    "data": {
        "ReleaseThinLTO": {
            "kimwitu++": {
                "task-clock": 30720.926923,
                "context-switches": 1676,
                "cpu-migrations": 128,
                "page-faults": 157419,
                "cycles": 103469374119,
                "instructions": 89582057435,
                "branches": 19375386891,
                "branch-misses": 492035423,
                "max-rss": 1129764,
                "wall-time": 28.490000000000002,
                "size-text": 791812,
                "size-data": 25992,
                "size-bss": 12560,
                "size-total": 830364
            },
            "sqlite3": {
                "task-clock": 45673.655327,
                "context-switches": 2145,
                "cpu-migrations": 109,
                "page-faults": 63430,
                "cycles": 153785729241,
                "instructions": 140869733426,
                "branches": 30447476949,
                "branch-misses": 763213565,
                "max-rss": 306144,
                "wall-time": 55.260000000000005,
                "size-text": 811322,
                "size-data": 3095,
                "size-bss": 624,
                "size-total": 815041
            },
            "consumer-typeset": {
                "task-clock": 29067.386367999996,
                "context-switches": 2469,
                "cpu-migrations": 171,
                "page-faults": 239838,
                "cycles": 97838144162,
                "instructions": 91014364518,
                "branches": 19419590751,
                "branch-misses": 521765443,
                "max-rss": 2628012,
                "wall-time": 27.860000000000014,
                "size-text": 687618,
                "size-data": 3768,
                "size-bss": 65200,
                "size-total": 756586
            },
            "Bullet": {
                "task-clock": 46421.140814000006,
                "context-switches": 4503,
                "cpu-migrations": 229,
                "page-faults": 619405,
                "cycles": 156098414978,
                "instructions": 137332226158,
                "branches": 28977892872,
                "branch-misses": 687582621,
                "max-rss": 6676864,
                "wall-time": 65.14999999999998,
                "size-text": 400596,
                "size-data": 403704,
                "size-bss": 43328,
                "size-total": 847628
            },
            "tramp3d-v4": {
                "task-clock": 89199.392789,
                "context-switches": 2520,
                "cpu-migrations": 198,
                "page-faults": 126031,
                "cycles": 300508706958,
                "instructions": 289323904741,
                "branches": 63477517476,
                "branch-misses": 1255471411,
                "max-rss": 475764,
                "wall-time": 104.10999999999999,
                "size-text": 901866,
                "size-data": 1800,
                "size-bss": 1848,
                "size-total": 905514
            },
            "mafft": {
                "task-clock": 17336.845671,
                "context-switches": 733,
                "cpu-migrations": 28,
                "page-faults": 136420,
                "cycles": 58366033342,
                "instructions": 58177194194,
                "branches": 12374517214,
                "branch-misses": 284194987,
                "max-rss": 1443572,
                "wall-time": 14.090000000000002,
                "size-text": 280825,
                "size-data": 3052,
                "size-bss": 14911040,
                "size-total": 15194917
            },
            "ClamAV": {
                "task-clock": 40590.581998,
                "context-switches": 3552,
                "cpu-migrations": 216,
                "page-faults": 402271,
                "cycles": 136568226762,
                "instructions": 127039652048,
                "branches": 27177671739,
                "branch-misses": 753223412,
                "max-rss": 4830272,
                "wall-time": 43.83,
                "size-text": 793997,
                "size-data": 52872,
                "size-bss": 4752,
                "size-total": 851621
            },
            "lencod": {
                "task-clock": 56405.150745000006,
                "context-switches": 3812,
                "cpu-migrations": 304,
                "page-faults": 278060,
                "cycles": 189860706478,
                "instructions": 196899652683,
                "branches": 41502204617,
                "branch-misses": 760551559,
                "max-rss": 2880608,
                "wall-time": 49.16,
                "size-text": 969283,
                "size-data": 2144,
                "size-bss": 106176,
                "size-total": 1077603
            },
            "SPASS": {
                "task-clock": 37076.59362299999,
                "context-switches": 3374,
                "cpu-migrations": 119,
                "page-faults": 227557,
                "cycles": 124667446637,
                "instructions": 113624815062,
                "branches": 24493499316,
                "branch-misses": 685737456,
                "max-rss": 2633508,
                "wall-time": 32.75,
                "size-text": 625776,
                "size-data": 872,
                "size-bss": 346536,
                "size-total": 973184
            },
            "7zip": {
                "task-clock": 109811.41514299999,
                "context-switches": 11131,
                "cpu-migrations": 455,
                "page-faults": 1029073,
                "cycles": 369115058830,
                "instructions": 323468061775,
                "branches": 69204446061,
                "branch-misses": 1915891707,
                "max-rss": 11482988,
                "wall-time": 100.53999999999999,
                "size-text": 1462153,
                "size-data": 4176,
                "size-bss": 29280,
                "size-total": 1495609
            },
            "geomean": {
                "task-clock": 44015.38669747601,
                "context-switches": 2867.1696927443377,
                "cpu-migrations": 159.66793092511531,
                "page-faults": 241256.6880413924,
                "cycles": 148127310914.19785,
                "instructions": 137643182565.46964,
                "branches": 29496636866.297733,
                "branch-misses": 717537692.3143541,
                "max-rss": 2110565.665302846,
                "wall-time": 44.39495122304582,
                "size-text": 707803.6761335373,
                "size-data": 6987.56535283568,
                "size-bss": 35437.433332268796,
                "size-total": 1230785.368956444
            }
        },
        "O3": {
            "kimwitu++": {
                "task-clock": 23503.609512000003,
                "context-switches": 705,
                "cpu-migrations": 15,
                "page-faults": 154198,
                "cycles": 79172993568,
                "instructions": 64063245019,
                "branches": 13783141368,
                "branch-misses": 390631358,
                "max-rss": 1162776,
                "wall-time": 24.090000000000003,
                "size-text": 809721,
                "size-data": 31168,
                "size-bss": 12592,
                "size-total": 853481
            },
            "sqlite3": {
                "task-clock": 31996.122897,
                "context-switches": 207,
                "cpu-migrations": 4,
                "page-faults": 42376,
                "cycles": 107852230257,
                "instructions": 93266231092,
                "branches": 20006234857,
                "branch-misses": 551233584,