{
    "config": 0,
    "clang_size": [],
    "data": {
        "ReleaseThinLTO": {
            "kimwitu++": {
                "task-clock": 42646.089843,
                "context-switches": 1876,
                "cpu-migrations": 76,
                "page-faults": 147331,
                "cycles": 127506923156,
                "instructions": 93644343000,
                "branches": 20341981434,
                "branch-misses": 584659620,
                "max-rss": 1204744,
                "wall-time": 38.96999999999999
            },
            "sqlite3": {
                "task-clock": 57832.787882000004,
                "context-switches": 2810,
                "cpu-migrations": 191,
                "page-faults": 61696,
                "cycles": 172990718617,
                "instructions": 141560009456,
                "branches": 30473180303,
                "branch-misses": 816859849,
                "max-rss": 316268,
                "wall-time": 71.61
            },
            "consumer-typeset": {
                "task-clock": 37969.36415699998,
                "context-switches": 2422,
                "cpu-migrations": 106,
                "page-faults": 188860,
                "cycles": 113564228446,
                "instructions": 92587164983,
                "branches": 19750526446,
                "branch-misses": 571380651,
                "max-rss": 2825900,
                "wall-time": 34.379999999999995
            },
            "Bullet": {
                "task-clock": 63141.931800000006,
                "context-switches": 5436,
                "cpu-migrations": 252,
                "page-faults": 496560,
                "cycles": 188617995832,
                "instructions": 139742844227,
                "branches": 29581439318,
                "branch-misses": 787320489,
                "max-rss": 7192284,
                "wall-time": 84.91000000000003
            },
            "tramp3d-v4": {
                "task-clock": 112953.143526,
                "context-switches": 4026,
                "cpu-migrations": 164,
                "page-faults": 128467,
                "cycles": 337690927597,
                "instructions": 289776741320,
                "branches": 63331018228,
                "branch-misses": 1368831749,
                "max-rss": 484084,
                "wall-time": 132.26
            },
            "mafft": {
                "task-clock": 22255.392474,
                "context-switches": 806,
                "cpu-migrations": 4,
                "page-faults": 111208,
                "cycles": 66662602859,
                "instructions": 58019045654,
                "branches": 12331196973,
                "branch-misses": 301449836,
                "max-rss": 1551604,
                "wall-time": 17.799999999999997
            },
            "ClamAV": {
                "task-clock": 52721.47456000003,
                "context-switches": 4035,
                "cpu-migrations": 223,
                "page-faults": 302721,
                "cycles": 157553802222,
                "instructions": 128975623004,
                "branches": 27558132513,
                "branch-misses": 814119791,
                "max-rss": 5225964,
                "wall-time": 55.74999999999999
            },
            "lencod": {
                "task-clock": 70115.990666,
                "context-switches": 4183,
                "cpu-migrations": 278,
                "page-faults": 233243,
                "cycles": 209753927412,
                "instructions": 194220915680,
                "branches": 40739214234,
                "branch-misses": 809893018,
                "max-rss": 3125224,
                "wall-time": 61.32
            },
            "SPASS": {
                "task-clock": 49903.338379999994,
                "context-switches": 3898,
                "cpu-migrations": 96,
                "page-faults": 174953,
                "cycles": 149072813629,
                "instructions": 116986212963,
                "branches": 25208652621,
                "branch-misses": 760145625,
                "max-rss": 2825128,
                "wall-time": 43.69
            },
            "7zip": {
                "task-clock": 147952.65745099995,
                "context-switches": 12888,
                "cpu-migrations": 350,
                "page-faults": 810870,
                "cycles": 442449825379,
                "instructions": 330328024482,
                "branches": 70749045769,
                "branch-misses": 2148079565,
                "max-rss": 12380852,
                "wall-time": 133.57999999999998
            },
            "geomean": {
                "task-clock": 57652.681372190724,
                "context-switches": 3373.618984222102,
                "cpu-migrations": 118.14480073075353,
                "page-faults": 203531.40331792482,
                "cycles": 172392527700.42633,
                "instructions": 139502513744.51672,
                "branches": 29874891525.81434,
                "branch-misses": 790634203.9073287,
                "max-rss": 2249837.486579942,
                "wall-time": 57.31638372010374
            }
        },
        "ReleaseLTO-g": {
            "kimwitu++": {
                "task-clock": 45683.426353,
                "context-switches": 1116,
                "cpu-migrations": 1,
                "page-faults": 205893,
                "cycles": 138015305268,
                "instructions": 97352280163,
                "branches": 21051876328,
                "branch-misses": 599766810,
                "max-rss": 1438608,
                "wall-time": 46.28000000000001
            },
            "sqlite3": {
                "task-clock": 61917.087703,
                "context-switches": 493,
                "cpu-migrations": 3,
                "page-faults": 110084,
                "cycles": 188459028031,
                "instructions": 151074008915,
                "branches": 32319005664,
                "branch-misses": 847568513,
                "max-rss": 504080,
                "wall-time": 62.11
            },
            "consumer-typeset": {
                "task-clock": 38914.72574699999,
                "context-switches": 820,
                "cpu-migrations": 2,
                "page-faults": 216946,
                "cycles": 118393313950,
                "instructions": 95211264998,
                "branches": 20193176174,
                "branch-misses": 546308252,
                "max-rss": 2972376,
                "wall-time": 40.72999999999998
            },
            "Bullet": {
                "task-clock": 69975.54794100001,
                "context-switches": 3388,
                "cpu-migrations": 1,
                "page-faults": 562573,
                "cycles": 211371232275,
                "instructions": 157148284694,
                "branches": 33165244818,
                "branch-misses": 859790466,
                "max-rss": 7525672,
                "wall-time": 74.35999999999999
            },
            "tramp3d-v4": {
                "task-clock": 112846.74956299999,
                "context-switches": 636,
                "cpu-migrations": 1,
                "page-faults": 298882,
                "cycles": 342422301927,
                "instructions": 269975903297,
                "branches": 58399815036,
                "branch-misses": 1310670858,
                "max-rss": 1192616,
                "wall-time": 113
            },
            "mafft": {
                "task-clock": 22483.990113000003,
                "context-switches": 599,
                "cpu-migrations": 2,
                "page-faults": 126565,
                "cycles": 68430211045,
                "instructions": 68352667673,
                "branches": 14455535784,
                "branch-misses": 340168056,
                "max-rss": 1644884,
                "wall-time": 23.490000000000002
            },