{
    "config": 0,
    "clang_size": {
        "size-text": 68502565,
        "size-data": 2842408,
        "size-bss": 290408,
        "size-total": 71635381
    },
    "data": {
        "ReleaseThinLTO": {
            "kimwitu++": {
                "task-clock": 31209.493674999998,
                "context-switches": 1877,
                "cpu-migrations": 108,
                "page-faults": 142626,
                "cycles": 104956060568,
                "instructions": 91133630820,
                "branches": 19784672307,
                "branch-misses": 504889358,
                "max-rss": 1164908,
                "wall-time": 28.820000000000004,
                "size-text": 786980,
                "size-data": 25960,
                "size-bss": 12560,
                "size-total": 825500
            },
            "sqlite3": {
                "task-clock": 46393.948461,
                "context-switches": 2269,
                "cpu-migrations": 116,
                "page-faults": 59582,
                "cycles": 155762929414,
                "instructions": 143548640319,
                "branches": 30863270382,
                "branch-misses": 767921963,
                "max-rss": 307228,
                "wall-time": 56.57,
                "size-text": 780826,
                "size-data": 3095,
                "size-bss": 624,
                "size-total": 784545
            },
            "consumer-typeset": {
                "task-clock": 29456.163772000004,
                "context-switches": 2005,
                "cpu-migrations": 89,
                "page-faults": 181167,
                "cycles": 98920869389,
                "instructions": 92819225372,
                "branches": 19768297248,
                "branch-misses": 527556007,
                "max-rss": 2738432,
                "wall-time": 27.55,
                "size-text": 667954,
                "size-data": 3768,
                "size-bss": 65200,
                "size-total": 736922
            },
            "Bullet": {
                "task-clock": 46659.33941599999,
                "context-switches": 4009,
                "cpu-migrations": 178,
                "page-faults": 483822,
                "cycles": 156465828833,
                "instructions": 139165850113,
                "branches": 29454600552,
                "branch-misses": 696559201,
                "max-rss": 6976532,
                "wall-time": 64.63000000000001,
                "size-text": 394152,
                "size-data": 403696,
                "size-bss": 43328,
                "size-total": 841176
            },
            "tramp3d-v4": {
                "task-clock": 89497.563241,
                "context-switches": 2564,
                "cpu-migrations": 177,
                "page-faults": 125465,
                "cycles": 300261952937,
                "instructions": 293997893561,
                "branches": 64238698495,
                "branch-misses": 1262542070,
                "max-rss": 478588,
                "wall-time": 105.19,
                "size-text": 885402,
                "size-data": 1800,
                "size-bss": 1848,
                "size-total": 889050
            },
            "mafft": {
                "task-clock": 17676.134259,
                "context-switches": 619,
                "cpu-migrations": 1,
                "page-faults": 106410,
                "cycles": 59337430265,
                "instructions": 59518015811,
                "branches": 12628505091,
                "branch-misses": 287019221,
                "max-rss": 1501892,
                "wall-time": 14.23,
                "size-text": 275689,
                "size-data": 3052,
                "size-bss": 14911040,
                "size-total": 15189781
            },
            "ClamAV": {
                "task-clock": 40942.39770300002,
                "context-switches": 3336,
                "cpu-migrations": 179,
                "page-faults": 291860,
                "cycles": 137414627877,
                "instructions": 129609332707,
                "branches": 27647296144,
                "branch-misses": 759042138,
                "max-rss": 5048268,
                "wall-time": 44.63000000000002,
                "size-text": 773613,
                "size-data": 52872,
                "size-bss": 4752,
                "size-total": 831237
            },
            "lencod": {
                "task-clock": 56984.84401500001,
                "context-switches": 3529,
                "cpu-migrations": 154,
                "page-faults": 224667,
                "cycles": 191453047503,
                "instructions": 200846557323,
                "branches": 42047379110,
                "branch-misses": 767115442,
                "max-rss": 3019320,
                "wall-time": 49.519999999999996,
                "size-text": 957979,
                "size-data": 2144,
                "size-bss": 106176,
                "size-total": 1066299
            },
            "SPASS": {
                "task-clock": 37466.919078,
                "context-switches": 3079,
                "cpu-migrations": 53,
                "page-faults": 169879,
                "cycles": 125874111165,
                "instructions": 115644475563,
                "branches": 24917304357,
                "branch-misses": 690436215,
                "max-rss": 2731732,
                "wall-time": 32.53,
                "size-text": 608440,
                "size-data": 872,
                "size-bss": 346536,
                "size-total": 955848
            },
            "7zip": {
                "task-clock": 110374.98282099998,
                "context-switches": 10169,
                "cpu-migrations": 273,
                "page-faults": 793067,
                "cycles": 370113156598,
                "instructions": 327577491958,
                "branches": 70096744327,
                "branch-misses": 1932483700,
                "max-rss": 11990132,
                "wall-time": 100.52999999999997,
                "size-text": 1433841,
                "size-data": 4160,
                "size-bss": 29280,
                "size-total": 1467281
            },
            "geomean": {
                "task-clock": 44488.85822790929,
                "context-switches": 2692.541159226286,
                "cpu-migrations": 82.15759711490449,
                "page-faults": 196958.48535615878,
                "cycles": 149361074305.41724,
                "instructions": 140112881518.12402,
                "branches": 29975279284.138405,
                "branch-misses": 724980418.4175813,
                "max-rss": 2182633.4579124283,
                "wall-time": 44.63754014862622,
                "size-text": 692960.8016962184,
                "size-data": 6984.009238215472,
                "size-bss": 35437.433332268796,
                "size-total": 1210215.4774662808
            }
        },
        "O3": {
            "kimwitu++": {
                "task-clock": 24044.23570299999,
                "context-switches": 823,
                "cpu-migrations": 1,
                "page-faults": 139265,
                "cycles": 80965275025,
                "instructions": 65968741093,
                "branches": 14261628942,
                "branch-misses": 409229815,
                "max-rss": 1201252,
                "wall-time": 24.659999999999997,
                "size-text": 805309,
                "size-data": 31168,
                "size-bss": 12592,
                "size-total": 849069
            },
            "sqlite3": {
                "task-clock": 32063.649913999998,
                "context-switches": 167,
                "cpu-migrations": 1,
                "page-faults": 39381,
                "cycles": 108113376562,
                "instructions": 95853965651,
                "branches": 20472741931,
                "branch-misses": 559574189,
                "max-rss": 251148,