{
    "config": 0,
    "clang_size": {
        "size-text": 66874760,
        "size-data": 2785592,
        "size-bss": 284144,
        "size-total": 69944496
    },
    "data": {
        "ReleaseThinLTO": {
            "kimwitu++": {
                "task-clock": 31728.21236299999,
                "context-switches": 1753,
                "cpu-migrations": 51,
                "page-faults": 160657,
                "cycles": 106760656236,
                "instructions": 92225112712,
                "branches": 19908227944,
                "branch-misses": 508335462,
                "max-rss": 1153736,
                "wall-time": 29.280000000000005,
                "size-text": 787080,
                "size-data": 25960,
                "size-bss": 12560,
                "size-total": 825600
            },
            "sqlite3": {
                "task-clock": 47841.964884,
                "context-switches": 2505,
                "cpu-migrations": 174,
                "page-faults": 62753,
                "cycles": 161091237169,
                "instructions": 144950973178,
                "branches": 31224150146,
                "branch-misses": 788140309,
                "max-rss": 308976,
                "wall-time": 60.2,
                "size-text": 781474,
                "size-data": 3095,
                "size-bss": 624,
                "size-total": 785193
            },
            "consumer-typeset": {
                "task-clock": 29957.083211,
                "context-switches": 2073,
                "cpu-migrations": 96,
                "page-faults": 242478,
                "cycles": 100835694458,
                "instructions": 93732555094,
                "branches": 19929177210,
                "branch-misses": 537133269,
                "max-rss": 2686140,
                "wall-time": 27.44000000000001,
                "size-text": 677634,
                "size-data": 3768,
                "size-bss": 65200,
                "size-total": 746602
            },
            "Bullet": {
                "task-clock": 47443.71817100001,
                "context-switches": 4521,
                "cpu-migrations": 293,
                "page-faults": 628428,
                "cycles": 159380291738,
                "instructions": 139572303677,
                "branches": 29432131949,
                "branch-misses": 702837421,
                "max-rss": 6799412,
                "wall-time": 65.60000000000002,
                "size-text": 393144,
                "size-data": 403696,
                "size-bss": 43328,
                "size-total": 840168
            },
            "tramp3d-v4": {
                "task-clock": 91141.413044,
                "context-switches": 2454,
                "cpu-migrations": 145,
                "page-faults": 127524,
                "cycles": 306548814726,
                "instructions": 294621843934,
                "branches": 64454411430,
                "branch-misses": 1281180735,
                "max-rss": 479320,
                "wall-time": 106.08,
                "size-text": 885858,
                "size-data": 1800,
                "size-bss": 1848,
                "size-total": 889506
            },
            "mafft": {
                "task-clock": 17853.231267999996,
                "context-switches": 1191,
                "cpu-migrations": 48,
                "page-faults": 138574,
                "cycles": 60078543841,
                "instructions": 59291589433,
                "branches": 12593413875,
                "branch-misses": 293344265,
                "max-rss": 1472044,
                "wall-time": 15.63,
                "size-text": 275169,
                "size-data": 3052,
                "size-bss": 14911040,
                "size-total": 15189261
            },
            "ClamAV": {
                "task-clock": 42022.73566599998,
                "context-switches": 3567,
                "cpu-migrations": 226,
                "page-faults": 413441,
                "cycles": 141382667876,
                "instructions": 131458991518,
                "branches": 28018675116,
                "branch-misses": 777038775,
                "max-rss": 4947004,
                "wall-time": 45.000000000000014,
                "size-text": 774253,
                "size-data": 52872,
                "size-bss": 4752,
                "size-total": 831877
            },
            "lencod": {
                "task-clock": 56568.364606,
                "context-switches": 3797,
                "cpu-migrations": 264,
                "page-faults": 284496,
                "cycles": 190357972187,
                "instructions": 197666849129,
                "branches": 41604767343,
                "branch-misses": 773307233,
                "max-rss": 2943048,
                "wall-time": 49.940000000000005,
                "size-text": 958131,
                "size-data": 2144,
                "size-bss": 106176,
                "size-total": 1066451
            },
            "SPASS": {
                "task-clock": 37854.079434,
                "context-switches": 3423,
                "cpu-migrations": 135,
                "page-faults": 231211,
                "cycles": 127306752844,
                "instructions": 116251860228,
                "branches": 24981643142,
                "branch-misses": 703431928,
                "max-rss": 2678016,
                "wall-time": 33.21000000000001,
                "size-text": 607600,
                "size-data": 872,
                "size-bss": 346536,
                "size-total": 955008
            },
            "7zip": {
                "task-clock": 113854.83330500001,
                "context-switches": 12093,
                "cpu-migrations": 493,
                "page-faults": 1050923,
                "cycles": 382087898974,
                "instructions": 333504509244,
                "branches": 71177126222,
                "branch-misses": 1987007711,
                "max-rss": 11707632,
                "wall-time": 104.25000000000003,
                "size-text": 1436409,
                "size-data": 4160,
                "size-bss": 29280,
                "size-total": 1469849
            },
            "geomean": {
                "task-clock": 45246.89220079453,
                "context-switches": 3040.1110181759636,
                "cpu-migrations": 152.7130169838488,
                "page-faults": 244895.31618924055,
                "cycles": 152185510983.08197,
                "instructions": 140871903379.7057,
                "branches": 30114680425.38202,
                "branch-misses": 737716550.8115149,
                "max-rss": 2148621.598939293,
                "wall-time": 45.83586155776911,
                "size-text": 693848.660065021,
                "size-data": 6984.009238215472,
                "size-bss": 35437.433332268796,
                "size-total": 1212039.2022614183
            }
        },
        "O3": {
            "kimwitu++": {
                "task-clock": 24177.133661,
                "context-switches": 865,
                "cpu-migrations": 15,
                "page-faults": 155613,
                "cycles": 81356880331,
                "instructions": 66132731064,
                "branches": 14210960209,
                "branch-misses": 405664889,
                "max-rss": 1183192,
                "wall-time": 24.82,
                "size-text": 805325,
                "size-data": 31168,
                "size-bss": 12592,
                "size-total": 849085
            },
            "sqlite3": {
                "task-clock": 32711.086247,
                "context-switches": 186,
                "cpu-migrations": 3,
                "page-faults": 42306,
                "cycles": 109966816290,
                "instructions": 95961460357,
                "branches": 20531535941,
                "branch-misses": 566932346,
                "max-rss": 251084,