{
    "config": 0,
    "clang_size": [],
    "data": {
        "ReleaseThinLTO": {
            "kimwitu++": {
                "task-clock": 42099.049577,
                "context-switches": 2069,
                "cpu-migrations": 106,
                "page-faults": 147357,
                "cycles": 126597426190,
                "instructions": 93162061053,
                "branches": 20219879911,
                "branch-misses": 579369740,
                "max-rss": 1205372,
                "wall-time": 38.620000000000005
            },
            "sqlite3": {
                "task-clock": 56874.625393999995,
                "context-switches": 2234,
                "cpu-migrations": 135,
                "page-faults": 61613,
                "cycles": 171150279224,
                "instructions": 139915168832,
                "branches": 30115834974,
                "branch-misses": 812562004,
                "max-rss": 314856,
                "wall-time": 69.25
            },
            "consumer-typeset": {
                "task-clock": 37199.484634,
                "context-switches": 2936,
                "cpu-migrations": 130,
                "page-faults": 187469,
                "cycles": 111981076920,
                "instructions": 91491950427,
                "branches": 19497341781,
                "branch-misses": 566690582,
                "max-rss": 2838572,
                "wall-time": 34.71999999999999
            },
            "Bullet": {
                "task-clock": 61801.96370899999,
                "context-switches": 5299,
                "cpu-migrations": 232,
                "page-faults": 497908,
                "cycles": 186919459263,
                "instructions": 139076251946,
                "branches": 29415876209,
                "branch-misses": 784113919,
                "max-rss": 7214232,
                "wall-time": 83.63999999999997
            },
            "tramp3d-v4": {
                "task-clock": 110572.422471,
                "context-switches": 3231,
                "cpu-migrations": 165,
                "page-faults": 128329,
                "cycles": 333053965663,
                "instructions": 285446040863,
                "branches": 62378330150,
                "branch-misses": 1355540994,
                "max-rss": 485940,
                "wall-time": 128.5
            },
            "mafft": {
                "task-clock": 21654.734165999995,
                "context-switches": 677,
                "cpu-migrations": 4,
                "page-faults": 110721,
                "cycles": 65241023066,
                "instructions": 57314792749,
                "branches": 12186898366,
                "branch-misses": 297739120,
                "max-rss": 1554868,
                "wall-time": 17.24
            },
            "ClamAV": {
                "task-clock": 50831.23613100002,
                "context-switches": 4009,
                "cpu-migrations": 212,
                "page-faults": 301942,
                "cycles": 152894840288,
                "instructions": 124613200201,
                "branches": 26675238618,
                "branch-misses": 805677859,
                "max-rss": 5223136,
                "wall-time": 53.760000000000005
            },
            "lencod": {
                "task-clock": 68547.88146399999,
                "context-switches": 4405,
                "cpu-migrations": 277,
                "page-faults": 231140,
                "cycles": 206321875247,
                "instructions": 190320993556,
                "branches": 39941308826,
                "branch-misses": 800035713,
                "max-rss": 3132060,
                "wall-time": 60.629999999999995
            },
            "SPASS": {
                "task-clock": 48771.758663,
                "context-switches": 3873,
                "cpu-migrations": 90,
                "page-faults": 174874,
                "cycles": 146387643990,
                "instructions": 115635001921,
                "branches": 24913544030,
                "branch-misses": 753559906,
                "max-rss": 2831644,
                "wall-time": 42.86000000000001
            },
            "7zip": {
                "task-clock": 144844.24076300004,
                "context-switches": 12111,
                "cpu-migrations": 288,
                "page-faults": 811067,
                "cycles": 437223767432,
                "instructions": 324761765746,
                "branches": 69586914235,
                "branch-misses": 2138225932,
                "max-rss": 12395456,
                "wall-time": 130.24
            },
            "geomean": {
                "task-clock": 56378.355988067466,
                "context-switches": 3247.0791327436486,
                "cpu-migrations": 115.79946511674466,
                "page-faults": 203060.62171383324,
                "cycles": 169776794880.8536,
                "instructions": 137506600522.2134,
                "branches": 29447954294.52419,
                "branch-misses": 783958045.0119997,
                "max-rss": 2253129.6537147956,
                "wall-time": 56.177312120001794
            }
        },
        "ReleaseLTO-g": {
            "kimwitu++": {
                "task-clock": 45522.07155200001,
                "context-switches": 1140,
                "cpu-migrations": 1,
                "page-faults": 206082,
                "cycles": 136973241272,
                "instructions": 96783903984,
                "branches": 20916279932,
                "branch-misses": 599604319,
                "max-rss": 1440480,
                "wall-time": 46.13000000000001
            },
            "sqlite3": {
                "task-clock": 61300.317445,
                "context-switches": 345,
                "cpu-migrations": 1,
                "page-faults": 109140,
                "cycles": 187021251854,
                "instructions": 149279611774,
                "branches": 31923486174,
                "branch-misses": 842781094,
                "max-rss": 500176,
                "wall-time": 61.45
            },
            "consumer-typeset": {
                "task-clock": 38226.36003499998,
                "context-switches": 880,
                "cpu-migrations": 1,
                "page-faults": 216964,
                "cycles": 116526168404,
                "instructions": 94100621010,
                "branches": 19943254278,
                "branch-misses": 541996359,
                "max-rss": 2975132,
                "wall-time": 40.069999999999986
            },
            "Bullet": {
                "task-clock": 69457.16320999998,
                "context-switches": 3035,
                "cpu-migrations": 1,
                "page-faults": 562926,
                "cycles": 209477574390,
                "instructions": 156416895093,
                "branches": 32985636380,
                "branch-misses": 858633136,
                "max-rss": 7539748,
                "wall-time": 73.79999999999997
            },
            "tramp3d-v4": {
                "task-clock": 112038.00497499999,
                "context-switches": 584,
                "cpu-migrations": 1,
                "page-faults": 298386,
                "cycles": 338648401557,
                "instructions": 266271457062,
                "branches": 57585214307,
                "branch-misses": 1302754805,
                "max-rss": 1190328,
                "wall-time": 112.2
            },
            "mafft": {
                "task-clock": 22106.670571,
                "context-switches": 571,
                "cpu-migrations": 1,
                "page-faults": 126173,
                "cycles": 67154794741,
                "instructions": 67250025392,
                "branches": 14231671805,
                "branch-misses": 338640455,
                "max-rss": 1644600,
                "wall-time": 23.07
            },