{
    "config": 0,
    "clang_size": [],
    "data": {
        "ReleaseThinLTO": {
            "kimwitu++": {
                "task-clock": 42662.815107,
                "context-switches": 2049,
                "cpu-migrations": 108,
                "page-faults": 147073,
                "cycles": 128898124847,
                "instructions": 93905372372,
                "branches": 20401351192,
                "branch-misses": 582386417,
                "max-rss": 1204640,
                "wall-time": 39.290000000000006
            },
            "sqlite3": {
                "task-clock": 58630.623628999994,
                "context-switches": 2963,
                "cpu-migrations": 137,
                "page-faults": 61840,
                "cycles": 177470760479,
                "instructions": 142497292673,
                "branches": 30688035467,
                "branch-misses": 816489733,
                "max-rss": 316824,
                "wall-time": 72.28
            },
            "consumer-typeset": {
                "task-clock": 37629.45658800001,
                "context-switches": 2323,
                "cpu-migrations": 103,
                "page-faults": 188718,
                "cycles": 114062160225,
                "instructions": 92911039264,
                "branches": 19824532947,
                "branch-misses": 565808783,
                "max-rss": 2828524,
                "wall-time": 33.99999999999999
            },
            "Bullet": {
                "task-clock": 62414.99574500003,
                "context-switches": 5427,
                "cpu-migrations": 273,
                "page-faults": 496799,
                "cycles": 189487975691,
                "instructions": 139817715948,
                "branches": 29601705713,
                "branch-misses": 786547247,
                "max-rss": 7207032,
                "wall-time": 84.30999999999997
            },
            "tramp3d-v4": {
                "task-clock": 113704.39418199999,
                "context-switches": 4102,
                "cpu-migrations": 184,
                "page-faults": 133181,
                "cycles": 344187875925,
                "instructions": 291193268519,
                "branches": 63650214799,
                "branch-misses": 1368071722,
                "max-rss": 484908,
                "wall-time": 133.25
            },
            "mafft": {
                "task-clock": 22149.334461000006,
                "context-switches": 918,
                "cpu-migrations": 6,
                "page-faults": 111322,
                "cycles": 67032188943,
                "instructions": 58291053099,
                "branches": 12391463005,
                "branch-misses": 300990746,
                "max-rss": 1555240,
                "wall-time": 17.929999999999996
            },
            "ClamAV": {
                "task-clock": 52689.55084699998,
                "context-switches": 4102,
                "cpu-migrations": 237,
                "page-faults": 303465,
                "cycles": 159391551752,
                "instructions": 129392138449,
                "branches": 27647765524,
                "branch-misses": 815350010,
                "max-rss": 5220872,
                "wall-time": 56.35
            },
            "lencod": {
                "task-clock": 69609.62247799999,
                "context-switches": 4107,
                "cpu-migrations": 206,
                "page-faults": 228667,
                "cycles": 210576983181,
                "instructions": 194348999048,
                "branches": 40769273928,
                "branch-misses": 807008422,
                "max-rss": 3126948,
                "wall-time": 60.400000000000006
            },
            "SPASS": {
                "task-clock": 49538.892573000005,
                "context-switches": 4158,
                "cpu-migrations": 117,
                "page-faults": 174590,
                "cycles": 149670524898,
                "instructions": 117502525407,
                "branches": 25328963990,
                "branch-misses": 758521185,
                "max-rss": 2818784,
                "wall-time": 43.199999999999996
            },
            "7zip": {
                "task-clock": 146591.18951400009,
                "context-switches": 12283,
                "cpu-migrations": 337,
                "page-faults": 810128,
                "cycles": 445867630847,
                "instructions": 330539808765,
                "branches": 70797141956,
                "branch-misses": 2149904988,
                "max-rss": 12381864,
                "wall-time": 131.93
            },
            "geomean": {
                "task-clock": 57485.415954743,
                "context-switches": 3462.924535271994,
                "cpu-migrations": 124.35248249576212,
                "page-faults": 203878.05666671213,
                "cycles": 174076203039.3403,
                "instructions": 139948129341.66806,
                "branches": 29975720771.00152,
                "branch-misses": 789010459.5710325,
                "max-rss": 2251209.9363804683,
                "wall-time": 57.23561918517855
            }
        },
        "ReleaseLTO-g": {
            "kimwitu++": {
                "task-clock": 45966.313104,
                "context-switches": 1116,
                "cpu-migrations": 1,
                "page-faults": 205878,
                "cycles": 139558311987,
                "instructions": 97481642515,
                "branches": 21088336574,
                "branch-misses": 596614124,
                "max-rss": 1435324,
                "wall-time": 46.71000000000001
            },
            "sqlite3": {
                "task-clock": 63847.392025,
                "context-switches": 301,
                "cpu-migrations": 1,
                "page-faults": 110189,
                "cycles": 193516511349,
                "instructions": 151771357540,
                "branches": 32480536502,
                "branch-misses": 845718091,
                "max-rss": 504304,
                "wall-time": 64
            },
            "consumer-typeset": {
                "task-clock": 39368.952289999994,
                "context-switches": 927,
                "cpu-migrations": 1,
                "page-faults": 216311,
                "cycles": 119759813605,
                "instructions": 95510106120,
                "branches": 20260816502,
                "branch-misses": 543415269,
                "max-rss": 2968228,
                "wall-time": 41.19999999999999
            },
            "Bullet": {
                "task-clock": 69452.488167,
                "context-switches": 3551,
                "cpu-migrations": 2,
                "page-faults": 561993,
                "cycles": 210726400843,
                "instructions": 157259371431,
                "branches": 33196953065,
                "branch-misses": 854655140,
                "max-rss": 7528220,
                "wall-time": 73.95999999999998
            },
            "tramp3d-v4": {
                "task-clock": 116401.223668,
                "context-switches": 962,
                "cpu-migrations": 2,
                "page-faults": 298573,
                "cycles": 353050509135,
                "instructions": 271076139499,
                "branches": 58664266774,
                "branch-misses": 1305311477,
                "max-rss": 1191212,
                "wall-time": 116.69999999999999
            },
            "mafft": {
                "task-clock": 22641.005528999995,
                "context-switches": 594,
                "cpu-migrations": 0,
                "page-faults": 125930,
                "cycles": 68685397657,
                "instructions": 68590779308,
                "branches": 14508624974,
                "branch-misses": 338563263,
                "max-rss": 1642316,
                "wall-time": 23.6
            },