{
    "config": 0,
    "clang_size": {
        "size-text": 66872806,
        "size-data": 2785592,
        "size-bss": 284144,
        "size-total": 69942542
    },
    "data": {
        "ReleaseThinLTO": {
            "kimwitu++": {
                "task-clock": 32090.616096,
                "context-switches": 1829,
                "cpu-migrations": 114,
                "page-faults": 160545,
                "cycles": 107266512072,
                "instructions": 92237479988,
                "branches": 19910926122,
                "branch-misses": 504649027,
                "max-rss": 1154660,
                "wall-time": 29.71,
                "size-text": 787080,
                "size-data": 25960,
                "size-bss": 12560,
                "size-total": 825600
            },
            "sqlite3": {
                "task-clock": 47499.694286,
                "context-switches": 2021,
                "cpu-migrations": 177,
                "page-faults": 63837,
                "cycles": 159941423369,
                "instructions": 145026111923,
                "branches": 31242610320,
                "branch-misses": 787646696,
                "max-rss": 309264,
                "wall-time": 58.59,
                "size-text": 781474,
                "size-data": 3095,
                "size-bss": 624,
                "size-total": 785193
            },
            "consumer-typeset": {
                "task-clock": 29989.201853999988,
                "context-switches": 2169,
                "cpu-migrations": 124,
                "page-faults": 244229,
                "cycles": 100972743718,
                "instructions": 93779738063,
                "branches": 19943176902,
                "branch-misses": 536527430,
                "max-rss": 2675672,
                "wall-time": 27.57,
                "size-text": 677634,
                "size-data": 3768,
                "size-bss": 65200,
                "size-total": 746602
            },
            "Bullet": {
                "task-clock": 47482.33978000001,
                "context-switches": 4712,
                "cpu-migrations": 259,
                "page-faults": 628890,
                "cycles": 159482738608,
                "instructions": 139533676977,
                "branches": 29427508125,
                "branch-misses": 701720420,
                "max-rss": 6806568,
                "wall-time": 66.56000000000003,
                "size-text": 393144,
                "size-data": 403696,
                "size-bss": 43328,
                "size-total": 840168
            },
            "tramp3d-v4": {
                "task-clock": 91094.847373,
                "context-switches": 2631,
                "cpu-migrations": 117,
                "page-faults": 122853,
                "cycles": 306573386949,
                "instructions": 294494699863,
                "branches": 64430920110,
                "branch-misses": 1273101322,
                "max-rss": 478384,
                "wall-time": 105.03,
                "size-text": 885858,
                "size-data": 1800,
                "size-bss": 1848,
                "size-total": 889506
            },
            "mafft": {
                "task-clock": 17858.691259,
                "context-switches": 898,
                "cpu-migrations": 35,
                "page-faults": 139586,
                "cycles": 60131115709,
                "instructions": 59281659905,
                "branches": 12593165081,
                "branch-misses": 293154386,
                "max-rss": 1471384,
                "wall-time": 14.840000000000003,
                "size-text": 275169,
                "size-data": 3052,
                "size-bss": 14911040,
                "size-total": 15189261
            },
            "ClamAV": {
                "task-clock": 41972.76157899998,
                "context-switches": 3587,
                "cpu-migrations": 359,
                "page-faults": 413805,
                "cycles": 141021863748,
                "instructions": 131463298685,
                "branches": 28021044894,
                "branch-misses": 777019738,
                "max-rss": 4935444,
                "wall-time": 45.28000000000001,
                "size-text": 774253,
                "size-data": 52872,
                "size-bss": 4752,
                "size-total": 831877
            },
            "lencod": {
                "task-clock": 57163.39531899999,
                "context-switches": 3912,
                "cpu-migrations": 188,
                "page-faults": 284096,
                "cycles": 191245105765,
                "instructions": 197592080239,
                "branches": 41588949210,
                "branch-misses": 775381132,
                "max-rss": 2939080,
                "wall-time": 51.07000000000001,
                "size-text": 958131,
                "size-data": 2144,
                "size-bss": 106176,
                "size-total": 1066451
            },
            "SPASS": {
                "task-clock": 38109.60184,
                "context-switches": 3414,
                "cpu-migrations": 142,
                "page-faults": 230885,
                "cycles": 127617620463,
                "instructions": 116208252071,
                "branches": 24974599305,
                "branch-misses": 702106841,
                "max-rss": 2674376,
                "wall-time": 33.82,
                "size-text": 607600,
                "size-data": 872,
                "size-bss": 346536,
                "size-total": 955008
            },
            "7zip": {
                "task-clock": 113467.30096300002,
                "context-switches": 11563,
                "cpu-migrations": 423,
                "page-faults": 1050015,
                "cycles": 381157478959,
                "instructions": 333361414199,
                "branches": 71155610529,
                "branch-misses": 1975705994,
                "max-rss": 11701720,
                "wall-time": 103.54000000000002,
                "size-text": 1436409,
                "size-data": 4160,
                "size-bss": 29280,
                "size-total": 1469849
            },
            "geomean": {
                "task-clock": 45330.44711161941,
                "context-switches": 2947.2069338430806,
                "cpu-migrations": 159.65166357632202,
                "page-faults": 244687.67128292646,
                "cycles": 152225305390.41473,
                "instructions": 140859644614.3551,
                "branches": 30114702588.97226,
                "branch-misses": 736056090.7610065,
                "max-rss": 2146672.0565480944,
                "wall-time": 45.76650554262823,
                "size-text": 693848.660065021,
                "size-data": 6984.009238215472,
                "size-bss": 35437.433332268796,
                "size-total": 1212039.2022614183
            }
        },
        "O3": {
            "kimwitu++": {
                "task-clock": 24400.511354999995,
                "context-switches": 765,
                "cpu-migrations": 15,
                "page-faults": 156682,
                "cycles": 82167454871,
                "instructions": 66193777195,
                "branches": 14222789989,
                "branch-misses": 403087852,
                "max-rss": 1182740,
                "wall-time": 25.08,
                "size-text": 805325,
                "size-data": 31168,
                "size-bss": 12592,
                "size-total": 849085
            },
            "sqlite3": {
                "task-clock": 32746.633294,
                "context-switches": 196,
                "cpu-migrations": 3,
                "page-faults": 42302,
                "cycles": 110346810830,
                "instructions": 95883337758,
                "branches": 20516347723,
                "branch-misses": 565582391,
                "max-rss": 250168,
                "wall-time": 32.87,