{
    "config": 0,
    "clang_size": [],
    "data": {
        "ReleaseThinLTO": {
            "kimwitu++": {
                "task-clock": 42466.956917999996,
                "context-switches": 2203,
                "cpu-migrations": 135,
                "page-faults": 148690,
                "cycles": 128597645041,
                "instructions": 93339221591,
                "branches": 20254540029,
                "branch-misses": 577345624,
                "max-rss": 1210852,
                "wall-time": 39.23
            },
            "sqlite3": {
                "task-clock": 57619.737517,
                "context-switches": 2817,
                "cpu-migrations": 164,
                "page-faults": 61688,
                "cycles": 174359804827,
                "instructions": 139941203379,
                "branches": 30118726929,
                "branch-misses": 810449238,
                "max-rss": 315764,
                "wall-time": 71.86
            },
            "consumer-typeset": {
                "task-clock": 37305.003805000015,
                "context-switches": 2310,
                "cpu-migrations": 96,
                "page-faults": 189162,
                "cycles": 112891831939,
                "instructions": 91554350175,
                "branches": 19510611048,
                "branch-misses": 562098746,
                "max-rss": 2835308,
                "wall-time": 34.00000000000001
            },
            "Bullet": {
                "task-clock": 62713.44311400001,
                "context-switches": 5299,
                "cpu-migrations": 230,
                "page-faults": 498078,
                "cycles": 189140436740,
                "instructions": 139109066211,
                "branches": 29420066047,
                "branch-misses": 783864381,
                "max-rss": 7212040,
                "wall-time": 84
            },
            "tramp3d-v4": {
                "task-clock": 112821.96319,
                "context-switches": 3617,
                "cpu-migrations": 161,
                "page-faults": 128225,
                "cycles": 341855525286,
                "instructions": 286616645799,
                "branches": 62606287643,
                "branch-misses": 1357841982,
                "max-rss": 484156,
                "wall-time": 131.54
            },
            "mafft": {
                "task-clock": 21896.700335,
                "context-switches": 806,
                "cpu-migrations": 35,
                "page-faults": 111939,
                "cycles": 66124791759,
                "instructions": 57355448617,
                "branches": 12191192669,
                "branch-misses": 299584047,
                "max-rss": 1554740,
                "wall-time": 18.19
            },
            "ClamAV": {
                "task-clock": 51415.270765000016,
                "context-switches": 3894,
                "cpu-migrations": 169,
                "page-faults": 299206,
                "cycles": 155555616822,
                "instructions": 126256912123,
                "branches": 26985296260,
                "branch-misses": 803852928,
                "max-rss": 5226672,
                "wall-time": 54.159999999999975
            },
            "lencod": {
                "task-clock": 68609.687975,
                "context-switches": 4237,
                "cpu-migrations": 245,
                "page-faults": 230123,
                "cycles": 207836465091,
                "instructions": 190649211397,
                "branches": 39996404337,
                "branch-misses": 793169787,
                "max-rss": 3130044,
                "wall-time": 60.07000000000001
            },
            "SPASS": {
                "task-clock": 48904.20584,
                "context-switches": 3997,
                "cpu-migrations": 105,
                "page-faults": 175118,
                "cycles": 147735098220,
                "instructions": 115866379288,
                "branches": 24956943232,
                "branch-misses": 752981237,
                "max-rss": 2832240,
                "wall-time": 42.81999999999999
            },
            "7zip": {
                "task-clock": 146140.897503,
                "context-switches": 12856,
                "cpu-migrations": 324,
                "page-faults": 811561,
                "cycles": 441604734612,
                "instructions": 325851364302,
                "branches": 69794421334,
                "branch-misses": 2135637229,
                "max-rss": 12398572,
                "wall-time": 131.94000000000003
            },
            "geomean": {
                "task-clock": 56913.0425016123,
                "context-switches": 3367.894833892294,
                "cpu-migrations": 144.1736091437138,
                "page-faults": 203430.00610144262,
                "cycles": 172125734682.95776,
                "instructions": 137891896441.2667,
                "branches": 29519553892.162243,
                "branch-misses": 782426868.5807964,
                "max-rss": 2253737.104976496,
                "wall-time": 56.8736851077465
            }
        },
        "ReleaseLTO-g": {
            "kimwitu++": {
                "task-clock": 46195.828087,
                "context-switches": 987,
                "cpu-migrations": 1,
                "page-faults": 206078,
                "cycles": 139554336131,
                "instructions": 96839615617,
                "branches": 20930212802,
                "branch-misses": 599050369,
                "max-rss": 1440588,
                "wall-time": 46.800000000000004
            },
            "sqlite3": {
                "task-clock": 62574.841090999995,
                "context-switches": 740,
                "cpu-migrations": 1,
                "page-faults": 110202,
                "cycles": 189010255160,
                "instructions": 149338113309,
                "branches": 31937976180,
                "branch-misses": 840163669,
                "max-rss": 503796,
                "wall-time": 62.78
            },
            "consumer-typeset": {
                "task-clock": 38906.56394200001,
                "context-switches": 858,
                "cpu-migrations": 1,
                "page-faults": 216963,
                "cycles": 117637716158,
                "instructions": 94111981691,
                "branches": 19947153113,
                "branch-misses": 540549095,
                "max-rss": 2974892,
                "wall-time": 40.84000000000001
            },
            "Bullet": {
                "task-clock": 69945.03533,
                "context-switches": 3013,
                "cpu-migrations": 1,
                "page-faults": 563168,
                "cycles": 211193123491,
                "instructions": 156427969176,
                "branches": 32987782185,
                "branch-misses": 855715918,
                "max-rss": 7536280,
                "wall-time": 74.49
            },
            "tramp3d-v4": {
                "task-clock": 114446.07016599999,
                "context-switches": 1022,
                "cpu-migrations": 1,
                "page-faults": 298683,
                "cycles": 346544064976,
                "instructions": 267375856253,
                "branches": 57814677093,
                "branch-misses": 1306552912,
                "max-rss": 1191568,
                "wall-time": 114.59
            },
            "mafft": {
                "task-clock": 22307.787631000003,
                "context-switches": 558,
                "cpu-migrations": 0,
                "page-faults": 126235,
                "cycles": 67459468862,
                "instructions": 67375107118,
                "branches": 14253137579,
                "branch-misses": 336567158,
                "max-rss": 1642480,
                "wall-time": 23.270000000000003
            },
            "ClamAV": {
                "task-clock": 59289.093279999994,