{
    "config": 0,
    "clang_size": [],
    "data": {
        "ReleaseThinLTO": {
            "kimwitu++": {
                "task-clock": 41770.453361,
                "context-switches": 1749,
                "cpu-migrations": 58,
                "page-faults": 148549,
                "cycles": 127519566020,
                "instructions": 94037245437,
                "branches": 20429988341,
                "branch-misses": 579599336,
                "max-rss": 1208336,
                "wall-time": 37.99000000000001
            },
            "sqlite3": {
                "task-clock": 56945.501445,
                "context-switches": 2775,
                "cpu-migrations": 141,
                "page-faults": 61508,
                "cycles": 173359521653,
                "instructions": 142479031577,
                "branches": 30681288425,
                "branch-misses": 814381358,
                "max-rss": 315132,
                "wall-time": 69.25
            },
            "consumer-typeset": {
                "task-clock": 37267.716488,
                "context-switches": 2476,
                "cpu-migrations": 135,
                "page-faults": 189059,
                "cycles": 113343653060,
                "instructions": 92860000692,
                "branches": 19809473008,
                "branch-misses": 565389311,
                "max-rss": 2827336,
                "wall-time": 34.47
            },
            "Bullet": {
                "task-clock": 61821.406886999976,
                "context-switches": 5218,
                "cpu-migrations": 231,
                "page-faults": 496213,
                "cycles": 187769832826,
                "instructions": 139884448899,
                "branches": 29612350291,
                "branch-misses": 786605818,
                "max-rss": 7198624,
                "wall-time": 83.68
            },
            "tramp3d-v4": {
                "task-clock": 110366.40248799999,
                "context-switches": 4150,
                "cpu-migrations": 193,
                "page-faults": 131749,
                "cycles": 337028971182,
                "instructions": 291242293078,
                "branches": 63655895721,
                "branch-misses": 1361029312,
                "max-rss": 482760,
                "wall-time": 129.65
            },
            "mafft": {
                "task-clock": 21632.208404999994,
                "context-switches": 688,
                "cpu-migrations": 3,
                "page-faults": 111160,
                "cycles": 66189292471,
                "instructions": 58280179203,
                "branches": 12389350599,
                "branch-misses": 298409212,
                "max-rss": 1551960,
                "wall-time": 17.219999999999995
            },
            "ClamAV": {
                "task-clock": 51682.766108999975,
                "context-switches": 4117,
                "cpu-migrations": 226,
                "page-faults": 301242,
                "cycles": 157285977183,
                "instructions": 129369282509,
                "branches": 27639136598,
                "branch-misses": 813907208,
                "max-rss": 5212480,
                "wall-time": 55.019999999999996
            },
            "lencod": {
                "task-clock": 68810.32242,
                "context-switches": 3996,
                "cpu-migrations": 219,
                "page-faults": 230652,
                "cycles": 209531547577,
                "instructions": 194327011838,
                "branches": 40760196120,
                "branch-misses": 802810086,
                "max-rss": 3117260,
                "wall-time": 59.879999999999995
            },
            "SPASS": {
                "task-clock": 48969.576836,
                "context-switches": 3676,
                "cpu-migrations": 104,
                "page-faults": 175872,
                "cycles": 149474120082,
                "instructions": 117518605950,
                "branches": 25330660397,
                "branch-misses": 758241183,
                "max-rss": 2822104,
                "wall-time": 42.81
            },
            "7zip": {
                "task-clock": 145386.29641200003,
                "context-switches": 12435,
                "cpu-migrations": 323,
                "page-faults": 809906,
                "cycles": 443100121910,
                "instructions": 330734640810,
                "branches": 70826770670,
                "branch-misses": 2146704971,
                "max-rss": 12373316,
                "wall-time": 130.52999999999997
            },
            "geomean": {
                "task-clock": 56496.13252052073,
                "context-switches": 3257.7456127453124,
                "cpu-migrations": 109.39714381149305,
                "page-faults": 203904.4370882862,
                "cycles": 172187247050.94235,
                "instructions": 139970816202.54913,
                "branches": 29977674378.987675,
                "branch-misses": 786594236.756325,
                "max-rss": 2247913.2555295583,
                "wall-time": 56.156698043662644
            }
        },
        "ReleaseLTO-g": {
            "kimwitu++": {
                "task-clock": 44945.68161300001,
                "context-switches": 1082,
                "cpu-migrations": 1,
                "page-faults": 205892,
                "cycles": 137843050583,
                "instructions": 97448990473,
                "branches": 21080817191,
                "branch-misses": 597174304,
                "max-rss": 1438964,
                "wall-time": 45.49
            },
            "sqlite3": {
                "task-clock": 61765.382104000004,
                "context-switches": 620,
                "cpu-migrations": 2,
                "page-faults": 110291,
                "cycles": 188310849881,
                "instructions": 151808024278,
                "branches": 32484338943,
                "branch-misses": 848796974,
                "max-rss": 504364,
                "wall-time": 61.94
            },
            "consumer-typeset": {
                "task-clock": 38702.284158999995,
                "context-switches": 823,
                "cpu-migrations": 2,
                "page-faults": 216278,
                "cycles": 118254390899,
                "instructions": 95485891200,
                "branches": 20251728483,
                "branch-misses": 544296550,
                "max-rss": 2967972,
                "wall-time": 40.53
            },
            "Bullet": {
                "task-clock": 68718.798178,
                "context-switches": 3480,
                "cpu-migrations": 2,
                "page-faults": 561999,
                "cycles": 210275604086,
                "instructions": 157292678025,
                "branches": 33199408699,
                "branch-misses": 858388621,
                "max-rss": 7521840,
                "wall-time": 72.95999999999998
            },
            "tramp3d-v4": {
                "task-clock": 112311.685186,
                "context-switches": 512,
                "cpu-migrations": 1,
                "page-faults": 298356,
                "cycles": 341896489572,
                "instructions": 270875309643,
                "branches": 58617106307,
                "branch-misses": 1307104143,
                "max-rss": 1190536,
                "wall-time": 112.46
            },
            "mafft": {
                "task-clock": 22237.515491000002,
                "context-switches": 642,
                "cpu-migrations": 0,
                "page-faults": 126419,
                "cycles": 68119947251,
                "instructions": 68610727184,
                "branches": 14513220947,
                "branch-misses": 339617681,
                "max-rss": 1640856,
                "wall-time": 23.200000000000003
            },