{
    "config": 0,
    "clang_size": [],
    "data": {
        "ReleaseThinLTO": {
            "kimwitu++": {
                "task-clock": 41850.058846,
                "context-switches": 1984,
                "cpu-migrations": 47,
                "page-faults": 148410,
                "cycles": 127381783718,
                "instructions": 93883069722,
                "branches": 20384309548,
                "branch-misses": 575745290,
                "max-rss": 1207300,
                "wall-time": 37.980000000000004
            },
            "sqlite3": {
                "task-clock": 56177.515814,
                "context-switches": 2309,
                "cpu-migrations": 169,
                "page-faults": 61613,
                "cycles": 173716883887,
                "instructions": 142732393077,
                "branches": 30686691475,
                "branch-misses": 816555561,
                "max-rss": 315468,
                "wall-time": 68.77000000000001
            },
            "consumer-typeset": {
                "task-clock": 36551.286162000004,
                "context-switches": 2422,
                "cpu-migrations": 159,
                "page-faults": 186697,
                "cycles": 113357973824,
                "instructions": 92999267332,
                "branches": 19807848768,
                "branch-misses": 567577790,
                "max-rss": 2828716,
                "wall-time": 33.68
            },
            "Bullet": {
                "task-clock": 59925.149632,
                "context-switches": 5024,
                "cpu-migrations": 261,
                "page-faults": 496612,
                "cycles": 188254006808,
                "instructions": 139771192800,
                "branches": 29566376444,
                "branch-misses": 785480618,
                "max-rss": 7191584,
                "wall-time": 80.20000000000002
            },
            "tramp3d-v4": {
                "task-clock": 108718.760561,
                "context-switches": 2969,
                "cpu-migrations": 210,
                "page-faults": 126086,
                "cycles": 339478778742,
                "instructions": 291459833587,
                "branches": 63615352135,
                "branch-misses": 1363292359,
                "max-rss": 484664,
                "wall-time": 127.01
            },
            "mafft": {
                "task-clock": 21143.152710999995,
                "context-switches": 761,
                "cpu-migrations": 2,
                "page-faults": 111239,
                "cycles": 65864615197,
                "instructions": 58279274577,
                "branches": 12368692402,
                "branch-misses": 298851248,
                "max-rss": 1548212,
                "wall-time": 16.85
            },
            "ClamAV": {
                "task-clock": 50683.53085400003,
                "context-switches": 3901,
                "cpu-migrations": 205,
                "page-faults": 301442,
                "cycles": 157315843161,
                "instructions": 129788953959,
                "branches": 27659323866,
                "branch-misses": 816269971,
                "max-rss": 5208056,
                "wall-time": 53.620000000000005
            },
            "lencod": {
                "task-clock": 65812.88822699999,
                "context-switches": 4243,
                "cpu-migrations": 201,
                "page-faults": 229428,
                "cycles": 209134852132,
                "instructions": 194656331235,
                "branches": 40734355063,
                "branch-misses": 810720632,
                "max-rss": 3119804,
                "wall-time": 57.55000000000001
            },
            "SPASS": {
                "task-clock": 47500.408966,
                "context-switches": 3805,
                "cpu-migrations": 112,
                "page-faults": 174578,
                "cycles": 148611175996,
                "instructions": 117527102091,
                "branches": 25294288079,
                "branch-misses": 758180674,
                "max-rss": 2817624,
                "wall-time": 41.52000000000001
            },
            "7zip": {
                "task-clock": 142693.480553,
                "context-switches": 12580,
                "cpu-migrations": 368,
                "page-faults": 810702,
                "cycles": 442217855177,
                "instructions": 331117351233,
                "branches": 70788429717,
                "branch-misses": 2147773669,
                "max-rss": 12357216,
                "wall-time": 129.77999999999994
            },
            "geomean": {
                "task-clock": 55303.47137365118,
                "context-switches": 3161.59947574655,
                "cpu-migrations": 108.92528989425135,
                "page-faults": 202577.63437009847,
                "cycles": 172127280418.64767,
                "instructions": 140078863979.1363,
                "branches": 29954042070.322742,
                "branch-misses": 787750585.0862513,
                "max-rss": 2247533.7607714767,
                "wall-time": 54.95124683408055
            }
        },
        "ReleaseLTO-g": {
            "kimwitu++": {
                "task-clock": 43199.51876500001,
                "context-switches": 1002,
                "cpu-migrations": 1,
                "page-faults": 205723,
                "cycles": 137810015537,
                "instructions": 97450890836,
                "branches": 21067043052,
                "branch-misses": 595058914,
                "max-rss": 1437980,
                "wall-time": 43.79
            },
            "sqlite3": {
                "task-clock": 58752.365374,
                "context-switches": 391,
                "cpu-migrations": 1,
                "page-faults": 110166,
                "cycles": 188824848606,
                "instructions": 151897542273,
                "branches": 32456815239,
                "branch-misses": 845152789,
                "max-rss": 504356,
                "wall-time": 58.870000000000005
            },
            "consumer-typeset": {
                "task-clock": 36786.38823299999,
                "context-switches": 790,
                "cpu-migrations": 1,
                "page-faults": 216254,
                "cycles": 118093986739,
                "instructions": 95599649208,
                "branches": 20248795584,
                "branch-misses": 544564948,
                "max-rss": 2966036,
                "wall-time": 38.489999999999995
            },
            "Bullet": {
                "task-clock": 65884.93942499999,
                "context-switches": 2288,
                "cpu-migrations": 2,
                "page-faults": 561755,
                "cycles": 210646985477,
                "instructions": 157209267035,
                "branches": 33157405264,
                "branch-misses": 856965547,
                "max-rss": 7513300,
                "wall-time": 69.94
            },
            "tramp3d-v4": {
                "task-clock": 108737.028212,
                "context-switches": 791,
                "cpu-migrations": 1,
                "page-faults": 299114,
                "cycles": 342288301623,
                "instructions": 270951298099,
                "branches": 58565861650,
                "branch-misses": 1303493150,
                "max-rss": 1193072,
                "wall-time": 108.87
            },
            "mafft": {
                "task-clock": 20972.234930000002,
                "context-switches": 625,
                "cpu-migrations": 2,
                "page-faults": 126448,
                "cycles": 67922834786,
                "instructions": 68643520065,
                "branches": 14493314210,
                "branch-misses": 340194313,
                "max-rss": 1637816,
                "wall-time": 21.939999999999994
            },