{
    "config": 2,
    "clang_size": {
        "size-text": 90009781,
        "size-data": 4087992,
        "size-bss": 376657,
        "size-total": 94474430
    },
    "data": {
        "NewPM-O0-g": {
            "lencod": {
                "instructions": 14736445495,
                "instructions:u": 13457716344,
                "cycles": 10555438175,
                "task-clock": 2934.8900000000012,
                "branches": 2800144612,
                "branch-misses": 52162819,
                "max-rss": 3541444,
                "wall-time": 3.08,
                "size-file": 2025456,
                "size-text": 900362,
                "size-data": 16632,
                "size-bss": 109408,
                "size-total": 1026402
            },
            "Bullet": {
                "instructions": 66934364912,
                "instructions:u": 63454898705,
                "cycles": 50852449212,
                "task-clock": 14137.119999999997,
                "branches": 12726067460,
                "branch-misses": 281552988,
                "max-rss": 8597536,
                "wall-time": 14.38,
                "size-file": 5653032,
                "size-text": 1184007,
                "size-data": 747920,
                "size-bss": 45552,
                "size-total": 1977479
            },
            "mafft": {
                "instructions": 7620578344,
                "instructions:u": 6985750775,
                "cycles": 5417130691,
                "task-clock": 1506.0600000000002,
                "branches": 1457910045,
                "branch-misses": 27021183,
                "max-rss": 1756448,
                "wall-time": 1.5400000000000003,
                "size-file": 846104,
                "size-text": 434313,
                "size-data": 8941,
                "size-bss": 132727168,
                "size-total": 133170422
            },
            "tramp3d-v4": {
                "instructions": 23586328864,
                "instructions:u": 22931863539,
                "cycles": 19471064138,
                "task-clock": 5412.68,
                "branches": 4426512150,
                "branch-misses": 103994077,
                "max-rss": 524948,
                "wall-time": 5.420000000000001,
                "size-file": 9778416,
                "size-text": 1348217,
                "size-data": 1464,
                "size-bss": 2136,
                "size-total": 1351817
            },
            "ClamAV": {
                "instructions": 16506136403,
                "instructions:u": 14401856465,
                "cycles": 12855006715,
                "task-clock": 3575.060000000001,
                "branches": 3158101621,
                "branch-misses": 67274089,
                "max-rss": 6058428,
                "wall-time": 3.7499999999999987,
                "size-file": 1640920,
                "size-text": 862049,
                "size-data": 62788,
                "size-bss": 4768,
                "size-total": 929605
            },
            "kimwitu++": {
                "instructions": 27017523499,
                "instructions:u": 26184443997,
                "cycles": 22447756453,
                "task-clock": 6239.99,
                "branches": 5173511537,
                "branch-misses": 133669861,
                "max-rss": 1381680,
                "wall-time": 6.279999999999999,
                "size-file": 4333504,
                "size-text": 1337590,
                "size-data": 31280,
                "size-bss": 12640,
                "size-total": 1381510
            },
            "sqlite3": {
                "instructions": 5471857267,
                "instructions:u": 5325377041,
                "cycles": 3902441457,
                "task-clock": 1084.91,
                "branches": 1029070013,
                "branch-misses": 21431698,
                "max-rss": 253268,
                "wall-time": 1.08,
                "size-file": 1036304,
                "size-text": 518046,
                "size-data": 3280,
                "size-bss": 696,
                "size-total": 522022
            },
            "SPASS": {
                "instructions": 16126515730,
                "instructions:u": 14937380520,
                "cycles": 12580560091,
                "task-clock": 3497.8099999999995,
                "branches": 3087664950,
                "branch-misses": 68835282,
                "max-rss": 3256116,
                "wall-time": 3.56,
                "size-file": 1921272,
                "size-text": 903847,
                "size-data": 920,
                "size-bss": 358776,
                "size-total": 1263543
            },
            "7zip": {
                "instructions": 76860788633,
                "instructions:u": 70880148107,
                "cycles": 62958155097,
                "task-clock": 17504.269999999997,
                "branches": 14911545527,
                "branch-misses": 361556085,
                "max-rss": 14448656,
                "wall-time": 17.96000000000001,
                "size-file": 5954632,
                "size-text": 1341200,
                "size-data": 7816,
                "size-bss": 29440,
                "size-total": 1378456
            },
            "consumer-typeset": {
                "instructions": 13939748536,
                "instructions:u": 12780485946,
                "cycles": 9897638881,
                "task-clock": 2751.7900000000004,
                "branches": 2664426938,
                "branch-misses": 48168753,
                "max-rss": 3314720,
                "wall-time": 2.79,
                "size-file": 1566352,
                "size-text": 1007113,
                "size-data": 7512,
                "size-bss": 65264,
                "size-total": 1079889
            },
            "geomean": {
                "instructions": 19380350266.721764,
                "instructions:u": 18072771537.436527,
                "cycles": 14787039609.46085,
                "task-clock": 4111.141119531833,
                "branches": 3694945320.47873,
                "branch-misses": 79055560.74541013,
                "max-rss": 2493232.546759176,
                "wall-time": 4.192378460840017,
                "size-file": 2568764.8186137695,
                "size-text": 924320.1087943958,
                "size-data": 11893.979865354977,
                "size-bss": 45827.324643270484,
                "size-total": 1846485.2343311284
            }
        },
        "LegacyPM-O0-g": {
            "lencod": {
                "instructions": 14762372318,
                "instructions:u": 13486826990,
                "cycles": 10622677564,
                "task-clock": 2953.2899999999995,
                "branches": 2806831220,
                "branch-misses": 52347884,
                "max-rss": 3529552,
                "wall-time": 3.1100000000000003,
                "size-file": 2025456,
                "size-text": 900362,
                "size-data": 16632,
                "size-bss": 109408,
                "size-total": 1026402
            },
            "Bullet": {
                "instructions": 67157439613,
                "instructions:u": 63682554568,
                "cycles": 51053460341,
                "task-clock": 14191.98,
                "branches": 12775512922,
                "branch-misses": 282505428,
                "max-rss": 8563984,
                "wall-time": 14.409999999999997,
                "size-file": 5653032,
                "size-text": 1184007,
                "size-data": 747920,
                "size-bss": 45552,
                "size-total": 1977479
            },
            "mafft": {
                "instructions": 7638043228,
                "instructions:u": 7002263306,
                "cycles": 5449331390,
                "task-clock": 1515.3500000000004,
                "branches": 1462239537,
                "branch-misses": 27288633,
                "max-rss": 1744000,