{
    "config": 0,
    "clang_size": [],
    "data": {
        "ReleaseThinLTO": {
            "kimwitu++": {
                "task-clock": 41510.798053,
                "context-switches": 2239,
                "cpu-migrations": 89,
                "page-faults": 148586,
                "cycles": 127766991835,
                "instructions": 93896958507,
                "branches": 20397864684,
                "branch-misses": 580370327,
                "max-rss": 1208668,
                "wall-time": 38.06
            },
            "sqlite3": {
                "task-clock": 56496.957258,
                "context-switches": 2440,
                "cpu-migrations": 124,
                "page-faults": 62032,
                "cycles": 173910494805,
                "instructions": 142368871045,
                "branches": 30655408439,
                "branch-misses": 815878278,
                "max-rss": 316224,
                "wall-time": 69.39
            },
            "consumer-typeset": {
                "task-clock": 36958.418970000006,
                "context-switches": 2353,
                "cpu-migrations": 94,
                "page-faults": 186560,
                "cycles": 113532320779,
                "instructions": 92852515279,
                "branches": 19809535034,
                "branch-misses": 566973394,
                "max-rss": 2833880,
                "wall-time": 33.629999999999995
            },
            "Bullet": {
                "task-clock": 61281.48531299997,
                "context-switches": 4950,
                "cpu-migrations": 237,
                "page-faults": 497130,
                "cycles": 188483808790,
                "instructions": 139839058802,
                "branches": 29603015568,
                "branch-misses": 784490899,
                "max-rss": 7198456,
                "wall-time": 81.95000000000002
            },
            "tramp3d-v4": {
                "task-clock": 110542.938016,
                "context-switches": 3301,
                "cpu-migrations": 162,
                "page-faults": 128102,
                "cycles": 341055044263,
                "instructions": 291290541364,
                "branches": 63667874777,
                "branch-misses": 1363639448,
                "max-rss": 483604,
                "wall-time": 129.22
            },
            "mafft": {
                "task-clock": 21568.464148999996,
                "context-switches": 695,
                "cpu-migrations": 0,
                "page-faults": 110049,
                "cycles": 66241368506,
                "instructions": 58286558394,
                "branches": 12389844042,
                "branch-misses": 298879277,
                "max-rss": 1551396,
                "wall-time": 17.119999999999997
            },
            "ClamAV": {
                "task-clock": 51138.27432299999,
                "context-switches": 3994,
                "cpu-migrations": 210,
                "page-faults": 302898,
                "cycles": 157528541678,
                "instructions": 129360770055,
                "branches": 27638136534,
                "branch-misses": 812317208,
                "max-rss": 5217152,
                "wall-time": 54.489999999999995
            },
            "lencod": {
                "task-clock": 67717.586864,
                "context-switches": 4260,
                "cpu-migrations": 243,
                "page-faults": 230412,
                "cycles": 209041297004,
                "instructions": 194311952655,
                "branches": 40758346964,
                "branch-misses": 800402898,
                "max-rss": 3117616,
                "wall-time": 58.92
            },
            "SPASS": {
                "task-clock": 48606.398096000004,
                "context-switches": 3801,
                "cpu-migrations": 106,
                "page-faults": 175336,
                "cycles": 149735183803,
                "instructions": 117494420519,
                "branches": 25325907383,
                "branch-misses": 758412383,
                "max-rss": 2830724,
                "wall-time": 42.24
            },
            "7zip": {
                "task-clock": 143626.367708,
                "context-switches": 12543,
                "cpu-migrations": 323,
                "page-faults": 810088,
                "cycles": 442676380018,
                "instructions": 330574061251,
                "branches": 70796164721,
                "branch-misses": 2145686942,
                "max-rss": 12379184,
                "wall-time": 129.67
            },
            "geomean": {
                "task-clock": 56052.55573631213,
                "context-switches": 3216.1910025798584,
                "cpu-migrations": 0,
                "page-faults": 203106.06791147988,
                "cycles": 172587498961.3064,
                "instructions": 139925595917.42157,
                "branches": 29968073882.15109,
                "branch-misses": 786716501.959561,
                "max-rss": 2250598.821457214,
                "wall-time": 55.61626195911837
            }
        },
        "ReleaseLTO-g": {
            "kimwitu++": {
                "task-clock": 44783.737176999995,
                "context-switches": 1096,
                "cpu-migrations": 1,
                "page-faults": 205614,
                "cycles": 137948814143,
                "instructions": 97572124526,
                "branches": 21106297416,
                "branch-misses": 598594388,
                "max-rss": 1439180,
                "wall-time": 45.38999999999999
            },
            "sqlite3": {
                "task-clock": 61564.123383,
                "context-switches": 407,
                "cpu-migrations": 1,
                "page-faults": 110005,
                "cycles": 189143758862,
                "instructions": 151789894712,
                "branches": 32481758274,
                "branch-misses": 847416556,
                "max-rss": 503244,
                "wall-time": 61.71
            },
            "consumer-typeset": {
                "task-clock": 38495.67720800001,
                "context-switches": 909,
                "cpu-migrations": 2,
                "page-faults": 216524,
                "cycles": 118399952314,
                "instructions": 95517014058,
                "branches": 20260548987,
                "branch-misses": 544885638,
                "max-rss": 2967300,
                "wall-time": 40.3
            },
            "Bullet": {
                "task-clock": 68741.47327900001,
                "context-switches": 3257,
                "cpu-migrations": 2,
                "page-faults": 562053,
                "cycles": 210969885423,
                "instructions": 157285284349,
                "branches": 33198839977,
                "branch-misses": 857843236,
                "max-rss": 7524756,
                "wall-time": 73.05
            },
            "tramp3d-v4": {
                "task-clock": 111298.74944300001,
                "context-switches": 642,
                "cpu-migrations": 1,
                "page-faults": 298721,
                "cycles": 342951291736,
                "instructions": 271122237616,
                "branches": 58678140472,
                "branch-misses": 1310562383,
                "max-rss": 1192256,
                "wall-time": 111.5
            },
            "mafft": {
                "task-clock": 22285.600448000005,
                "context-switches": 575,
                "cpu-migrations": 0,
                "page-faults": 126363,
                "cycles": 68404516176,
                "instructions": 68622089264,
                "branches": 14513328845,
                "branch-misses": 339552753,
                "max-rss": 1639756,
                "wall-time": 23.280000000000005
            },
            "ClamAV": {
                "task-clock": 58715.536488000005,