{
    "config": 0,
    "clang_size": [],
    "data": {
        "ReleaseThinLTO": {
            "kimwitu++": {
                "task-clock": 42311.44551600001,
                "context-switches": 2102,
                "cpu-migrations": 87,
                "page-faults": 148169,
                "cycles": 128668747365,
                "instructions": 93894353022,
                "branches": 20387332467,
                "branch-misses": 579258344,
                "max-rss": 1201940,
                "wall-time": 38.6
            },
            "sqlite3": {
                "task-clock": 58263.530203999995,
                "context-switches": 2548,
                "cpu-migrations": 182,
                "page-faults": 61531,
                "cycles": 177074191042,
                "instructions": 142566844235,
                "branches": 30649028544,
                "branch-misses": 816724270,
                "max-rss": 316152,
                "wall-time": 71.49
            },
            "consumer-typeset": {
                "task-clock": 37533.168693000014,
                "context-switches": 2479,
                "cpu-migrations": 87,
                "page-faults": 186464,
                "cycles": 113957458237,
                "instructions": 92899793968,
                "branches": 19786404917,
                "branch-misses": 566687769,
                "max-rss": 2823200,
                "wall-time": 34.46
            },
            "Bullet": {
                "task-clock": 62313.852093,
                "context-switches": 5222,
                "cpu-migrations": 296,
                "page-faults": 496884,
                "cycles": 188966601705,
                "instructions": 139754548741,
                "branches": 29566868392,
                "branch-misses": 783036174,
                "max-rss": 7187572,
                "wall-time": 84.62000000000002
            },
            "tramp3d-v4": {
                "task-clock": 113220.365024,
                "context-switches": 3197,
                "cpu-migrations": 199,
                "page-faults": 126192,
                "cycles": 343643180619,
                "instructions": 291409261672,
                "branches": 63605152351,
                "branch-misses": 1359788224,
                "max-rss": 484572,
                "wall-time": 132.78
            },
            "mafft": {
                "task-clock": 21974.822420999997,
                "context-switches": 680,
                "cpu-migrations": 6,
                "page-faults": 110736,
                "cycles": 66874688786,
                "instructions": 58242418904,
                "branches": 12361498576,
                "branch-misses": 300878321,
                "max-rss": 1547472,
                "wall-time": 17.599999999999998
            },
            "ClamAV": {
                "task-clock": 52213.282889999995,
                "context-switches": 3986,
                "cpu-migrations": 280,
                "page-faults": 302753,
                "cycles": 158498352268,
                "instructions": 129732997510,
                "branches": 27647573127,
                "branch-misses": 816546689,
                "max-rss": 5202340,
                "wall-time": 55.949999999999996
            },
            "lencod": {
                "task-clock": 69138.248013,
                "context-switches": 4260,
                "cpu-migrations": 193,
                "page-faults": 228730,
                "cycles": 210093749975,
                "instructions": 194592709202,
                "branches": 40722733885,
                "branch-misses": 806372400,
                "max-rss": 3108344,
                "wall-time": 59.58
            },
            "SPASS": {
                "task-clock": 49117.02477,
                "context-switches": 3649,
                "cpu-migrations": 86,
                "page-faults": 175300,
                "cycles": 149031794700,
                "instructions": 117533612776,
                "branches": 25297061346,
                "branch-misses": 756584430,
                "max-rss": 2819928,
                "wall-time": 42.36
            },
            "7zip": {
                "task-clock": 146677.62991699998,
                "context-switches": 12550,
                "cpu-migrations": 374,
                "page-faults": 810204,
                "cycles": 445268725561,
                "instructions": 331034215289,
                "branches": 70771184161,
                "branch-misses": 2148403368,
                "max-rss": 12351484,
                "wall-time": 132.26
            },
            "geomean": {
                "task-clock": 57171.55067981156,
                "context-switches": 3212.8922141811518,
                "cpu-migrations": 123.8081210003874,
                "page-faults": 202526.09416403968,
                "cycles": 173638676086.97498,
                "instructions": 140022989450.23334,
                "branches": 29942863036.885666,
                "branch-misses": 787666817.0299243,
                "max-rss": 2245312.8710300038,
                "wall-time": 56.8270522470042
            }
        },
        "ReleaseLTO-g": {
            "kimwitu++": {
                "task-clock": 46228.52468000001,
                "context-switches": 1125,
                "cpu-migrations": 1,
                "page-faults": 205917,
                "cycles": 140023694398,
                "instructions": 97437528345,
                "branches": 21067342722,
                "branch-misses": 597496119,
                "max-rss": 1439040,
                "wall-time": 46.87000000000001
            },
            "sqlite3": {
                "task-clock": 63530.620851,
                "context-switches": 493,
                "cpu-migrations": 1,
                "page-faults": 110092,
                "cycles": 192980945236,
                "instructions": 151964891111,
                "branches": 32473329460,
                "branch-misses": 845996122,
                "max-rss": 503532,
                "wall-time": 63.739999999999995
            },
            "consumer-typeset": {
                "task-clock": 39116.09905499999,
                "context-switches": 950,
                "cpu-migrations": 1,
                "page-faults": 216699,
                "cycles": 119146786469,
                "instructions": 95613328735,
                "branches": 20254644718,
                "branch-misses": 544293134,
                "max-rss": 2963984,
                "wall-time": 41.05
            },
            "Bullet": {
                "task-clock": 69767.751922,
                "context-switches": 3158,
                "cpu-migrations": 1,
                "page-faults": 561645,
                "cycles": 211589003415,
                "instructions": 157277392728,
                "branches": 33174290495,
                "branch-misses": 855559813,
                "max-rss": 7502188,
                "wall-time": 74.16999999999999
            },
            "tramp3d-v4": {
                "task-clock": 115729.849929,
                "context-switches": 594,
                "cpu-migrations": 1,
                "page-faults": 299237,
                "cycles": 351805059731,
                "instructions": 270778874072,
                "branches": 58525662574,
                "branch-misses": 1304054526,
                "max-rss": 1194052,
                "wall-time": 115.91999999999999
            },
            "mafft": {
                "task-clock": 22518.657959000004,
                "context-switches": 588,
                "cpu-migrations": 0,
                "page-faults": 126466,
                "cycles": 68469606564,
                "instructions": 68633057902,
                "branches": 14490887078,
                "branch-misses": 341439834,
                "max-rss": 1638676,
                "wall-time": 23.5
            },
            "ClamAV": {
                "task-clock": 60298.23406000002,