{
    "config": 0,
    "clang_size": [],
    "data": {
        "ReleaseThinLTO": {
            "kimwitu++": {
                "task-clock": 41562.016208999994,
                "context-switches": 2075,
                "cpu-migrations": 81,
                "page-faults": 147204,
                "cycles": 127073400529,
                "instructions": 93597633457,
                "branches": 20313970675,
                "branch-misses": 580781694,
                "max-rss": 1203020,
                "wall-time": 38.17
            },
            "sqlite3": {
                "task-clock": 56663.675251,
                "context-switches": 3030,
                "cpu-migrations": 147,
                "page-faults": 61666,
                "cycles": 172887601421,
                "instructions": 141601772725,
                "branches": 30481076194,
                "branch-misses": 814674704,
                "max-rss": 316280,
                "wall-time": 69.25999999999999
            },
            "consumer-typeset": {
                "task-clock": 37066.904815999995,
                "context-switches": 2451,
                "cpu-migrations": 138,
                "page-faults": 188331,
                "cycles": 113143986393,
                "instructions": 92618662476,
                "branches": 19750044419,
                "branch-misses": 569393005,
                "max-rss": 2833204,
                "wall-time": 33.879999999999995
            },
            "Bullet": {
                "task-clock": 61363.83666699999,
                "context-switches": 5188,
                "cpu-migrations": 224,
                "page-faults": 497529,
                "cycles": 187628427823,
                "instructions": 139664440826,
                "branches": 29551979495,
                "branch-misses": 786144287,
                "max-rss": 7208572,
                "wall-time": 82.13999999999999
            },
            "tramp3d-v4": {
                "task-clock": 110033.780367,
                "context-switches": 3223,
                "cpu-migrations": 230,
                "page-faults": 128085,
                "cycles": 336712183841,
                "instructions": 289346144306,
                "branches": 63198952599,
                "branch-misses": 1367001652,
                "max-rss": 483060,
                "wall-time": 128.79
            },
            "mafft": {
                "task-clock": 21572.589917999998,
                "context-switches": 705,
                "cpu-migrations": 0,
                "page-faults": 110750,
                "cycles": 65732130927,
                "instructions": 57982400840,
                "branches": 12326328425,
                "branch-misses": 298266780,
                "max-rss": 1554884,
                "wall-time": 17.11
            },
            "ClamAV": {
                "task-clock": 51472.81977299999,
                "context-switches": 4083,
                "cpu-migrations": 204,
                "page-faults": 301886,
                "cycles": 157185760163,
                "instructions": 129029999699,
                "branches": 27581686963,
                "branch-misses": 812472676,
                "max-rss": 5213804,
                "wall-time": 54.760000000000005
            },
            "lencod": {
                "task-clock": 67704.64299,
                "context-switches": 4044,
                "cpu-migrations": 194,
                "page-faults": 230100,
                "cycles": 207699423138,
                "instructions": 193967976682,
                "branches": 40691635364,
                "branch-misses": 803951688,
                "max-rss": 3122076,
                "wall-time": 58.669999999999995
            },
            "SPASS": {
                "task-clock": 48553.01001300001,
                "context-switches": 3824,
                "cpu-migrations": 114,
                "page-faults": 175825,
                "cycles": 148285957373,
                "instructions": 116793929775,
                "branches": 25160476723,
                "branch-misses": 758124397,
                "max-rss": 2825064,
                "wall-time": 42.379999999999995
            },
            "7zip": {
                "task-clock": 143832.02718800004,
                "context-switches": 12508,
                "cpu-migrations": 356,
                "page-faults": 810633,
                "cycles": 440239432933,
                "instructions": 330239358719,
                "branches": 70729931657,
                "branch-misses": 2141099494,
                "max-rss": 12385880,
                "wall-time": 130.13999999999996
            },
            "geomean": {
                "task-clock": 56112.50628157949,
                "context-switches": 3278.4983646625083,
                "cpu-migrations": 0,
                "page-faults": 203105.27863148798,
                "cycles": 171491366740.47473,
                "instructions": 139428053352.5373,
                "branches": 29853630004.65568,
                "branch-misses": 787354203.3219502,
                "max-rss": 2249947.6151417946,
                "wall-time": 55.69659150817583
            }
        },
        "ReleaseLTO-g": {
            "kimwitu++": {
                "task-clock": 45144.837230000005,
                "context-switches": 697,
                "cpu-migrations": 1,
                "page-faults": 206034,
                "cycles": 137737765627,
                "instructions": 97387862701,
                "branches": 21045113228,
                "branch-misses": 600308775,
                "max-rss": 1439412,
                "wall-time": 45.74
            },
            "sqlite3": {
                "task-clock": 61373.427028,
                "context-switches": 388,
                "cpu-migrations": 1,
                "page-faults": 110322,
                "cycles": 188063809476,
                "instructions": 151346166901,
                "branches": 32370010504,
                "branch-misses": 846690277,
                "max-rss": 504144,
                "wall-time": 61.53
            },
            "consumer-typeset": {
                "task-clock": 38551.91150199998,
                "context-switches": 923,
                "cpu-migrations": 1,
                "page-faults": 216901,
                "cycles": 117841457981,
                "instructions": 95318164697,
                "branches": 20210856601,
                "branch-misses": 546649700,
                "max-rss": 2976816,
                "wall-time": 40.38
            },
            "Bullet": {
                "task-clock": 69116.84925199999,
                "context-switches": 2703,
                "cpu-migrations": 2,
                "page-faults": 562558,
                "cycles": 210294443144,
                "instructions": 157142659538,
                "branches": 33151653438,
                "branch-misses": 860013418,
                "max-rss": 7526136,
                "wall-time": 73.41
            },
            "tramp3d-v4": {
                "task-clock": 111905.603722,
                "context-switches": 1237,
                "cpu-migrations": 1,
                "page-faults": 298478,
                "cycles": 341403147597,
                "instructions": 270108810073,
                "branches": 58411314643,
                "branch-misses": 1309483586,
                "max-rss": 1191180,
                "wall-time": 112.17
            },
            "mafft": {
                "task-clock": 22121.910219999994,
                "context-switches": 587,
                "cpu-migrations": 0,
                "page-faults": 127672,
                "cycles": 67626475215,
                "instructions": 68334653501,
                "branches": 14455414036,
                "branch-misses": 338130857,
                "max-rss": 1644380,
                "wall-time": 23.110000000000003
            },