{
    "config": 0,
    "clang_size": [],
    "data": {
        "ReleaseThinLTO": {
            "kimwitu++": {
                "task-clock": 42284.371396999995,
                "context-switches": 2238,
                "cpu-migrations": 116,
                "page-faults": 147239,
                "cycles": 128091621265,
                "instructions": 93637598809,
                "branches": 20335454363,
                "branch-misses": 577091098,
                "max-rss": 1205244,
                "wall-time": 38.300000000000004
            },
            "sqlite3": {
                "task-clock": 57948.095617,
                "context-switches": 2764,
                "cpu-migrations": 126,
                "page-faults": 61640,
                "cycles": 175357261928,
                "instructions": 141640799750,
                "branches": 30490049399,
                "branch-misses": 815015242,
                "max-rss": 315660,
                "wall-time": 70.80000000000001
            },
            "consumer-typeset": {
                "task-clock": 37546.95550900001,
                "context-switches": 2521,
                "cpu-migrations": 121,
                "page-faults": 188565,
                "cycles": 113734096411,
                "instructions": 92675038316,
                "branches": 19765947075,
                "branch-misses": 567777124,
                "max-rss": 2826476,
                "wall-time": 34.739999999999995
            },
            "Bullet": {
                "task-clock": 62514.178248,
                "context-switches": 5245,
                "cpu-migrations": 214,
                "page-faults": 497589,
                "cycles": 189131416610,
                "instructions": 139696733571,
                "branches": 29571763724,
                "branch-misses": 783743208,
                "max-rss": 7203436,
                "wall-time": 84.61999999999999
            },
            "tramp3d-v4": {
                "task-clock": 113259.208506,
                "context-switches": 3280,
                "cpu-migrations": 225,
                "page-faults": 128451,
                "cycles": 342807563219,
                "instructions": 289877451714,
                "branches": 63346764452,
                "branch-misses": 1365034003,
                "max-rss": 484096,
                "wall-time": 132.9
            },
            "mafft": {
                "task-clock": 21905.725179,
                "context-switches": 716,
                "cpu-migrations": 1,
                "page-faults": 110086,
                "cycles": 66239017920,
                "instructions": 58021459896,
                "branches": 12331350037,
                "branch-misses": 298368565,
                "max-rss": 1554552,
                "wall-time": 17.459999999999997
            },
            "ClamAV": {
                "task-clock": 52451.893379000016,
                "context-switches": 3841,
                "cpu-migrations": 158,
                "page-faults": 302605,
                "cycles": 158725837564,
                "instructions": 129065632190,
                "branches": 27572404169,
                "branch-misses": 812335874,
                "max-rss": 5215916,
                "wall-time": 54.82999999999998
            },
            "lencod": {
                "task-clock": 69367.649879,
                "context-switches": 4305,
                "cpu-migrations": 275,
                "page-faults": 229262,
                "cycles": 209992276991,
                "instructions": 194260982617,
                "branches": 40745724941,
                "branch-misses": 805205801,
                "max-rss": 3115368,
                "wall-time": 60.32000000000001
            },
            "SPASS": {
                "task-clock": 49301.4669,
                "context-switches": 3901,
                "cpu-migrations": 153,
                "page-faults": 175674,
                "cycles": 149004588950,
                "instructions": 117013640632,
                "branches": 25213824406,
                "branch-misses": 756096506,
                "max-rss": 2827120,
                "wall-time": 43.61999999999999
            },
            "7zip": {
                "task-clock": 146576.06196900003,
                "context-switches": 12135,
                "cpu-migrations": 333,
                "page-faults": 810543,
                "cycles": 443478608977,
                "instructions": 330402294988,
                "branches": 70757220276,
                "branch-misses": 2143395739,
                "max-rss": 12400196,
                "wall-time": 131.95
            },
            "geomean": {
                "task-clock": 57203.743424077446,
                "context-switches": 3293.9245865831303,
                "cpu-migrations": 106.54512030821482,
                "page-faults": 203019.5521026642,
                "cycles": 173108597808.1757,
                "instructions": 139542548143.34732,
                "branches": 29880702938.01017,
                "branch-misses": 786317686.7163384,
                "max-rss": 2249691.160281197,
                "wall-time": 56.84180653845548
            }
        },
        "ReleaseLTO-g": {
            "kimwitu++": {
                "task-clock": 45846.380351,
                "context-switches": 1064,
                "cpu-migrations": 1,
                "page-faults": 205920,
                "cycles": 138855356520,
                "instructions": 97299044955,
                "branches": 21039290815,
                "branch-misses": 596378718,
                "max-rss": 1439476,
                "wall-time": 46.470000000000006
            },
            "sqlite3": {
                "task-clock": 62744.465443,
                "context-switches": 464,
                "cpu-migrations": 1,
                "page-faults": 110180,
                "cycles": 190043951004,
                "instructions": 150950189951,
                "branches": 32290035904,
                "branch-misses": 845045333,
                "max-rss": 502792,
                "wall-time": 62.92
            },
            "consumer-typeset": {
                "task-clock": 39290.856788,
                "context-switches": 903,
                "cpu-migrations": 1,
                "page-faults": 216718,
                "cycles": 119017391897,
                "instructions": 95268833132,
                "branches": 20201992095,
                "branch-misses": 545376331,
                "max-rss": 2967720,
                "wall-time": 41.13000000000001
            },
            "Bullet": {
                "task-clock": 69622.04218500006,
                "context-switches": 3596,
                "cpu-migrations": 1,
                "page-faults": 562207,
                "cycles": 210683705565,
                "instructions": 157207909919,
                "branches": 33172764791,
                "branch-misses": 855160424,
                "max-rss": 7534724,
                "wall-time": 74.12
            },
            "tramp3d-v4": {
                "task-clock": 114613.03792100001,
                "context-switches": 618,
                "cpu-migrations": 1,
                "page-faults": 298457,
                "cycles": 347347293610,
                "instructions": 270098191306,
                "branches": 58425637561,
                "branch-misses": 1308508698,
                "max-rss": 1191228,
                "wall-time": 114.77000000000001
            },
            "mafft": {
                "task-clock": 22566.993667999992,
                "context-switches": 588,
                "cpu-migrations": 0,
                "page-faults": 126412,
                "cycles": 68543715463,
                "instructions": 68397350758,
                "branches": 14463295027,
                "branch-misses": 339189481,
                "max-rss": 1639132,
                "wall-time": 23.53
            },