{
    "config": 0,
    "clang_size": {
        "size-text": 66507961,
        "size-data": 2765456,
        "size-bss": 252592,
        "size-total": 69526009
    },
    "data": {
        "ReleaseThinLTO": {
            "kimwitu++": {
                "task-clock": 31983.416710000005,
                "context-switches": 1724,
                "cpu-migrations": 112,
                "page-faults": 160023,
                "cycles": 107219034321,
                "instructions": 91211267092,
                "branches": 19701409661,
                "branch-misses": 501665039,
                "max-rss": 1145892,
                "wall-time": 29.749999999999996,
                "size-text": 789412,
                "size-data": 25960,
                "size-bss": 12560,
                "size-total": 827932
            },
            "sqlite3": {
                "task-clock": 47891.663593000005,
                "context-switches": 2475,
                "cpu-migrations": 131,
                "page-faults": 63891,
                "cycles": 161128801395,
                "instructions": 143310947174,
                "branches": 30924384025,
                "branch-misses": 781689586,
                "max-rss": 308252,
                "wall-time": 59.989999999999995,
                "size-text": 811258,
                "size-data": 3095,
                "size-bss": 624,
                "size-total": 814977
            },
            "consumer-typeset": {
                "task-clock": 30015.60020199999,
                "context-switches": 2337,
                "cpu-migrations": 161,
                "page-faults": 242834,
                "cycles": 100965247264,
                "instructions": 92589760833,
                "branches": 19712651200,
                "branch-misses": 534157466,
                "max-rss": 2665792,
                "wall-time": 27.940000000000012,
                "size-text": 686914,
                "size-data": 3768,
                "size-bss": 65200,
                "size-total": 755882
            },
            "Bullet": {
                "task-clock": 47933.243585,
                "context-switches": 4525,
                "cpu-migrations": 254,
                "page-faults": 624841,
                "cycles": 160682803322,
                "instructions": 139023040311,
                "branches": 29324666466,
                "branch-misses": 702144872,
                "max-rss": 6764240,
                "wall-time": 66.46000000000001,
                "size-text": 395620,
                "size-data": 403696,
                "size-bss": 43328,
                "size-total": 842644
            },
            "tramp3d-v4": {
                "task-clock": 91760.732284,
                "context-switches": 2476,
                "cpu-migrations": 117,
                "page-faults": 126493,
                "cycles": 308672025460,
                "instructions": 292626812783,
                "branches": 64105563862,
                "branch-misses": 1273465570,
                "max-rss": 479276,
                "wall-time": 106.25999999999999,
                "size-text": 906442,
                "size-data": 1800,
                "size-bss": 1848,
                "size-total": 910090
            },
            "mafft": {
                "task-clock": 17866.86,
                "context-switches": 1008,
                "cpu-migrations": 47,
                "page-faults": 137772,
                "cycles": 60115194606,
                "instructions": 58799541800,
                "branches": 12506709673,
                "branch-misses": 292666831,
                "max-rss": 1459664,
                "wall-time": 15.3,
                "size-text": 279105,
                "size-data": 3052,
                "size-bss": 14911040,
                "size-total": 15193197
            },
            "ClamAV": {
                "task-clock": 42038.776505999995,
                "context-switches": 3571,
                "cpu-migrations": 256,
                "page-faults": 413280,
                "cycles": 141324480464,
                "instructions": 129598640418,
                "branches": 27693719789,
                "branch-misses": 772652821,
                "max-rss": 4905892,
                "wall-time": 44.980000000000004,
                "size-text": 793525,
                "size-data": 52872,
                "size-bss": 4752,
                "size-total": 851149
            },
            "lencod": {
                "task-clock": 56703.859864,
                "context-switches": 3986,
                "cpu-migrations": 227,
                "page-faults": 281258,
                "cycles": 190254428366,
                "instructions": 195924668830,
                "branches": 41305310645,
                "branch-misses": 767646430,
                "max-rss": 2922144,
                "wall-time": 50.62,
                "size-text": 965227,
                "size-data": 2144,
                "size-bss": 106176,
                "size-total": 1073547
            },
            "SPASS": {
                "task-clock": 38067.660202,
                "context-switches": 3433,
                "cpu-migrations": 142,
                "page-faults": 229951,
                "cycles": 127881668208,
                "instructions": 115006742368,
                "branches": 24749453488,
                "branch-misses": 701981393,
                "max-rss": 2661888,
                "wall-time": 33.63,
                "size-text": 617600,
                "size-data": 872,
                "size-bss": 346536,
                "size-total": 965008
            },
            "7zip": {
                "task-clock": 113423.66081999999,
                "context-switches": 11899,
                "cpu-migrations": 488,
                "page-faults": 1044588,
                "cycles": 380835906929,
                "instructions": 329846538508,
                "branches": 70511625894,
                "branch-misses": 1972116189,
                "max-rss": 11636720,
                "wall-time": 103.43000000000002,
                "size-text": 1465769,
                "size-data": 4160,
                "size-bss": 29280,
                "size-total": 1499209
            },
            "geomean": {
                "task-clock": 45398.30382246135,
                "context-switches": 3031.1765646925087,
                "cpu-migrations": 163.05745589372262,
                "page-faults": 244222.58118597008,
                "cycles": 152516428357.80508,
                "instructions": 139488706113.10498,
                "branches": 29860899096.089043,
                "branch-misses": 733383041.7958012,
                "max-rss": 2136177.5167344073,
                "wall-time": 46.027022343494174,
                "size-text": 705458.361789031,
                "size-data": 6984.009238215472,
                "size-bss": 35437.433332268796,
                "size-total": 1228907.3505394042
            }
        },
        "O3": {
            "kimwitu++": {
                "task-clock": 24336.765334000003,
                "context-switches": 917,
                "cpu-migrations": 15,
                "page-faults": 155293,
                "cycles": 81447659034,
                "instructions": 65173326707,
                "branches": 14011767080,
                "branch-misses": 400876503,
                "max-rss": 1176820,
                "wall-time": 24.97,
                "size-text": 807977,
                "size-data": 31168,
                "size-bss": 12592,
                "size-total": 851737
            },
            "sqlite3": {
                "task-clock": 33082.329388,
                "context-switches": 184,
                "cpu-migrations": 2,
                "page-faults": 42239,
                "cycles": 111516424160,
                "instructions": 94926724990,
                "branches": 20336822728,
                "branch-misses": 562430673,
                "max-rss": 249384,