{
    "config": 0,
    "clang_size": [],
    "data": {
        "ReleaseThinLTO": {
            "kimwitu++": {
                "task-clock": 42649.208779,
                "context-switches": 2131,
                "cpu-migrations": 107,
                "page-faults": 148426,
                "cycles": 128998674038,
                "instructions": 93671232652,
                "branches": 20344562792,
                "branch-misses": 583153805,
                "max-rss": 1208496,
                "wall-time": 39.35000000000001
            },
            "sqlite3": {
                "task-clock": 58288.666903000005,
                "context-switches": 2980,
                "cpu-migrations": 152,
                "page-faults": 61659,
                "cycles": 176115218395,
                "instructions": 141672972897,
                "branches": 30498278298,
                "branch-misses": 817891545,
                "max-rss": 315024,
                "wall-time": 71.43
            },
            "consumer-typeset": {
                "task-clock": 37851.149691999984,
                "context-switches": 2532,
                "cpu-migrations": 130,
                "page-faults": 186912,
                "cycles": 114485138725,
                "instructions": 92609323837,
                "branches": 19751430928,
                "branch-misses": 568391267,
                "max-rss": 2836016,
                "wall-time": 35.11
            },
            "Bullet": {
                "task-clock": 62676.64586600001,
                "context-switches": 5644,
                "cpu-migrations": 250,
                "page-faults": 497691,
                "cycles": 189464632985,
                "instructions": 139747293571,
                "branches": 29580462235,
                "branch-misses": 785020992,
                "max-rss": 7197816,
                "wall-time": 84.94999999999993
            },
            "tramp3d-v4": {
                "task-clock": 113076.738493,
                "context-switches": 3425,
                "cpu-migrations": 166,
                "page-faults": 132014,
                "cycles": 342282802167,
                "instructions": 289833967963,
                "branches": 63343063620,
                "branch-misses": 1369371067,
                "max-rss": 483968,
                "wall-time": 131.82999999999998
            },
            "mafft": {
                "task-clock": 21875.799593999996,
                "context-switches": 689,
                "cpu-migrations": 2,
                "page-faults": 110389,
                "cycles": 66186008009,
                "instructions": 58028736912,
                "branches": 12332918938,
                "branch-misses": 298939106,
                "max-rss": 1551524,
                "wall-time": 17.349999999999998
            },
            "ClamAV": {
                "task-clock": 52649.612303000016,
                "context-switches": 3993,
                "cpu-migrations": 202,
                "page-faults": 303187,
                "cycles": 158997978409,
                "instructions": 129093552480,
                "branches": 27577189404,
                "branch-misses": 816176402,
                "max-rss": 5211880,
                "wall-time": 55.36000000000001
            },
            "lencod": {
                "task-clock": 69788.33698600001,
                "context-switches": 4205,
                "cpu-migrations": 229,
                "page-faults": 232590,
                "cycles": 211140671254,
                "instructions": 194263954991,
                "branches": 40746409558,
                "branch-misses": 810058323,
                "max-rss": 3119372,
                "wall-time": 60.599999999999994
            },
            "SPASS": {
                "task-clock": 49604.97455,
                "context-switches": 3901,
                "cpu-migrations": 103,
                "page-faults": 174710,
                "cycles": 149973212943,
                "instructions": 117043634600,
                "branches": 25221636631,
                "branch-misses": 760326747,
                "max-rss": 2820232,
                "wall-time": 43.620000000000005
            },
            "7zip": {
                "task-clock": 147759.47411,
                "context-switches": 13151,
                "cpu-migrations": 381,
                "page-faults": 810339,
                "cycles": 446542695632,
                "instructions": 330440447882,
                "branches": 70768213445,
                "branch-misses": 2152357879,
                "max-rss": 12381280,
                "wall-time": 133.17
            },
            "geomean": {
                "task-clock": 57468.19713249156,
                "context-switches": 3361.963744111174,
                "cpu-migrations": 112.2844940061832,
                "page-faults": 203841.93539008885,
                "cycles": 173766112495.4662,
                "instructions": 139553956663.0369,
                "branches": 29883695262.659397,
                "branch-misses": 789646373.8113129,
                "max-rss": 2249150.6092805895,
                "wall-time": 57.18069237520859
            }
        },
        "ReleaseLTO-g": {
            "kimwitu++": {
                "task-clock": 46252.34162500001,
                "context-switches": 985,
                "cpu-migrations": 1,
                "page-faults": 205836,
                "cycles": 139909059343,
                "instructions": 97258445640,
                "branches": 21028798396,
                "branch-misses": 599847770,
                "max-rss": 1438036,
                "wall-time": 46.90000000000001
            },
            "sqlite3": {
                "task-clock": 62964.342107000004,
                "context-switches": 650,
                "cpu-migrations": 1,
                "page-faults": 110275,
                "cycles": 190836522663,
                "instructions": 150965346266,
                "branches": 32289005853,
                "branch-misses": 845686402,
                "max-rss": 502652,
                "wall-time": 63.14
            },
            "consumer-typeset": {
                "task-clock": 39385.34536000001,
                "context-switches": 740,
                "cpu-migrations": 1,
                "page-faults": 216833,
                "cycles": 119156576268,
                "instructions": 95263682469,
                "branches": 20202454267,
                "branch-misses": 544966251,
                "max-rss": 2966396,
                "wall-time": 41.27000000000002
            },
            "Bullet": {
                "task-clock": 70154.25146399997,
                "context-switches": 3374,
                "cpu-migrations": 2,
                "page-faults": 562318,
                "cycles": 211915302759,
                "instructions": 157205509550,
                "branches": 33173816284,
                "branch-misses": 857134670,
                "max-rss": 7534404,
                "wall-time": 74.6
            },
            "tramp3d-v4": {
                "task-clock": 114871.51141,
                "context-switches": 777,
                "cpu-migrations": 1,
                "page-faults": 297777,
                "cycles": 348173340682,
                "instructions": 269900330693,
                "branches": 58377505299,
                "branch-misses": 1312492509,
                "max-rss": 1188028,
                "wall-time": 115.04
            },
            "mafft": {
                "task-clock": 22679.542156,
                "context-switches": 597,
                "cpu-migrations": 1,
                "page-faults": 126346,
                "cycles": 68717471219,
                "instructions": 68394482569,
                "branches": 14461882500,
                "branch-misses": 341871506,
                "max-rss": 1640940,
                "wall-time": 23.660000000000007
            },