{
    "config": 0,
    "clang_size": [],
    "data": {
        "ReleaseThinLTO": {
            "kimwitu++": {
                "task-clock": 42320.630821,
                "context-switches": 1934,
                "cpu-migrations": 71,
                "page-faults": 148521,
                "cycles": 128766559077,
                "instructions": 93925852460,
                "branches": 20406564311,
                "branch-misses": 576793962,
                "max-rss": 1211904,
                "wall-time": 38.57
            },
            "sqlite3": {
                "task-clock": 59033.702663000004,
                "context-switches": 2396,
                "cpu-migrations": 126,
                "page-faults": 61506,
                "cycles": 178404131355,
                "instructions": 142490514816,
                "branches": 30683067332,
                "branch-misses": 819017951,
                "max-rss": 315200,
                "wall-time": 71.44
            },
            "consumer-typeset": {
                "task-clock": 37862.99617099999,
                "context-switches": 3028,
                "cpu-migrations": 138,
                "page-faults": 188341,
                "cycles": 114368881719,
                "instructions": 92895295446,
                "branches": 19817783402,
                "branch-misses": 570309172,
                "max-rss": 2828868,
                "wall-time": 34.8
            },
            "Bullet": {
                "task-clock": 61502.17851899998,
                "context-switches": 5111,
                "cpu-migrations": 202,
                "page-faults": 496353,
                "cycles": 189262000070,
                "instructions": 139831640620,
                "branches": 29604161126,
                "branch-misses": 783983949,
                "max-rss": 7215320,
                "wall-time": 82.79000000000002
            },
            "tramp3d-v4": {
                "task-clock": 113615.71198,
                "context-switches": 3708,
                "cpu-migrations": 219,
                "page-faults": 132646,
                "cycles": 344587748887,
                "instructions": 291265958055,
                "branches": 63662126314,
                "branch-misses": 1366192944,
                "max-rss": 483328,
                "wall-time": 134.03
            },
            "mafft": {
                "task-clock": 21984.355721,
                "context-switches": 734,
                "cpu-migrations": 2,
                "page-faults": 110484,
                "cycles": 66448261102,
                "instructions": 58264443142,
                "branches": 12385607349,
                "branch-misses": 298122411,
                "max-rss": 1552180,
                "wall-time": 17.54
            },
            "ClamAV": {
                "task-clock": 52744.074478999995,
                "context-switches": 4079,
                "cpu-migrations": 218,
                "page-faults": 301353,
                "cycles": 158991528847,
                "instructions": 129397878774,
                "branches": 27649084535,
                "branch-misses": 815529275,
                "max-rss": 5217236,
                "wall-time": 56.56
            },
            "lencod": {
                "task-clock": 69829.725345,
                "context-switches": 4146,
                "cpu-migrations": 217,
                "page-faults": 229809,
                "cycles": 210335808340,
                "instructions": 194352838126,
                "branches": 40768488795,
                "branch-misses": 805876804,
                "max-rss": 3118872,
                "wall-time": 60.05
            },
            "SPASS": {
                "task-clock": 49592.872174,
                "context-switches": 3865,
                "cpu-migrations": 84,
                "page-faults": 175683,
                "cycles": 149317118829,
                "instructions": 117546407723,
                "branches": 25336803405,
                "branch-misses": 758569989,
                "max-rss": 2825852,
                "wall-time": 43.22
            },
            "7zip": {
                "task-clock": 144057.18459900003,
                "context-switches": 12489,
                "cpu-migrations": 297,
                "page-faults": 810864,
                "cycles": 444340451803,
                "instructions": 330531581623,
                "branches": 70793255821,
                "branch-misses": 2141532816,
                "max-rss": 12387792,
                "wall-time": 129.61999999999998
            },
            "geomean": {
                "task-clock": 57312.29457940826,
                "context-switches": 3313.066085094414,
                "cpu-migrations": 102.57193354180596,
                "page-faults": 203777.14484079625,
                "cycles": 173879162811.48795,
                "instructions": 139952415024.93146,
                "branches": 29975221621.510086,
                "branch-misses": 787601785.0706676,
                "max-rss": 2250447.1053083604,
                "wall-time": 56.88999570890709
            }
        },
        "ReleaseLTO-g": {
            "kimwitu++": {
                "task-clock": 46159.12689099999,
                "context-switches": 925,
                "cpu-migrations": 1,
                "page-faults": 205667,
                "cycles": 139410673839,
                "instructions": 97548820441,
                "branches": 21101093889,
                "branch-misses": 596716030,
                "max-rss": 1438616,
                "wall-time": 46.760000000000005
            },
            "sqlite3": {
                "task-clock": 63096.960351999995,
                "context-switches": 513,
                "cpu-migrations": 1,
                "page-faults": 110130,
                "cycles": 192653772749,
                "instructions": 151754992264,
                "branches": 32475186738,
                "branch-misses": 845159463,
                "max-rss": 502916,
                "wall-time": 63.269999999999996
            },
            "consumer-typeset": {
                "task-clock": 39612.277593000006,
                "context-switches": 979,
                "cpu-migrations": 1,
                "page-faults": 216443,
                "cycles": 119922386497,
                "instructions": 95514969216,
                "branches": 20260318264,
                "branch-misses": 544640309,
                "max-rss": 2968212,
                "wall-time": 41.54
            },
            "Bullet": {
                "task-clock": 69766.34917600002,
                "context-switches": 2966,
                "cpu-migrations": 1,
                "page-faults": 561715,
                "cycles": 210824534579,
                "instructions": 157316704987,
                "branches": 33206546903,
                "branch-misses": 854909149,
                "max-rss": 7525528,
                "wall-time": 74.20999999999998
            },
            "tramp3d-v4": {
                "task-clock": 115056.92851999999,
                "context-switches": 694,
                "cpu-migrations": 2,
                "page-faults": 298530,
                "cycles": 348711050332,
                "instructions": 270899644551,
                "branches": 58622438627,
                "branch-misses": 1302891540,
                "max-rss": 1190564,
                "wall-time": 115.23
            },
            "mafft": {
                "task-clock": 22710.407893999993,
                "context-switches": 598,
                "cpu-migrations": 0,
                "page-faults": 126250,
                "cycles": 68867415480,
                "instructions": 68577105759,
                "branches": 14505377647,
                "branch-misses": 339717288,
                "max-rss": 1644760,
                "wall-time": 23.680000000000007
            },
            "ClamAV": {
                "task-clock": 60364.71112400001,