{
    "config": 0,
    "clang_size": [],
    "data": {
        "ReleaseThinLTO": {
            "kimwitu++": {
                "task-clock": 42035.403378999996,
                "context-switches": 2304,
                "cpu-migrations": 94,
                "page-faults": 148178,
                "cycles": 128300184665,
                "instructions": 93492911620,
                "branches": 20292933455,
                "branch-misses": 581733769,
                "max-rss": 1201252,
                "wall-time": 38.500000000000014
            },
            "sqlite3": {
                "task-clock": 57926.615589,
                "context-switches": 2473,
                "cpu-migrations": 152,
                "page-faults": 61674,
                "cycles": 176371523929,
                "instructions": 141568171088,
                "branches": 30463988940,
                "branch-misses": 816959326,
                "max-rss": 315632,
                "wall-time": 70.97
            },
            "consumer-typeset": {
                "task-clock": 37324.91996400001,
                "context-switches": 2441,
                "cpu-migrations": 162,
                "page-faults": 186793,
                "cycles": 113662439051,
                "instructions": 92449539493,
                "branches": 19709302402,
                "branch-misses": 567063800,
                "max-rss": 2839936,
                "wall-time": 34.230000000000004
            },
            "Bullet": {
                "task-clock": 62179.822599999985,
                "context-switches": 5325,
                "cpu-migrations": 201,
                "page-faults": 497765,
                "cycles": 189351707886,
                "instructions": 139644007121,
                "branches": 29546490787,
                "branch-misses": 786982558,
                "max-rss": 7206040,
                "wall-time": 83.43999999999998
            },
            "tramp3d-v4": {
                "task-clock": 112272.130273,
                "context-switches": 3434,
                "cpu-migrations": 190,
                "page-faults": 128703,
                "cycles": 342520403165,
                "instructions": 289438384733,
                "branches": 63190271971,
                "branch-misses": 1371024713,
                "max-rss": 486168,
                "wall-time": 131.82999999999998
            },
            "mafft": {
                "task-clock": 21843.202091000003,
                "context-switches": 728,
                "cpu-migrations": 2,
                "page-faults": 110735,
                "cycles": 66488918179,
                "instructions": 57969676181,
                "branches": 12318658712,
                "branch-misses": 299066955,
                "max-rss": 1551344,
                "wall-time": 17.42
            },
            "ClamAV": {
                "task-clock": 52121.135092000004,
                "context-switches": 4048,
                "cpu-migrations": 230,
                "page-faults": 301734,
                "cycles": 158523572802,
                "instructions": 128916727492,
                "branches": 27541729734,
                "branch-misses": 814145460,
                "max-rss": 5223940,
                "wall-time": 55.029999999999994
            },
            "lencod": {
                "task-clock": 68866.687616,
                "context-switches": 4318,
                "cpu-migrations": 220,
                "page-faults": 229736,
                "cycles": 210111781534,
                "instructions": 194082824765,
                "branches": 40693156539,
                "branch-misses": 805719474,
                "max-rss": 3123076,
                "wall-time": 59.71000000000001
            },
            "SPASS": {
                "task-clock": 48973.66787699999,
                "context-switches": 4157,
                "cpu-migrations": 127,
                "page-faults": 174743,
                "cycles": 149028624715,
                "instructions": 116810601957,
                "branches": 25157278726,
                "branch-misses": 757322145,
                "max-rss": 2827220,
                "wall-time": 43.019999999999996
            },
            "7zip": {
                "task-clock": 146570.45535700003,
                "context-switches": 12520,
                "cpu-migrations": 282,
                "page-faults": 811571,
                "cycles": 446108388354,
                "instructions": 330239357144,
                "branches": 70703260786,
                "branch-misses": 2148212443,
                "max-rss": 12391772,
                "wall-time": 132.67000000000004
            },
            "geomean": {
                "task-clock": 56921.483912540156,
                "context-switches": 3331.5268273065217,
                "cpu-migrations": 112.34841391554282,
                "page-faults": 203035.69626601768,
                "cycles": 173389662010.08,
                "instructions": 139381002246.5419,
                "branches": 29834159724.430885,
                "branch-misses": 788420522.2810905,
                "max-rss": 2251328.454507771,
                "wall-time": 56.5779079984054
            }
        },
        "ReleaseLTO-g": {
            "kimwitu++": {
                "task-clock": 45701.63546599999,
                "context-switches": 905,
                "cpu-migrations": 1,
                "page-faults": 206087,
                "cycles": 139647784221,
                "instructions": 97150014002,
                "branches": 20992554527,
                "branch-misses": 599458588,
                "max-rss": 1438376,
                "wall-time": 46.31
            },
            "sqlite3": {
                "task-clock": 62470.131766,
                "context-switches": 442,
                "cpu-migrations": 1,
                "page-faults": 110166,
                "cycles": 190612907847,
                "instructions": 150824381866,
                "branches": 32252264408,
                "branch-misses": 846435966,
                "max-rss": 504916,
                "wall-time": 62.64
            },
            "consumer-typeset": {
                "task-clock": 39261.408573,
                "context-switches": 942,
                "cpu-migrations": 1,
                "page-faults": 216775,
                "cycles": 119767186454,
                "instructions": 95130514036,
                "branches": 20166567401,
                "branch-misses": 546305976,
                "max-rss": 2971652,
                "wall-time": 41.13
            },
            "Bullet": {
                "task-clock": 69468.75321300002,
                "context-switches": 2919,
                "cpu-migrations": 1,
                "page-faults": 562565,
                "cycles": 212097972006,
                "instructions": 157065943170,
                "branches": 33131091990,
                "branch-misses": 858347731,
                "max-rss": 7530856,
                "wall-time": 73.87
            },
            "tramp3d-v4": {
                "task-clock": 113647.48941499999,
                "context-switches": 1014,
                "cpu-migrations": 1,
                "page-faults": 298132,
                "cycles": 346991479222,
                "instructions": 269896570612,
                "branches": 58335870250,
                "branch-misses": 1307757124,
                "max-rss": 1189668,
                "wall-time": 113.82
            },
            "mafft": {
                "task-clock": 22644.104961,
                "context-switches": 578,
                "cpu-migrations": 0,
                "page-faults": 126836,
                "cycles": 69038051034,
                "instructions": 68271299026,
                "branches": 14436117083,
                "branch-misses": 340830055,
                "max-rss": 1644860,
                "wall-time": 23.650000000000006
            },