{
    "config": 0,
    "clang_size": [],
    "data": {
        "ReleaseThinLTO": {
            "kimwitu++": {
                "task-clock": 41582.703301,
                "context-switches": 2002,
                "cpu-migrations": 86,
                "page-faults": 148474,
                "cycles": 127544947731,
                "instructions": 93855227650,
                "branches": 20377189633,
                "branch-misses": 575008644,
                "max-rss": 1209048,
                "wall-time": 38.03999999999999
            },
            "sqlite3": {
                "task-clock": 55980.928577,
                "context-switches": 2776,
                "cpu-migrations": 128,
                "page-faults": 62158,
                "cycles": 173346054637,
                "instructions": 142563178142,
                "branches": 30647469465,
                "branch-misses": 815030478,
                "max-rss": 316684,
                "wall-time": 68.47
            },
            "consumer-typeset": {
                "task-clock": 36513.41103300002,
                "context-switches": 2523,
                "cpu-migrations": 188,
                "page-faults": 186451,
                "cycles": 113409711577,
                "instructions": 92938830995,
                "branches": 19796769295,
                "branch-misses": 567862730,
                "max-rss": 2824140,
                "wall-time": 33.56
            },
            "Bullet": {
                "task-clock": 60843.04605999998,
                "context-switches": 5192,
                "cpu-migrations": 263,
                "page-faults": 496989,
                "cycles": 187879483917,
                "instructions": 139749676646,
                "branches": 29564047185,
                "branch-misses": 782372200,
                "max-rss": 7190272,
                "wall-time": 82.16999999999999
            },
            "tramp3d-v4": {
                "task-clock": 110113.29622599999,
                "context-switches": 3781,
                "cpu-migrations": 230,
                "page-faults": 124517,
                "cycles": 338050360846,
                "instructions": 291314942366,
                "branches": 63588240180,
                "branch-misses": 1356307681,
                "max-rss": 484868,
                "wall-time": 128.99
            },
            "mafft": {
                "task-clock": 20942.029230000004,
                "context-switches": 702,
                "cpu-migrations": 1,
                "page-faults": 111827,
                "cycles": 65938760867,
                "instructions": 58268260771,
                "branches": 12368005419,
                "branch-misses": 298481352,
                "max-rss": 1549708,
                "wall-time": 16.61
            },
            "ClamAV": {
                "task-clock": 51646.93713499999,
                "context-switches": 3901,
                "cpu-migrations": 221,
                "page-faults": 301650,
                "cycles": 157453394863,
                "instructions": 129710170237,
                "branches": 27643873233,
                "branch-misses": 814806511,
                "max-rss": 5203564,
                "wall-time": 54.92
            },
            "lencod": {
                "task-clock": 68091.975276,
                "context-switches": 3895,
                "cpu-migrations": 177,
                "page-faults": 230006,
                "cycles": 209237096099,
                "instructions": 194625352224,
                "branches": 40731000409,
                "branch-misses": 810527106,
                "max-rss": 3109668,
                "wall-time": 58.839999999999996
            },
            "SPASS": {
                "task-clock": 48973.87906399999,
                "context-switches": 3888,
                "cpu-migrations": 94,
                "page-faults": 175178,
                "cycles": 149043448817,
                "instructions": 117566362067,
                "branches": 25305757276,
                "branch-misses": 757124952,
                "max-rss": 2819656,
                "wall-time": 42.62
            },
            "7zip": {
                "task-clock": 143796.33795999998,
                "context-switches": 12303,
                "cpu-migrations": 360,
                "page-faults": 809412,
                "cycles": 441655361451,
                "instructions": 331038817925,
                "branches": 70774788655,
                "branch-misses": 2151828563,
                "max-rss": 12365448,
                "wall-time": 129.85999999999999
            },
            "geomean": {
                "task-clock": 55851.23144183961,
                "context-switches": 3271.52312984772,
                "cpu-migrations": 105.18034110248844,
                "page-faults": 202708.79662318592,
                "cycles": 172084443728.27115,
                "instructions": 140027846974.5465,
                "branches": 29944671137.36319,
                "branch-misses": 786606930.4517994,
                "max-rss": 2248016.7932378724,
                "wall-time": 55.4586608704778
            }
        },
        "ReleaseLTO-g": {
            "kimwitu++": {
                "task-clock": 44029.709471999995,
                "context-switches": 967,
                "cpu-migrations": 1,
                "page-faults": 205753,
                "cycles": 137581663012,
                "instructions": 97442587862,
                "branches": 21068506355,
                "branch-misses": 596198189,
                "max-rss": 1439252,
                "wall-time": 44.61
            },
            "sqlite3": {
                "task-clock": 60734.962305,
                "context-switches": 488,
                "cpu-migrations": 1,
                "page-faults": 110099,
                "cycles": 188821378425,
                "instructions": 151892221680,
                "branches": 32458203209,
                "branch-misses": 845953068,
                "max-rss": 503748,
                "wall-time": 60.89
            },
            "consumer-typeset": {
                "task-clock": 38087.16483000001,
                "context-switches": 824,
                "cpu-migrations": 1,
                "page-faults": 216526,
                "cycles": 117892895960,
                "instructions": 95561748196,
                "branches": 20242214857,
                "branch-misses": 543664553,
                "max-rss": 2961084,
                "wall-time": 39.98999999999998
            },
            "Bullet": {
                "task-clock": 68102.90281599999,
                "context-switches": 3216,
                "cpu-migrations": 1,
                "page-faults": 561646,
                "cycles": 210016618939,
                "instructions": 157215886132,
                "branches": 33162516603,
                "branch-misses": 856056745,
                "max-rss": 7508484,
                "wall-time": 72.39000000000001
            },
            "tramp3d-v4": {
                "task-clock": 109807.220166,
                "context-switches": 839,
                "cpu-migrations": 1,
                "page-faults": 298979,
                "cycles": 342462046032,
                "instructions": 271080016592,
                "branches": 58601811372,
                "branch-misses": 1297959022,
                "max-rss": 1193104,
                "wall-time": 110
            },
            "mafft": {
                "task-clock": 21674.504922999997,
                "context-switches": 602,
                "cpu-migrations": 0,
                "page-faults": 126311,
                "cycles": 68108138385,
                "instructions": 68669754721,
                "branches": 14498204913,
                "branch-misses": 340219150,
                "max-rss": 1636836,
                "wall-time": 22.629999999999995
            },
            "ClamAV": {
                "task-clock": 58014.860603,