{
    "config": 0,
    "clang_size": [],
    "data": {
        "ReleaseThinLTO": {
            "kimwitu++": {
                "task-clock": 42448.70977100001,
                "context-switches": 1973,
                "cpu-migrations": 37,
                "page-faults": 147345,
                "cycles": 128869910506,
                "instructions": 93855199518,
                "branches": 20391073599,
                "branch-misses": 582829804,
                "max-rss": 1203548,
                "wall-time": 37.959999999999994
            },
            "sqlite3": {
                "task-clock": 58185.845276,
                "context-switches": 2407,
                "cpu-migrations": 180,
                "page-faults": 61632,
                "cycles": 177036835252,
                "instructions": 142351438200,
                "branches": 30654825232,
                "branch-misses": 818279422,
                "max-rss": 315844,
                "wall-time": 72.34
            },
            "consumer-typeset": {
                "task-clock": 37487.69401099998,
                "context-switches": 2318,
                "cpu-migrations": 94,
                "page-faults": 188600,
                "cycles": 114128810060,
                "instructions": 92871307742,
                "branches": 19814652033,
                "branch-misses": 567787582,
                "max-rss": 2828076,
                "wall-time": 33.93999999999998
            },
            "Bullet": {
                "task-clock": 62433.737402,
                "context-switches": 5221,
                "cpu-migrations": 231,
                "page-faults": 496068,
                "cycles": 189233647555,
                "instructions": 139864992525,
                "branches": 29610851358,
                "branch-misses": 785554780,
                "max-rss": 7209680,
                "wall-time": 83.86999999999999
            },
            "tramp3d-v4": {
                "task-clock": 113539.25599599999,
                "context-switches": 2988,
                "cpu-migrations": 198,
                "page-faults": 123988,
                "cycles": 344698876418,
                "instructions": 291069405865,
                "branches": 63626081476,
                "branch-misses": 1363777212,
                "max-rss": 484144,
                "wall-time": 133
            },
            "mafft": {
                "task-clock": 22044.984016999995,
                "context-switches": 899,
                "cpu-migrations": 15,
                "page-faults": 108974,
                "cycles": 67191203008,
                "instructions": 58298813681,
                "branches": 12393039371,
                "branch-misses": 302030714,
                "max-rss": 1549560,
                "wall-time": 17.92
            },
            "ClamAV": {
                "task-clock": 52427.45424800002,
                "context-switches": 4079,
                "cpu-migrations": 167,
                "page-faults": 302464,
                "cycles": 159330515660,
                "instructions": 129359461353,
                "branches": 27641128712,
                "branch-misses": 814712307,
                "max-rss": 5218688,
                "wall-time": 55.69
            },
            "lencod": {
                "task-clock": 69196.92554299999,
                "context-switches": 4563,
                "cpu-migrations": 361,
                "page-faults": 229270,
                "cycles": 210687234960,
                "instructions": 194371920220,
                "branches": 40773451337,
                "branch-misses": 800993264,
                "max-rss": 3119780,
                "wall-time": 61.209999999999994
            },
            "SPASS": {
                "task-clock": 49187.136586,
                "context-switches": 3799,
                "cpu-migrations": 92,
                "page-faults": 175444,
                "cycles": 149564658171,
                "instructions": 117498307458,
                "branches": 25329156138,
                "branch-misses": 757080360,
                "max-rss": 2828752,
                "wall-time": 42.739999999999995
            },
            "7zip": {
                "task-clock": 146655.99337,
                "context-switches": 12537,
                "cpu-migrations": 364,
                "page-faults": 809678,
                "cycles": 445173738127,
                "instructions": 330431821023,
                "branches": 70772857735,
                "branch-misses": 2150975566,
                "max-rss": 12382472,
                "wall-time": 132.20999999999998
            },
            "geomean": {
                "task-clock": 57256.43002699385,
                "context-switches": 3263.0803492499444,
                "cpu-migrations": 124.11044694752519,
                "page-faults": 201994.66045401516,
                "cycles": 174046654726.6324,
                "instructions": 139914017102.16174,
                "branches": 29968223494.754112,
                "branch-misses": 788680473.2403564,
                "max-rss": 2249372.386806722,
                "wall-time": 56.94965868704281
            }
        },
        "ReleaseLTO-g": {
            "kimwitu++": {
                "task-clock": 45790.91990900001,
                "context-switches": 1125,
                "cpu-migrations": 1,
                "page-faults": 205843,
                "cycles": 139479675348,
                "instructions": 97419468638,
                "branches": 21074935522,
                "branch-misses": 598084723,
                "max-rss": 1440676,
                "wall-time": 46.400000000000006
            },
            "sqlite3": {
                "task-clock": 63159.39575899999,
                "context-switches": 309,
                "cpu-migrations": 1,
                "page-faults": 110141,
                "cycles": 191959047886,
                "instructions": 151764298619,
                "branches": 32477918467,
                "branch-misses": 847383641,
                "max-rss": 503944,
                "wall-time": 63.32
            },
            "consumer-typeset": {
                "task-clock": 39045.13481300001,
                "context-switches": 951,
                "cpu-migrations": 1,
                "page-faults": 216486,
                "cycles": 119087776110,
                "instructions": 95528556313,
                "branches": 20262596015,
                "branch-misses": 545403253,
                "max-rss": 2969848,
                "wall-time": 40.89000000000001
            },
            "Bullet": {
                "task-clock": 69300.18994200003,
                "context-switches": 3541,
                "cpu-migrations": 1,
                "page-faults": 562181,
                "cycles": 210879873001,
                "instructions": 157288615409,
                "branches": 33201483987,
                "branch-misses": 857124584,
                "max-rss": 7525820,
                "wall-time": 73.75999999999999
            },
            "tramp3d-v4": {
                "task-clock": 114960.227435,
                "context-switches": 634,
                "cpu-migrations": 1,
                "page-faults": 298791,
                "cycles": 349358785190,
                "instructions": 270957571130,
                "branches": 58638091957,
                "branch-misses": 1313230808,
                "max-rss": 1191836,
                "wall-time": 115.11
            },
            "mafft": {
                "task-clock": 22601.581748999997,
                "context-switches": 511,
                "cpu-migrations": 0,
                "page-faults": 128119,
                "cycles": 68787641126,
                "instructions": 68573972032,
                "branches": 14505230722,
                "branch-misses": 338525267,
                "max-rss": 1644380,
                "wall-time": 23.580000000000002
            },