{
    "config": 0,
    "clang_size": [],
    "data": {
        "ReleaseThinLTO": {
            "kimwitu++": {
                "task-clock": 41263.93603600001,
                "context-switches": 2103,
                "cpu-migrations": 72,
                "page-faults": 147161,
                "cycles": 127637609761,
                "instructions": 93925657199,
                "branches": 20391078552,
                "branch-misses": 581447291,
                "max-rss": 1205684,
                "wall-time": 37.96
            },
            "sqlite3": {
                "task-clock": 55458.721813,
                "context-switches": 2632,
                "cpu-migrations": 209,
                "page-faults": 61651,
                "cycles": 171808693461,
                "instructions": 142554675189,
                "branches": 30649593296,
                "branch-misses": 812647398,
                "max-rss": 315476,
                "wall-time": 68.36
            },
            "consumer-typeset": {
                "task-clock": 36500.97725599999,
                "context-switches": 2260,
                "cpu-migrations": 141,
                "page-faults": 188643,
                "cycles": 113277471230,
                "instructions": 92908346738,
                "branches": 19789425999,
                "branch-misses": 568400121,
                "max-rss": 2823020,
                "wall-time": 33.37999999999998
            },
            "Bullet": {
                "task-clock": 60719.87286199999,
                "context-switches": 5412,
                "cpu-migrations": 306,
                "page-faults": 496781,
                "cycles": 187706081540,
                "instructions": 139768370292,
                "branches": 29569903119,
                "branch-misses": 784158038,
                "max-rss": 7197920,
                "wall-time": 82.51999999999998
            },
            "tramp3d-v4": {
                "task-clock": 110126.705164,
                "context-switches": 3208,
                "cpu-migrations": 205,
                "page-faults": 128066,
                "cycles": 338354194624,
                "instructions": 291416816972,
                "branches": 63615609861,
                "branch-misses": 1363755352,
                "max-rss": 483956,
                "wall-time": 129.29
            },
            "mafft": {
                "task-clock": 21402.255349000006,
                "context-switches": 710,
                "cpu-migrations": 0,
                "page-faults": 111097,
                "cycles": 65766769094,
                "instructions": 58267182408,
                "branches": 12369417868,
                "branch-misses": 298254568,
                "max-rss": 1544108,
                "wall-time": 16.97
            },
            "ClamAV": {
                "task-clock": 51674.808366999976,
                "context-switches": 4032,
                "cpu-migrations": 197,
                "page-faults": 303164,
                "cycles": 157107787200,
                "instructions": 129632493552,
                "branches": 27627133861,
                "branch-misses": 815482672,
                "max-rss": 5215312,
                "wall-time": 54.97000000000002
            },
            "lencod": {
                "task-clock": 68302.84711900001,
                "context-switches": 4112,
                "cpu-migrations": 210,
                "page-faults": 227242,
                "cycles": 209833580991,
                "instructions": 194517299184,
                "branches": 40707832928,
                "branch-misses": 810397233,
                "max-rss": 3114572,
                "wall-time": 58.919999999999995
            },
            "SPASS": {
                "task-clock": 50031.704039,
                "context-switches": 3960,
                "cpu-migrations": 103,
                "page-faults": 174749,
                "cycles": 149090005240,
                "instructions": 117559102580,
                "branches": 25304998409,
                "branch-misses": 757813138,
                "max-rss": 2819748,
                "wall-time": 43.48
            },
            "7zip": {
                "task-clock": 143938.99686899997,
                "context-switches": 12174,
                "cpu-migrations": 344,
                "page-faults": 810166,
                "cycles": 441878315643,
                "instructions": 330961553467,
                "branches": 70763333784,
                "branch-misses": 2150668917,
                "max-rss": 12371500,
                "wall-time": 128.80999999999995
            },
            "geomean": {
                "task-clock": 56010.17748777919,
                "context-switches": 3229.0786307666467,
                "cpu-migrations": 0,
                "page-faults": 202853.71461309373,
                "cycles": 171903519453.65317,
                "instructions": 140019134334.94998,
                "branches": 29943939620.43767,
                "branch-misses": 787960089.4372753,
                "max-rss": 2246423.1561052287,
                "wall-time": 55.64226724551626
            }
        },
        "ReleaseLTO-g": {
            "kimwitu++": {
                "task-clock": 43645.621861,
                "context-switches": 998,
                "cpu-migrations": 1,
                "page-faults": 206157,
                "cycles": 137235327550,
                "instructions": 97380812130,
                "branches": 21052772390,
                "branch-misses": 597605034,
                "max-rss": 1439160,
                "wall-time": 44.21999999999999
            },
            "sqlite3": {
                "task-clock": 60933.839329,
                "context-switches": 439,
                "cpu-migrations": 1,
                "page-faults": 110090,
                "cycles": 187776658165,
                "instructions": 151939669392,
                "branches": 32472524082,
                "branch-misses": 846689993,
                "max-rss": 503576,
                "wall-time": 61.099999999999994
            },
            "consumer-typeset": {
                "task-clock": 37864.607818,
                "context-switches": 825,
                "cpu-migrations": 1,
                "page-faults": 216434,
                "cycles": 117105404578,
                "instructions": 95533494506,
                "branches": 20236512929,
                "branch-misses": 544450367,
                "max-rss": 2960356,
                "wall-time": 39.61999999999999
            },
            "Bullet": {
                "task-clock": 67532.10603800003,
                "context-switches": 3298,
                "cpu-migrations": 1,
                "page-faults": 561823,
                "cycles": 209965450212,
                "instructions": 157184878387,
                "branches": 33158008195,
                "branch-misses": 856770663,
                "max-rss": 7515648,
                "wall-time": 71.76999999999998
            },
            "tramp3d-v4": {
                "task-clock": 108912.381563,
                "context-switches": 667,
                "cpu-migrations": 1,
                "page-faults": 298687,
                "cycles": 340660110905,
                "instructions": 270995338766,
                "branches": 58588292808,
                "branch-misses": 1306367438,
                "max-rss": 1191656,
                "wall-time": 109.07
            },
            "mafft": {
                "task-clock": 21957.783122,
                "context-switches": 534,
                "cpu-migrations": 1,
                "page-faults": 127936,
                "cycles": 67846259570,
                "instructions": 68632969082,
                "branches": 14492099493,
                "branch-misses": 339531646,
                "max-rss": 1638952,
                "wall-time": 22.929999999999996
            },