{
    "config": 0,
    "clang_size": [],
    "data": {
        "ReleaseThinLTO": {
            "kimwitu++": {
                "task-clock": 42666.14176,
                "context-switches": 1938,
                "cpu-migrations": 90,
                "page-faults": 148599,
                "cycles": 127132683970,
                "instructions": 93589738251,
                "branches": 20329296655,
                "branch-misses": 581683513,
                "max-rss": 1210028,
                "wall-time": 38.94
            },
            "sqlite3": {
                "task-clock": 58124.751315,
                "context-switches": 2642,
                "cpu-migrations": 169,
                "page-faults": 61660,
                "cycles": 173518655578,
                "instructions": 141702135512,
                "branches": 30509959959,
                "branch-misses": 816932030,
                "max-rss": 316448,
                "wall-time": 71.5
            },
            "consumer-typeset": {
                "task-clock": 37968.44179,
                "context-switches": 2297,
                "cpu-migrations": 104,
                "page-faults": 188416,
                "cycles": 113566341223,
                "instructions": 92592763851,
                "branches": 19751733099,
                "branch-misses": 568499311,
                "max-rss": 2831820,
                "wall-time": 34.01
            },
            "Bullet": {
                "task-clock": 62935.21422100002,
                "context-switches": 5495,
                "cpu-migrations": 237,
                "page-faults": 498018,
                "cycles": 187883252654,
                "instructions": 139710576825,
                "branches": 29574568978,
                "branch-misses": 786764830,
                "max-rss": 7193384,
                "wall-time": 85.02999999999996
            },
            "tramp3d-v4": {
                "task-clock": 113093.889636,
                "context-switches": 3180,
                "cpu-migrations": 126,
                "page-faults": 133217,
                "cycles": 337118568625,
                "instructions": 289764755686,
                "branches": 63329595865,
                "branch-misses": 1365947561,
                "max-rss": 483848,
                "wall-time": 132.13
            },
            "mafft": {
                "task-clock": 22078.834987000002,
                "context-switches": 705,
                "cpu-migrations": 0,
                "page-faults": 110079,
                "cycles": 65879451170,
                "instructions": 58012924565,
                "branches": 12330671428,
                "branch-misses": 298893315,
                "max-rss": 1551432,
                "wall-time": 17.55
            },
            "ClamAV": {
                "task-clock": 52869.101306,
                "context-switches": 4164,
                "cpu-migrations": 204,
                "page-faults": 302569,
                "cycles": 157645854626,
                "instructions": 128988090950,
                "branches": 27558726870,
                "branch-misses": 815444910,
                "max-rss": 5223532,
                "wall-time": 56.27999999999997
            },
            "lencod": {
                "task-clock": 70278.115871,
                "context-switches": 4557,
                "cpu-migrations": 237,
                "page-faults": 228472,
                "cycles": 209387490594,
                "instructions": 194191665641,
                "branches": 40736748641,
                "branch-misses": 805380890,
                "max-rss": 3117892,
                "wall-time": 61.269999999999996
            },
            "SPASS": {
                "task-clock": 49796.556679,
                "context-switches": 3974,
                "cpu-migrations": 105,
                "page-faults": 175358,
                "cycles": 148632777269,
                "instructions": 116973356087,
                "branches": 25205841235,
                "branch-misses": 760256166,
                "max-rss": 2827116,
                "wall-time": 43.8
            },
            "7zip": {
                "task-clock": 148330.302339,
                "context-switches": 12545,
                "cpu-migrations": 313,
                "page-faults": 809294,
                "cycles": 442449971643,
                "instructions": 330367379819,
                "branches": 70760928642,
                "branch-misses": 2149954068,
                "max-rss": 12376536,
                "wall-time": 133.93
            },
            "geomean": {
                "task-clock": 57658.42163408544,
                "context-switches": 3263.562838581002,
                "cpu-migrations": 0,
                "page-faults": 203813.7909273445,
                "cycles": 172023816755.18027,
                "instructions": 139503325125.0356,
                "branches": 29875977930.349785,
                "branch-misses": 788711706.181043,
                "max-rss": 2250767.536088231,
                "wall-time": 57.24154278350219
            }
        },
        "ReleaseLTO-g": {
            "kimwitu++": {
                "task-clock": 45968.11769800001,
                "context-switches": 740,
                "cpu-migrations": 1,
                "page-faults": 205656,
                "cycles": 137529552541,
                "instructions": 97193761192,
                "branches": 21018929395,
                "branch-misses": 601196551,
                "max-rss": 1439368,
                "wall-time": 46.57
            },
            "sqlite3": {
                "task-clock": 63133.283039,
                "context-switches": 538,
                "cpu-migrations": 1,
                "page-faults": 110088,
                "cycles": 189107767733,
                "instructions": 151139999185,
                "branches": 32336774365,
                "branch-misses": 848772322,
                "max-rss": 503280,
                "wall-time": 63.28999999999999
            },
            "consumer-typeset": {
                "task-clock": 39290.31682900001,
                "context-switches": 855,
                "cpu-migrations": 1,
                "page-faults": 216701,
                "cycles": 117768120974,
                "instructions": 95200717170,
                "branches": 20192132789,
                "branch-misses": 545775289,
                "max-rss": 2971892,
                "wall-time": 41.13999999999999
            },
            "Bullet": {
                "task-clock": 70148.00381699999,
                "context-switches": 2860,
                "cpu-migrations": 3,
                "page-faults": 562146,
                "cycles": 210033090367,
                "instructions": 157143231216,
                "branches": 33164076616,
                "branch-misses": 859392590,
                "max-rss": 7530644,
                "wall-time": 74.66
            },
            "tramp3d-v4": {
                "task-clock": 114305.05001,
                "context-switches": 1167,
                "cpu-migrations": 1,
                "page-faults": 298924,
                "cycles": 341885316618,
                "instructions": 270317018308,
                "branches": 58472485567,
                "branch-misses": 1312244559,
                "max-rss": 1192296,
                "wall-time": 114.47
            },
            "mafft": {
                "task-clock": 22629.615565999997,
                "context-switches": 599,
                "cpu-migrations": 0,
                "page-faults": 125903,
                "cycles": 68091049979,
                "instructions": 68345539435,
                "branches": 14454156296,
                "branch-misses": 340235715,
                "max-rss": 1642136,
                "wall-time": 23.619999999999997
            },
            "ClamAV": {
                "task-clock": 60282.70930000001,
                "context-switches": 1400,