{
    "config": 0,
    "clang_size": [],
    "data": {
        "ReleaseThinLTO": {
            "kimwitu++": {
                "task-clock": 42203.436568000005,
                "context-switches": 2372,
                "cpu-migrations": 94,
                "page-faults": 146954,
                "cycles": 129135570416,
                "instructions": 93832199740,
                "branches": 20371342771,
                "branch-misses": 578765549,
                "max-rss": 1204424,
                "wall-time": 38.88
            },
            "sqlite3": {
                "task-clock": 57802.580093,
                "context-switches": 2516,
                "cpu-migrations": 167,
                "page-faults": 61989,
                "cycles": 177161948853,
                "instructions": 142737503056,
                "branches": 30688502926,
                "branch-misses": 815578731,
                "max-rss": 316632,
                "wall-time": 70.59
            },
            "consumer-typeset": {
                "task-clock": 37269.946274999995,
                "context-switches": 2482,
                "cpu-migrations": 161,
                "page-faults": 187069,
                "cycles": 114137209090,
                "instructions": 92935743474,
                "branches": 19793701203,
                "branch-misses": 566440300,
                "max-rss": 2826120,
                "wall-time": 34.34999999999999
            },
            "Bullet": {
                "task-clock": 62035.41591099998,
                "context-switches": 5356,
                "cpu-migrations": 231,
                "page-faults": 496840,
                "cycles": 189716819012,
                "instructions": 139750561137,
                "branches": 29562461000,
                "branch-misses": 783823919,
                "max-rss": 7188924,
                "wall-time": 83.33
            },
            "tramp3d-v4": {
                "task-clock": 112370.14455999999,
                "context-switches": 3125,
                "cpu-migrations": 166,
                "page-faults": 128863,
                "cycles": 344413217802,
                "instructions": 291366430556,
                "branches": 63594682134,
                "branch-misses": 1360697538,
                "max-rss": 487508,
                "wall-time": 130.97
            },
            "mafft": {
                "task-clock": 21696.805494,
                "context-switches": 676,
                "cpu-migrations": 2,
                "page-faults": 111293,
                "cycles": 66507806223,
                "instructions": 58266416015,
                "branches": 12365431761,
                "branch-misses": 298795934,
                "max-rss": 1548488,
                "wall-time": 17.209999999999997
            },
            "ClamAV": {
                "task-clock": 51885.97215799999,
                "context-switches": 3916,
                "cpu-migrations": 193,
                "page-faults": 302301,
                "cycles": 158832225384,
                "instructions": 129730507751,
                "branches": 27644675659,
                "branch-misses": 816689652,
                "max-rss": 5205564,
                "wall-time": 54.83999999999999
            },
            "lencod": {
                "task-clock": 68990.60319,
                "context-switches": 4170,
                "cpu-migrations": 177,
                "page-faults": 229645,
                "cycles": 211452549427,
                "instructions": 194630922740,
                "branches": 40730125115,
                "branch-misses": 810815382,
                "max-rss": 3113636,
                "wall-time": 59.83999999999999
            },
            "SPASS": {
                "task-clock": 48758.614124,
                "context-switches": 3862,
                "cpu-migrations": 108,
                "page-faults": 175239,
                "cycles": 149164535853,
                "instructions": 117559150563,
                "branches": 25300834389,
                "branch-misses": 756306129,
                "max-rss": 2819152,
                "wall-time": 42.800000000000004
            },
            "7zip": {
                "task-clock": 146031.03056500002,
                "context-switches": 12794,
                "cpu-migrations": 390,
                "page-faults": 811370,
                "cycles": 446710126418,
                "instructions": 331112120501,
                "branches": 70783652608,
                "branch-misses": 2146184277,
                "max-rss": 12357640,
                "wall-time": 132.39000000000004
            },
            "geomean": {
                "task-clock": 56815.60876913794,
                "context-switches": 3259.1636944883285,
                "cpu-migrations": 110.80106128852633,
                "page-faults": 203172.85328087668,
                "cycles": 173970045703.16397,
                "instructions": 140048016642.93314,
                "branches": 29946688812.00274,
                "branch-misses": 787375897.2780118,
                "max-rss": 2248468.4337084815,
                "wall-time": 56.46168361866446
            }
        },
        "ReleaseLTO-g": {
            "kimwitu++": {
                "task-clock": 46190.745073,
                "context-switches": 1151,
                "cpu-migrations": 1,
                "page-faults": 205926,
                "cycles": 139868123018,
                "instructions": 97424167661,
                "branches": 21062547612,
                "branch-misses": 600184673,
                "max-rss": 1435940,
                "wall-time": 46.83999999999999
            },
            "sqlite3": {
                "task-clock": 63337.932291000005,
                "context-switches": 318,
                "cpu-migrations": 1,
                "page-faults": 110070,
                "cycles": 193337680154,
                "instructions": 151900224403,
                "branches": 32459458575,
                "branch-misses": 846268989,
                "max-rss": 502992,
                "wall-time": 63.480000000000004
            },
            "consumer-typeset": {
                "task-clock": 39048.86588499999,
                "context-switches": 922,
                "cpu-migrations": 2,
                "page-faults": 216259,
                "cycles": 119468369991,
                "instructions": 95544540453,
                "branches": 20236810810,
                "branch-misses": 542788858,
                "max-rss": 2961908,
                "wall-time": 40.97
            },
            "Bullet": {
                "task-clock": 69629.63409100001,
                "context-switches": 3391,
                "cpu-migrations": 2,
                "page-faults": 561804,
                "cycles": 211970572031,
                "instructions": 157257456832,
                "branches": 33169253377,
                "branch-misses": 856755864,
                "max-rss": 7516168,
                "wall-time": 74.03000000000002
            },
            "tramp3d-v4": {
                "task-clock": 115466.324368,
                "context-switches": 636,
                "cpu-migrations": 2,
                "page-faults": 298952,
                "cycles": 351929792591,
                "instructions": 270826721515,
                "branches": 58534005629,
                "branch-misses": 1307796328,
                "max-rss": 1193160,
                "wall-time": 115.65
            },
            "mafft": {
                "task-clock": 22468.582184000003,
                "context-switches": 636,
                "cpu-migrations": 1,
                "page-faults": 126247,
                "cycles": 68628560432,
                "instructions": 68606961788,
                "branches": 14484140322,
                "branch-misses": 340032563,
                "max-rss": 1638280,
                "wall-time": 23.43999999999999
            },