{
    "config": 0,
    "clang_size": [],
    "data": {
        "ReleaseThinLTO": {
            "kimwitu++": {
                "task-clock": 40886.604395,
                "context-switches": 1999,
                "cpu-migrations": 75,
                "page-faults": 148667,
                "cycles": 127093399078,
                "instructions": 93808865108,
                "branches": 20367191449,
                "branch-misses": 576369989,
                "max-rss": 1208568,
                "wall-time": 37.85999999999999
            },
            "sqlite3": {
                "task-clock": 56250.616054,
                "context-switches": 2566,
                "cpu-migrations": 125,
                "page-faults": 61594,
                "cycles": 172716316605,
                "instructions": 142447451812,
                "branches": 30624754489,
                "branch-misses": 812061154,
                "max-rss": 314872,
                "wall-time": 68.66
            },
            "consumer-typeset": {
                "task-clock": 36824.105626999975,
                "context-switches": 2352,
                "cpu-migrations": 132,
                "page-faults": 188652,
                "cycles": 113432737146,
                "instructions": 92928310834,
                "branches": 19793990392,
                "branch-misses": 564793279,
                "max-rss": 2827408,
                "wall-time": 33.93
            },
            "Bullet": {
                "task-clock": 61447.13845700001,
                "context-switches": 5406,
                "cpu-migrations": 252,
                "page-faults": 497583,
                "cycles": 187703319214,
                "instructions": 139770825428,
                "branches": 29570395547,
                "branch-misses": 787059044,
                "max-rss": 7199464,
                "wall-time": 82.98999999999998
            },
            "tramp3d-v4": {
                "task-clock": 105343.62922,
                "context-switches": 3685,
                "cpu-migrations": 166,
                "page-faults": 127996,
                "cycles": 336830797953,
                "instructions": 291338811309,
                "branches": 63597701770,
                "branch-misses": 1360082233,
                "max-rss": 483144,
                "wall-time": 123.28999999999999
            },
            "mafft": {
                "task-clock": 21146.595469999997,
                "context-switches": 615,
                "cpu-migrations": 2,
                "page-faults": 110442,
                "cycles": 65790781735,
                "instructions": 58289506806,
                "branches": 12374992136,
                "branch-misses": 298363610,
                "max-rss": 1550768,
                "wall-time": 16.84
            },
            "ClamAV": {
                "task-clock": 51037.213019999996,
                "context-switches": 4074,
                "cpu-migrations": 245,
                "page-faults": 300686,
                "cycles": 156701310102,
                "instructions": 129709026793,
                "branches": 27646046593,
                "branch-misses": 816680613,
                "max-rss": 5202008,
                "wall-time": 54.18999999999999
            },
            "lencod": {
                "task-clock": 64058.568819,
                "context-switches": 3866,
                "cpu-migrations": 248,
                "page-faults": 231232,
                "cycles": 208685263264,
                "instructions": 194550313598,
                "branches": 40715034329,
                "branch-misses": 808621214,
                "max-rss": 3121248,
                "wall-time": 55.459999999999994
            },
            "SPASS": {
                "task-clock": 46572.679264000006,
                "context-switches": 3730,
                "cpu-migrations": 94,
                "page-faults": 175265,
                "cycles": 148261506373,
                "instructions": 117490769733,
                "branches": 25289254498,
                "branch-misses": 756481561,
                "max-rss": 2823184,
                "wall-time": 40.42
            },
            "7zip": {
                "task-clock": 146873.66505200003,
                "context-switches": 13219,
                "cpu-migrations": 362,
                "page-faults": 809152,
                "cycles": 441773265577,
                "instructions": 330950484754,
                "branches": 70759271215,
                "branch-misses": 2155503406,
                "max-rss": 12360916,
                "wall-time": 132.25
            },
            "geomean": {
                "task-clock": 55128.10028447819,
                "context-switches": 3206.184957243009,
                "cpu-migrations": 107.9080394754988,
                "page-faults": 203165.37995705364,
                "cycles": 171634101776.82928,
                "instructions": 139998079190.75656,
                "branches": 29939792238.124664,
                "branch-misses": 786799796.04183,
                "max-rss": 2247504.8282797127,
                "wall-time": 54.79809966129779
            }
        },
        "ReleaseLTO-g": {
            "kimwitu++": {
                "task-clock": 43965.821600999996,
                "context-switches": 879,
                "cpu-migrations": 1,
                "page-faults": 205837,
                "cycles": 137241206788,
                "instructions": 97413899984,
                "branches": 21061479836,
                "branch-misses": 599594086,
                "max-rss": 1438372,
                "wall-time": 44.519999999999996
            },
            "sqlite3": {
                "task-clock": 60305.541247,
                "context-switches": 642,
                "cpu-migrations": 1,
                "page-faults": 108752,
                "cycles": 187920282748,
                "instructions": 151874351617,
                "branches": 32454809608,
                "branch-misses": 846764938,
                "max-rss": 498108,
                "wall-time": 60.46000000000001
            },
            "consumer-typeset": {
                "task-clock": 38096.205914999984,
                "context-switches": 881,
                "cpu-migrations": 1,
                "page-faults": 216305,
                "cycles": 117218868304,
                "instructions": 95556257173,
                "branches": 20239430460,
                "branch-misses": 545132146,
                "max-rss": 2965480,
                "wall-time": 39.88999999999999
            },
            "Bullet": {
                "task-clock": 65625.73770700002,
                "context-switches": 2909,
                "cpu-migrations": 2,
                "page-faults": 562049,
                "cycles": 209590890956,
                "instructions": 157227112151,
                "branches": 33164239539,
                "branch-misses": 856086056,
                "max-rss": 7511572,
                "wall-time": 69.78
            },
            "tramp3d-v4": {
                "task-clock": 109418.75613,
                "context-switches": 1093,
                "cpu-migrations": 1,
                "page-faults": 298584,
                "cycles": 340257240745,
                "instructions": 270884892863,
                "branches": 58547843736,
                "branch-misses": 1304595956,
                "max-rss": 1191152,
                "wall-time": 109.62
            },
            "mafft": {
                "task-clock": 22149.959797999996,
                "context-switches": 605,
                "cpu-migrations": 0,
                "page-faults": 126424,
                "cycles": 67595162326,
                "instructions": 68639187224,
                "branches": 14494779287,
                "branch-misses": 340750955,
                "max-rss": 1638620,
                "wall-time": 23.110000000000007
            },