{
    "config": 0,
    "clang_size": [],
    "data": {
        "ReleaseThinLTO": {
            "kimwitu++": {
                "task-clock": 42203.07124,
                "context-switches": 2295,
                "cpu-migrations": 103,
                "page-faults": 147247,
                "cycles": 128621696213,
                "instructions": 93644863282,
                "branches": 20343626443,
                "branch-misses": 581684903,
                "max-rss": 1204028,
                "wall-time": 38.63000000000001
            },
            "sqlite3": {
                "task-clock": 57953.18726599999,
                "context-switches": 2794,
                "cpu-migrations": 174,
                "page-faults": 61641,
                "cycles": 176873666422,
                "instructions": 141411371902,
                "branches": 30441128199,
                "branch-misses": 812718669,
                "max-rss": 315676,
                "wall-time": 72.35
            },
            "consumer-typeset": {
                "task-clock": 37133.91372699999,
                "context-switches": 2320,
                "cpu-migrations": 126,
                "page-faults": 187277,
                "cycles": 113386962789,
                "instructions": 92546708700,
                "branches": 19739595994,
                "branch-misses": 563945688,
                "max-rss": 2829972,
                "wall-time": 33.429999999999986
            },
            "Bullet": {
                "task-clock": 62128.398202999975,
                "context-switches": 5361,
                "cpu-migrations": 234,
                "page-faults": 496649,
                "cycles": 188688842250,
                "instructions": 139633730904,
                "branches": 29558422985,
                "branch-misses": 785742243,
                "max-rss": 7208780,
                "wall-time": 83.61999999999999
            },
            "tramp3d-v4": {
                "task-clock": 112222.218618,
                "context-switches": 3174,
                "cpu-migrations": 207,
                "page-faults": 131256,
                "cycles": 342630921762,
                "instructions": 289647631257,
                "branches": 63308622392,
                "branch-misses": 1366784940,
                "max-rss": 485960,
                "wall-time": 130.88
            },
            "mafft": {
                "task-clock": 21808.392793999996,
                "context-switches": 1071,
                "cpu-migrations": 22,
                "page-faults": 111522,
                "cycles": 66635039754,
                "instructions": 58022580322,
                "branches": 12332678629,
                "branch-misses": 301599077,
                "max-rss": 1548864,
                "wall-time": 18.379999999999995
            },
            "ClamAV": {
                "task-clock": 52078.46821199996,
                "context-switches": 4044,
                "cpu-migrations": 238,
                "page-faults": 302700,
                "cycles": 158986999148,
                "instructions": 129031348709,
                "branches": 27564944427,
                "branch-misses": 815839241,
                "max-rss": 5220636,
                "wall-time": 55.30999999999999
            },
            "lencod": {
                "task-clock": 68771.33544699999,
                "context-switches": 4316,
                "cpu-migrations": 215,
                "page-faults": 228892,
                "cycles": 209937232889,
                "instructions": 194155359411,
                "branches": 40725523132,
                "branch-misses": 805582255,
                "max-rss": 3117064,
                "wall-time": 60.04999999999999
            },
            "SPASS": {
                "task-clock": 49115.167001,
                "context-switches": 3882,
                "cpu-migrations": 72,
                "page-faults": 174649,
                "cycles": 149612724386,
                "instructions": 116974521422,
                "branches": 25207813797,
                "branch-misses": 760353159,
                "max-rss": 2820720,
                "wall-time": 42.459999999999994
            },
            "7zip": {
                "task-clock": 145586.00081399997,
                "context-switches": 12536,
                "cpu-migrations": 355,
                "page-faults": 811359,
                "cycles": 443264748906,
                "instructions": 330313646416,
                "branches": 70741797758,
                "branch-misses": 2147477097,
                "max-rss": 12396316,
                "wall-time": 131.58999999999997
            },
            "geomean": {
                "task-clock": 56866.77082708987,
                "context-switches": 3437.3569812738037,
                "cpu-migrations": 141.1868395883362,
                "page-faults": 203420.72838820107,
                "cycles": 173416284703.11243,
                "instructions": 139464895222.5648,
                "branches": 29866642129.144913,
                "branch-misses": 788303397.1045575,
                "max-rss": 2249705.976496194,
                "wall-time": 56.78776969590702
            }
        },
        "ReleaseLTO-g": {
            "kimwitu++": {
                "task-clock": 45493.651752000005,
                "context-switches": 1108,
                "cpu-migrations": 1,
                "page-faults": 205765,
                "cycles": 138808866502,
                "instructions": 97183852513,
                "branches": 21020896594,
                "branch-misses": 601427531,
                "max-rss": 1435772,
                "wall-time": 46.10000000000001
            },
            "sqlite3": {
                "task-clock": 63103.525358,
                "context-switches": 321,
                "cpu-migrations": 1,
                "page-faults": 110209,
                "cycles": 192334938896,
                "instructions": 151060146425,
                "branches": 32318961593,
                "branch-misses": 848545123,
                "max-rss": 504500,
                "wall-time": 63.260000000000005
            },
            "consumer-typeset": {
                "task-clock": 38900.46048699999,
                "context-switches": 894,
                "cpu-migrations": 1,
                "page-faults": 216483,
                "cycles": 118521822668,
                "instructions": 95290541170,
                "branches": 20209228704,
                "branch-misses": 545824089,
                "max-rss": 2963144,
                "wall-time": 40.66999999999999
            },
            "Bullet": {
                "task-clock": 68630.56727199999,
                "context-switches": 3507,
                "cpu-migrations": 1,
                "page-faults": 562017,
                "cycles": 209897263771,
                "instructions": 157027840272,
                "branches": 33141695721,
                "branch-misses": 855927549,
                "max-rss": 7525920,
                "wall-time": 73.02
            },
            "tramp3d-v4": {
                "task-clock": 114954.02259400001,
                "context-switches": 482,
                "cpu-migrations": 1,
                "page-faults": 298416,
                "cycles": 350670842723,
                "instructions": 269888156484,
                "branches": 58407603686,
                "branch-misses": 1316191188,
                "max-rss": 1190880,
                "wall-time": 115.13999999999999
            },
            "mafft": {
                "task-clock": 22718.498976000003,
                "context-switches": 597,
                "cpu-migrations": 1,
                "page-faults": 126209,
                "cycles": 68611824675,
                "instructions": 68356037025,
                "branches": 14456130338,
                "branch-misses": 342191979,
                "max-rss": 1640464,
                "wall-time": 23.73
            },