{
    "config": 0,
    "clang_size": {
        "size-text": 66871478,
        "size-data": 2785592,
        "size-bss": 284144,
        "size-total": 69941214
    },
    "data": {
        "ReleaseThinLTO": {
            "kimwitu++": {
                "task-clock": 31676.816678000007,
                "context-switches": 1830,
                "cpu-migrations": 99,
                "page-faults": 161256,
                "cycles": 106676994158,
                "instructions": 92197015810,
                "branches": 19903147840,
                "branch-misses": 503541816,
                "max-rss": 1153620,
                "wall-time": 29.33,
                "size-text": 787080,
                "size-data": 25960,
                "size-bss": 12560,
                "size-total": 825600
            },
            "sqlite3": {
                "task-clock": 47447.358244,
                "context-switches": 2179,
                "cpu-migrations": 124,
                "page-faults": 63208,
                "cycles": 159738232505,
                "instructions": 144913185196,
                "branches": 31215138076,
                "branch-misses": 785866524,
                "max-rss": 307912,
                "wall-time": 58.480000000000004,
                "size-text": 781474,
                "size-data": 3095,
                "size-bss": 624,
                "size-total": 785193
            },
            "consumer-typeset": {
                "task-clock": 29945.944573999997,
                "context-switches": 2251,
                "cpu-migrations": 117,
                "page-faults": 242376,
                "cycles": 100787269350,
                "instructions": 93701967169,
                "branches": 19923810309,
                "branch-misses": 534643395,
                "max-rss": 2683508,
                "wall-time": 28.05000000000001,
                "size-text": 677634,
                "size-data": 3768,
                "size-bss": 65200,
                "size-total": 746602
            },
            "Bullet": {
                "task-clock": 47324.558603,
                "context-switches": 4431,
                "cpu-migrations": 216,
                "page-faults": 628400,
                "cycles": 159115396298,
                "instructions": 139555749966,
                "branches": 29431201067,
                "branch-misses": 699299928,
                "max-rss": 6804500,
                "wall-time": 65.83999999999999,
                "size-text": 393144,
                "size-data": 403696,
                "size-bss": 43328,
                "size-total": 840168
            },
            "tramp3d-v4": {
                "task-clock": 91079.461166,
                "context-switches": 2469,
                "cpu-migrations": 103,
                "page-faults": 124261,
                "cycles": 306736460564,
                "instructions": 294456838682,
                "branches": 64418801521,
                "branch-misses": 1276968191,
                "max-rss": 478528,
                "wall-time": 106.25999999999999,
                "size-text": 885858,
                "size-data": 1800,
                "size-bss": 1848,
                "size-total": 889506
            },
            "mafft": {
                "task-clock": 17783.317784000003,
                "context-switches": 1116,
                "cpu-migrations": 39,
                "page-faults": 138933,
                "cycles": 59865390377,
                "instructions": 59263806001,
                "branches": 12589243258,
                "branch-misses": 292007026,
                "max-rss": 1469280,
                "wall-time": 14.790000000000004,
                "size-text": 275169,
                "size-data": 3052,
                "size-bss": 14911040,
                "size-total": 15189261
            },
            "ClamAV": {
                "task-clock": 41967.64569199998,
                "context-switches": 3500,
                "cpu-migrations": 267,
                "page-faults": 414815,
                "cycles": 141176430724,
                "instructions": 131384855719,
                "branches": 28002157328,
                "branch-misses": 775601455,
                "max-rss": 4943836,
                "wall-time": 44.79999999999998,
                "size-text": 774253,
                "size-data": 52872,
                "size-bss": 4752,
                "size-total": 831877
            },
            "lencod": {
                "task-clock": 56536.85468999999,
                "context-switches": 3700,
                "cpu-migrations": 219,
                "page-faults": 283545,
                "cycles": 190337417025,
                "instructions": 197639729825,
                "branches": 41599538081,
                "branch-misses": 768493930,
                "max-rss": 2943132,
                "wall-time": 49.39999999999999,
                "size-text": 958131,
                "size-data": 2144,
                "size-bss": 106176,
                "size-total": 1066451
            },
            "SPASS": {
                "task-clock": 37943.197375,
                "context-switches": 3457,
                "cpu-migrations": 129,
                "page-faults": 230847,
                "cycles": 127612497376,
                "instructions": 116277841550,
                "branches": 24989529585,
                "branch-misses": 701517182,
                "max-rss": 2674224,
                "wall-time": 33.58,
                "size-text": 607600,
                "size-data": 872,
                "size-bss": 346536,
                "size-total": 955008
            },
            "7zip": {
                "task-clock": 113089.56246900003,
                "context-switches": 11970,
                "cpu-migrations": 479,
                "page-faults": 1050038,
                "cycles": 380022875412,
                "instructions": 333506670408,
                "branches": 71185755600,
                "branch-misses": 1976392015,
                "max-rss": 11697344,
                "wall-time": 103.20000000000002,
                "size-text": 1436409,
                "size-data": 4160,
                "size-bss": 29280,
                "size-total": 1469849
            },
            "geomean": {
                "task-clock": 45139.98493343898,
                "context-switches": 2998.357509769331,
                "cpu-migrations": 146.33489235501492,
                "page-faults": 244520.88989507893,
                "cycles": 151898262645.5038,
                "instructions": 140836539033.97714,
                "branches": 30108636319.837597,
                "branch-misses": 734323769.2509513,
                "max-rss": 2146426.030825541,
                "wall-time": 45.51814398098267,
                "size-text": 693848.660065021,
                "size-data": 6984.009238215472,
                "size-bss": 35437.433332268796,
                "size-total": 1212039.2022614183
            }
        },
        "O3": {
            "kimwitu++": {
                "task-clock": 24307.932257000004,
                "context-switches": 956,
                "cpu-migrations": 15,
                "page-faults": 156892,
                "cycles": 81845685292,
                "instructions": 66216652140,
                "branches": 14229427208,
                "branch-misses": 405796033,
                "max-rss": 1180612,
                "wall-time": 24.99,
                "size-text": 805325,
                "size-data": 31168,
                "size-bss": 12592,
                "size-total": 849085
            },
            "sqlite3": {
                "task-clock": 32985.921565000004,
                "context-switches": 126,
                "cpu-migrations": 2,
                "page-faults": 42220,
                "cycles": 110760124558,
                "instructions": 95951078950,
                "branches": 20530297475,
                "branch-misses": 567558828,