{
    "config": 0,
    "clang_size": [],
    "data": {
        "ReleaseThinLTO": {
            "kimwitu++": {
                "task-clock": 42392.57017299999,
                "context-switches": 2212,
                "cpu-migrations": 69,
                "page-faults": 148470,
                "cycles": 128430727611,
                "instructions": 93597263527,
                "branches": 20332808132,
                "branch-misses": 580800996,
                "max-rss": 1208492,
                "wall-time": 39.14
            },
            "sqlite3": {
                "task-clock": 58132.839095,
                "context-switches": 2570,
                "cpu-migrations": 151,
                "page-faults": 61959,
                "cycles": 176560829597,
                "instructions": 141472051151,
                "branches": 30450311947,
                "branch-misses": 812347700,
                "max-rss": 316676,
                "wall-time": 71.23
            },
            "consumer-typeset": {
                "task-clock": 37663.69606199999,
                "context-switches": 2534,
                "cpu-migrations": 103,
                "page-faults": 186697,
                "cycles": 114333756980,
                "instructions": 92626985099,
                "branches": 19756438271,
                "branch-misses": 569474164,
                "max-rss": 2833104,
                "wall-time": 34.72
            },
            "Bullet": {
                "task-clock": 62263.098355000024,
                "context-switches": 5419,
                "cpu-migrations": 220,
                "page-faults": 496549,
                "cycles": 188333488484,
                "instructions": 139595394432,
                "branches": 29550141709,
                "branch-misses": 783774516,
                "max-rss": 7198240,
                "wall-time": 84.50999999999996
            },
            "tramp3d-v4": {
                "task-clock": 113927.242379,
                "context-switches": 3043,
                "cpu-migrations": 179,
                "page-faults": 127551,
                "cycles": 345076626591,
                "instructions": 289656066811,
                "branches": 63305942973,
                "branch-misses": 1364309576,
                "max-rss": 483364,
                "wall-time": 132.8
            },
            "mafft": {
                "task-clock": 21876.384697,
                "context-switches": 752,
                "cpu-migrations": 1,
                "page-faults": 110427,
                "cycles": 66358839675,
                "instructions": 57994319604,
                "branches": 12324702808,
                "branch-misses": 297841858,
                "max-rss": 1552764,
                "wall-time": 17.3
            },
            "ClamAV": {
                "task-clock": 52445.301105999984,
                "context-switches": 3995,
                "cpu-migrations": 200,
                "page-faults": 302780,
                "cycles": 158952320058,
                "instructions": 129072802528,
                "branches": 27572863328,
                "branch-misses": 812105783,
                "max-rss": 5213860,
                "wall-time": 55.230000000000004
            },
            "lencod": {
                "task-clock": 69371.864102,
                "context-switches": 4351,
                "cpu-migrations": 246,
                "page-faults": 228252,
                "cycles": 210290058823,
                "instructions": 194221945530,
                "branches": 40741577354,
                "branch-misses": 804532541,
                "max-rss": 3115368,
                "wall-time": 60.53
            },
            "SPASS": {
                "task-clock": 49165.612674,
                "context-switches": 3826,
                "cpu-migrations": 86,
                "page-faults": 175287,
                "cycles": 148902298684,
                "instructions": 116969187238,
                "branches": 25204097221,
                "branch-misses": 757761694,
                "max-rss": 2826096,
                "wall-time": 43.14
            },
            "7zip": {
                "task-clock": 147440.773329,
                "context-switches": 12745,
                "cpu-migrations": 274,
                "page-faults": 810241,
                "cycles": 445817391737,
                "instructions": 330264418680,
                "branches": 70733095934,
                "branch-misses": 2143327809,
                "max-rss": 12384892,
                "wall-time": 132.41999999999996
            },
            "geomean": {
                "task-clock": 57274.81679439892,
                "context-switches": 3296.2143617580145,
                "cpu-migrations": 93.11406981486873,
                "page-faults": 202838.66339506774,
                "cycles": 173565086033.59818,
                "instructions": 139472209396.02917,
                "branches": 29866833350.166153,
                "branch-misses": 786703458.7759215,
                "max-rss": 2250336.881374782,
                "wall-time": 56.95075951415678
            }
        },
        "ReleaseLTO-g": {
            "kimwitu++": {
                "task-clock": 45771.79941800001,
                "context-switches": 1107,
                "cpu-migrations": 1,
                "page-faults": 205868,
                "cycles": 138980902468,
                "instructions": 97117086159,
                "branches": 21006397051,
                "branch-misses": 598475689,
                "max-rss": 1438520,
                "wall-time": 46.400000000000006
            },
            "sqlite3": {
                "task-clock": 62667.896106,
                "context-switches": 474,
                "cpu-migrations": 1,
                "page-faults": 110173,
                "cycles": 191178664801,
                "instructions": 150944875215,
                "branches": 32287575082,
                "branch-misses": 843593049,
                "max-rss": 503804,
                "wall-time": 62.83
            },
            "consumer-typeset": {
                "task-clock": 38991.78898100001,
                "context-switches": 900,
                "cpu-migrations": 1,
                "page-faults": 216685,
                "cycles": 118777770347,
                "instructions": 95255780924,
                "branches": 20202204819,
                "branch-misses": 545371030,
                "max-rss": 2967688,
                "wall-time": 40.82999999999999
            },
            "Bullet": {
                "task-clock": 69175.54231399999,
                "context-switches": 3206,
                "cpu-migrations": 1,
                "page-faults": 562607,
                "cycles": 210310696378,
                "instructions": 157040259122,
                "branches": 33142955017,
                "branch-misses": 855189481,
                "max-rss": 7531052,
                "wall-time": 73.56
            },
            "tramp3d-v4": {
                "task-clock": 115016.429683,
                "context-switches": 610,
                "cpu-migrations": 1,
                "page-faults": 298738,
                "cycles": 348991719954,
                "instructions": 269983899416,
                "branches": 58408763107,
                "branch-misses": 1307525030,
                "max-rss": 1191976,
                "wall-time": 115.18
            },
            "mafft": {
                "task-clock": 22439.292383,
                "context-switches": 635,
                "cpu-migrations": 0,
                "page-faults": 128184,
                "cycles": 68353834869,
                "instructions": 68361851251,
                "branches": 14455485423,
                "branch-misses": 338302366,
                "max-rss": 1643148,
                "wall-time": 23.4
            },
            "ClamAV": {
                "task-clock": 59946.09680100001,
                "context-switches": 1630,