{
    "config": 0,
    "clang_size": {
        "size-text": 68535246,
        "size-data": 2842408,
        "size-bss": 290408,
        "size-total": 71668062
    },
    "data": {
        "ReleaseThinLTO": {
            "kimwitu++": {
                "task-clock": 32163.353667,
                "context-switches": 1758,
                "cpu-migrations": 88,
                "page-faults": 142685,
                "cycles": 106929102246,
                "instructions": 91961401240,
                "branches": 20007132471,
                "branch-misses": 509943564,
                "max-rss": 1168532,
                "wall-time": 30.129999999999995,
                "size-text": 786980,
                "size-data": 25960,
                "size-bss": 12560,
                "size-total": 825500
            },
            "sqlite3": {
                "task-clock": 46281.380533999996,
                "context-switches": 2426,
                "cpu-migrations": 152,
                "page-faults": 59569,
                "cycles": 155898505661,
                "instructions": 144253730791,
                "branches": 31060559920,
                "branch-misses": 764136878,
                "max-rss": 306164,
                "wall-time": 56.800000000000004,
                "size-text": 780826,
                "size-data": 3095,
                "size-bss": 624,
                "size-total": 784545
            },
            "consumer-typeset": {
                "task-clock": 29414.740741999994,
                "context-switches": 2084,
                "cpu-migrations": 113,
                "page-faults": 182456,
                "cycles": 99026666236,
                "instructions": 93169541387,
                "branches": 19866159810,
                "branch-misses": 524888977,
                "max-rss": 2738508,
                "wall-time": 27.540000000000003,
                "size-text": 667954,
                "size-data": 3768,
                "size-bss": 65200,
                "size-total": 736922
            },
            "Bullet": {
                "task-clock": 47448.102201,
                "context-switches": 4077,
                "cpu-migrations": 157,
                "page-faults": 484078,
                "cycles": 158928339257,
                "instructions": 140389296799,
                "branches": 29780175209,
                "branch-misses": 702733038,
                "max-rss": 6969272,
                "wall-time": 65.11,
                "size-text": 394152,
                "size-data": 403696,
                "size-bss": 43328,
                "size-total": 841176
            },
            "tramp3d-v4": {
                "task-clock": 90887.25467699999,
                "context-switches": 2438,
                "cpu-migrations": 153,
                "page-faults": 123732,
                "cycles": 304163462428,
                "instructions": 296031061212,
                "branches": 64784488476,
                "branch-misses": 1267081297,
                "max-rss": 479164,
                "wall-time": 106.56,
                "size-text": 885402,
                "size-data": 1800,
                "size-bss": 1848,
                "size-total": 889050
            },
            "mafft": {
                "task-clock": 17756.782453999997,
                "context-switches": 600,
                "cpu-migrations": 2,
                "page-faults": 106916,
                "cycles": 59839466764,
                "instructions": 59843639069,
                "branches": 12712785146,
                "branch-misses": 287064561,
                "max-rss": 1500468,
                "wall-time": 14.32,
                "size-text": 275609,
                "size-data": 3052,
                "size-bss": 14911040,
                "size-total": 15189701
            },
            "ClamAV": {
                "task-clock": 40986.58337300001,
                "context-switches": 3429,
                "cpu-migrations": 206,
                "page-faults": 292936,
                "cycles": 137937211473,
                "instructions": 130043642951,
                "branches": 27769112886,
                "branch-misses": 759764231,
                "max-rss": 5051460,
                "wall-time": 43.83000000000002,
                "size-text": 773613,
                "size-data": 52872,
                "size-bss": 4752,
                "size-total": 831237
            },
            "lencod": {
                "task-clock": 57446.307386,
                "context-switches": 3398,
                "cpu-migrations": 159,
                "page-faults": 225987,
                "cycles": 192936792847,
                "instructions": 202122424001,
                "branches": 42389464186,
                "branch-misses": 768283113,
                "max-rss": 3022532,
                "wall-time": 49.97,
                "size-text": 957979,
                "size-data": 2144,
                "size-bss": 106176,
                "size-total": 1066299
            },
            "SPASS": {
                "task-clock": 37776.740807,
                "context-switches": 3107,
                "cpu-migrations": 59,
                "page-faults": 169887,
                "cycles": 127073823212,
                "instructions": 116645564604,
                "branches": 25183819612,
                "branch-misses": 693623082,
                "max-rss": 2735056,
                "wall-time": 33.47,
                "size-text": 608440,
                "size-data": 872,
                "size-bss": 346536,
                "size-total": 955848
            },
            "7zip": {
                "task-clock": 111154.90062000001,
                "context-switches": 10346,
                "cpu-migrations": 223,
                "page-faults": 793134,
                "cycles": 372784842888,
                "instructions": 329386479600,
                "branches": 70594050344,
                "branch-misses": 1939964205,
                "max-rss": 11995196,
                "wall-time": 101.47,
                "size-text": 1433841,
                "size-data": 4160,
                "size-bss": 29280,
                "size-total": 1467281
            },
            "geomean": {
                "task-clock": 44879.45453030756,
                "context-switches": 2690.195012536712,
                "cpu-migrations": 89.03170700509045,
                "page-faults": 197122.3998651578,
                "cycles": 150646725949.39044,
                "instructions": 140992934313.6182,
                "branches": 30212430722.955536,
                "branch-misses": 726683425.0357579,
                "max-rss": 2183116.177433042,
                "wall-time": 45.10212996976538,
                "size-text": 692940.6905911259,
                "size-data": 6984.009238215472,
                "size-bss": 35437.433332268796,
                "size-total": 1210214.8400807409
            }
        },
        "O3": {
            "kimwitu++": {
                "task-clock": 24335.99951,
                "context-switches": 831,
                "cpu-migrations": 1,
                "page-faults": 139067,
                "cycles": 81966722063,
                "instructions": 66573523399,
                "branches": 14428439203,
                "branch-misses": 410947395,
                "max-rss": 1201864,
                "wall-time": 24.919999999999998,
                "size-text": 805309,
                "size-data": 31168,
                "size-bss": 12592,
                "size-total": 849069
            },
            "sqlite3": {
                "task-clock": 32183.325143000002,
                "context-switches": 354,
                "cpu-migrations": 1,
                "page-faults": 39343,
                "cycles": 108502471851,
                "instructions": 96318747787,
                "branches": 20602615840,
                "branch-misses": 559878597,
                "max-rss": 250036,
                "wall-time": 32.33,