{
    "config": 0,
    "clang_size": [],
    "data": {
        "ReleaseThinLTO": {
            "kimwitu++": {
                "task-clock": 41918.36954200001,
                "context-switches": 2343,
                "cpu-migrations": 127,
                "page-faults": 147723,
                "cycles": 127634627269,
                "instructions": 93817581967,
                "branches": 20367792443,
                "branch-misses": 580364702,
                "max-rss": 1202832,
                "wall-time": 38.95000000000001
            },
            "sqlite3": {
                "task-clock": 54468.229577000006,
                "context-switches": 2544,
                "cpu-migrations": 131,
                "page-faults": 61629,
                "cycles": 173337055101,
                "instructions": 142740826233,
                "branches": 30688660927,
                "branch-misses": 816315903,
                "max-rss": 315500,
                "wall-time": 66.81
            },
            "consumer-typeset": {
                "task-clock": 35407.72482299999,
                "context-switches": 2302,
                "cpu-migrations": 108,
                "page-faults": 188050,
                "cycles": 113704414743,
                "instructions": 92969850638,
                "branches": 19801636396,
                "branch-misses": 568986750,
                "max-rss": 2823372,
                "wall-time": 32.629999999999995
            },
            "Bullet": {
                "task-clock": 60764.59134500001,
                "context-switches": 5255,
                "cpu-migrations": 259,
                "page-faults": 496716,
                "cycles": 188627909118,
                "instructions": 139759800673,
                "branches": 29564673233,
                "branch-misses": 783048171,
                "max-rss": 7187080,
                "wall-time": 82.31
            },
            "tramp3d-v4": {
                "task-clock": 110756.915004,
                "context-switches": 2796,
                "cpu-migrations": 198,
                "page-faults": 128257,
                "cycles": 338984262669,
                "instructions": 291388426237,
                "branches": 63612916357,
                "branch-misses": 1364518396,
                "max-rss": 485104,
                "wall-time": 128.73
            },
            "mafft": {
                "task-clock": 20860.176261,
                "context-switches": 692,
                "cpu-migrations": 1,
                "page-faults": 112249,
                "cycles": 66009431253,
                "instructions": 58286929031,
                "branches": 12370737152,
                "branch-misses": 298417012,
                "max-rss": 1547092,
                "wall-time": 16.5
            },
            "ClamAV": {
                "task-clock": 50313.371815,
                "context-switches": 3939,
                "cpu-migrations": 170,
                "page-faults": 301643,
                "cycles": 157852950611,
                "instructions": 129737359058,
                "branches": 27647224448,
                "branch-misses": 817731543,
                "max-rss": 5205656,
                "wall-time": 53.25
            },
            "lencod": {
                "task-clock": 68649.460286,
                "context-switches": 4172,
                "cpu-migrations": 228,
                "page-faults": 232043,
                "cycles": 209635492863,
                "instructions": 194664282663,
                "branches": 40737155539,
                "branch-misses": 810774498,
                "max-rss": 3107484,
                "wall-time": 59.49
            },
            "SPASS": {
                "task-clock": 48366.427770999995,
                "context-switches": 3927,
                "cpu-migrations": 107,
                "page-faults": 175276,
                "cycles": 149097322029,
                "instructions": 117529865890,
                "branches": 25295224194,
                "branch-misses": 757686008,
                "max-rss": 2819192,
                "wall-time": 42.30999999999999
            },
            "7zip": {
                "task-clock": 143262.423163,
                "context-switches": 12589,
                "cpu-migrations": 319,
                "page-faults": 809603,
                "cycles": 442754846672,
                "instructions": 331016680538,
                "branches": 70764509712,
                "branch-misses": 2148142383,
                "max-rss": 12360596,
                "wall-time": 129.20999999999992
            },
            "geomean": {
                "task-clock": 55385.76930307794,
                "context-switches": 3202.1325938513564,
                "cpu-migrations": 102.00047531689263,
                "page-faults": 203466.75418966872,
                "cycles": 172400270086.87558,
                "instructions": 140053825746.7545,
                "branches": 29949068727.06414,
                "branch-misses": 788372744.4323678,
                "max-rss": 2245393.364390215,
                "wall-time": 55.0818483950395
            }
        },
        "ReleaseLTO-g": {
            "kimwitu++": {
                "task-clock": 44223.500060000006,
                "context-switches": 1071,
                "cpu-migrations": 1,
                "page-faults": 205784,
                "cycles": 137498302554,
                "instructions": 97429772946,
                "branches": 21061747340,
                "branch-misses": 598583437,
                "max-rss": 1437368,
                "wall-time": 44.849999999999994
            },
            "sqlite3": {
                "task-clock": 58035.007893,
                "context-switches": 420,
                "cpu-migrations": 1,
                "page-faults": 109088,
                "cycles": 189053117090,
                "instructions": 151888135792,
                "branches": 32451357107,
                "branch-misses": 847793894,
                "max-rss": 499136,
                "wall-time": 58.17
            },
            "consumer-typeset": {
                "task-clock": 36301.20149599999,
                "context-switches": 871,
                "cpu-migrations": 3,
                "page-faults": 216131,
                "cycles": 118439101374,
                "instructions": 95603458712,
                "branches": 20250301753,
                "branch-misses": 545548629,
                "max-rss": 2962712,
                "wall-time": 38.010000000000005
            },
            "Bullet": {
                "task-clock": 67684.47417999999,
                "context-switches": 3576,
                "cpu-migrations": 1,
                "page-faults": 561748,
                "cycles": 210449469741,
                "instructions": 157222771369,
                "branches": 33159843554,
                "branch-misses": 855852894,
                "max-rss": 7518484,
                "wall-time": 71.87999999999998
            },
            "tramp3d-v4": {
                "task-clock": 108498.825992,
                "context-switches": 432,
                "cpu-migrations": 1,
                "page-faults": 298882,
                "cycles": 340898820214,
                "instructions": 270909841558,
                "branches": 58549314548,
                "branch-misses": 1304208529,
                "max-rss": 1192792,
                "wall-time": 108.63
            },
            "mafft": {
                "task-clock": 20718.180073999996,
                "context-switches": 584,
                "cpu-migrations": 0,
                "page-faults": 127728,
                "cycles": 68074795263,
                "instructions": 68665432046,
                "branches": 14496316150,
                "branch-misses": 340672599,
                "max-rss": 1636732,
                "wall-time": 21.58999999999999
            },