{
    "config": 0,
    "clang_size": {
        "size-text": 68504518,
        "size-data": 2842408,
        "size-bss": 290408,
        "size-total": 71637334
    },
    "data": {
        "ReleaseThinLTO": {
            "kimwitu++": {
                "task-clock": 31460.021528000005,
                "context-switches": 1847,
                "cpu-migrations": 39,
                "page-faults": 143122,
                "cycles": 105968759767,
                "instructions": 92000531428,
                "branches": 20014837958,
                "branch-misses": 506663289,
                "max-rss": 1166076,
                "wall-time": 29.05,
                "size-text": 786980,
                "size-data": 25960,
                "size-bss": 12560,
                "size-total": 825500
            },
            "sqlite3": {
                "task-clock": 46147.482007,
                "context-switches": 2284,
                "cpu-migrations": 179,
                "page-faults": 59826,
                "cycles": 155447410949,
                "instructions": 144324022792,
                "branches": 31071672605,
                "branch-misses": 767738438,
                "max-rss": 308472,
                "wall-time": 56,
                "size-text": 780826,
                "size-data": 3095,
                "size-bss": 624,
                "size-total": 784545
            },
            "consumer-typeset": {
                "task-clock": 29391.170993999993,
                "context-switches": 2200,
                "cpu-migrations": 128,
                "page-faults": 183042,
                "cycles": 98971438929,
                "instructions": 93287456136,
                "branches": 19891837172,
                "branch-misses": 527722184,
                "max-rss": 2743580,
                "wall-time": 27.720000000000006,
                "size-text": 667954,
                "size-data": 3768,
                "size-bss": 65200,
                "size-total": 736922
            },
            "Bullet": {
                "task-clock": 47122.55855100001,
                "context-switches": 4238,
                "cpu-migrations": 168,
                "page-faults": 483982,
                "cycles": 158401843015,
                "instructions": 140391158540,
                "branches": 29780021315,
                "branch-misses": 700408107,
                "max-rss": 6963960,
                "wall-time": 65.07999999999998,
                "size-text": 394152,
                "size-data": 403696,
                "size-bss": 43328,
                "size-total": 841176
            },
            "tramp3d-v4": {
                "task-clock": 89846.47305100001,
                "context-switches": 2624,
                "cpu-migrations": 151,
                "page-faults": 125235,
                "cycles": 302757056820,
                "instructions": 296057797286,
                "branches": 64784066574,
                "branch-misses": 1268987731,
                "max-rss": 478484,
                "wall-time": 104.97999999999999,
                "size-text": 885402,
                "size-data": 1800,
                "size-bss": 1848,
                "size-total": 889050
            },
            "mafft": {
                "task-clock": 17725.313468999997,
                "context-switches": 579,
                "cpu-migrations": 0,
                "page-faults": 107036,
                "cycles": 59713009711,
                "instructions": 59866834673,
                "branches": 12718605688,
                "branch-misses": 287707172,
                "max-rss": 1503876,
                "wall-time": 14.280000000000003,
                "size-text": 275609,
                "size-data": 3052,
                "size-bss": 14911040,
                "size-total": 15189701
            },
            "ClamAV": {
                "task-clock": 40952.419599999994,
                "context-switches": 3368,
                "cpu-migrations": 261,
                "page-faults": 292864,
                "cycles": 137842245199,
                "instructions": 130095107170,
                "branches": 27774200210,
                "branch-misses": 758834253,
                "max-rss": 5053672,
                "wall-time": 44.310000000000024,
                "size-text": 773613,
                "size-data": 52872,
                "size-bss": 4752,
                "size-total": 831237
            },
            "lencod": {
                "task-clock": 57349.616943,
                "context-switches": 3794,
                "cpu-migrations": 235,
                "page-faults": 224042,
                "cycles": 193181354446,
                "instructions": 202259167326,
                "branches": 42416676329,
                "branch-misses": 769010586,
                "max-rss": 3021072,
                "wall-time": 50.25999999999999,
                "size-text": 957979,
                "size-data": 2144,
                "size-bss": 106176,
                "size-total": 1066299
            },
            "SPASS": {
                "task-clock": 37828.66086,
                "context-switches": 3079,
                "cpu-migrations": 79,
                "page-faults": 170615,
                "cycles": 127313229424,
                "instructions": 116651178656,
                "branches": 25185211328,
                "branch-misses": 694882719,
                "max-rss": 2735092,
                "wall-time": 33.400000000000006,
                "size-text": 608440,
                "size-data": 872,
                "size-bss": 346536,
                "size-total": 955848
            },
            "7zip": {
                "task-clock": 110884.96373499998,
                "context-switches": 10039,
                "cpu-migrations": 281,
                "page-faults": 793392,
                "cycles": 372624585275,
                "instructions": 329534492508,
                "branches": 70617799178,
                "branch-misses": 1938543380,
                "max-rss": 11987164,
                "wall-time": 101.51999999999998,
                "size-text": 1433841,
                "size-data": 4160,
                "size-bss": 29280,
                "size-total": 1467281
            },
            "geomean": {
                "task-clock": 44657.57588317935,
                "context-switches": 2737.132727697852,
                "cpu-migrations": 0,
                "page-faults": 197502.79111364193,
                "cycles": 150337986050.8817,
                "instructions": 141052697438.32935,
                "branches": 30223602544.24523,
                "branch-misses": 727036748.248357,
                "max-rss": 2184566.3838464916,
                "wall-time": 44.88933812974396,
                "size-text": 692940.6905911259,
                "size-data": 6984.009238215472,
                "size-bss": 35437.433332268796,
                "size-total": 1210214.8400807409
            }
        },
        "O3": {
            "kimwitu++": {
                "task-clock": 24430.498954000002,
                "context-switches": 820,
                "cpu-migrations": 1,
                "page-faults": 138950,
                "cycles": 82306764887,
                "instructions": 66583231109,
                "branches": 14427415662,
                "branch-misses": 410607846,
                "max-rss": 1202516,
                "wall-time": 25.04,
                "size-text": 805309,
                "size-data": 31168,
                "size-bss": 12592,
                "size-total": 849069
            },
            "sqlite3": {
                "task-clock": 32323.128682,
                "context-switches": 425,
                "cpu-migrations": 2,
                "page-faults": 39362,
                "cycles": 108823564160,
                "instructions": 96386660855,
                "branches": 20615393211,
                "branch-misses": 560627646,
                "max-rss": 250228,