{
    "config": 0,
    "clang_size": [],
    "data": {
        "ReleaseThinLTO": {
            "kimwitu++": {
                "task-clock": 41561.154480000005,
                "context-switches": 2332,
                "cpu-migrations": 77,
                "page-faults": 147245,
                "cycles": 127123571563,
                "instructions": 93622510587,
                "branches": 20334990344,
                "branch-misses": 580653410,
                "max-rss": 1202456,
                "wall-time": 37.949999999999996
            },
            "sqlite3": {
                "task-clock": 56209.701871,
                "context-switches": 2585,
                "cpu-migrations": 131,
                "page-faults": 61541,
                "cycles": 171968939202,
                "instructions": 141647666011,
                "branches": 30491570506,
                "branch-misses": 811138755,
                "max-rss": 316460,
                "wall-time": 68.94
            },
            "consumer-typeset": {
                "task-clock": 37006.30545999999,
                "context-switches": 2325,
                "cpu-migrations": 116,
                "page-faults": 188696,
                "cycles": 113323381165,
                "instructions": 92551426131,
                "branches": 19742867131,
                "branch-misses": 564709814,
                "max-rss": 2826744,
                "wall-time": 33.919999999999995
            },
            "Bullet": {
                "task-clock": 61765.03440600002,
                "context-switches": 5174,
                "cpu-migrations": 202,
                "page-faults": 497748,
                "cycles": 187941070811,
                "instructions": 139706509000,
                "branches": 29570445138,
                "branch-misses": 785475212,
                "max-rss": 7214676,
                "wall-time": 82.91
            },
            "tramp3d-v4": {
                "task-clock": 110887.90877400001,
                "context-switches": 2995,
                "cpu-migrations": 181,
                "page-faults": 128297,
                "cycles": 338599555334,
                "instructions": 289846443528,
                "branches": 63336365586,
                "branch-misses": 1362886899,
                "max-rss": 483748,
                "wall-time": 129.56
            },
            "mafft": {
                "task-clock": 21598.05172,
                "context-switches": 618,
                "cpu-migrations": 0,
                "page-faults": 110376,
                "cycles": 65914241801,
                "instructions": 58002087360,
                "branches": 12326872962,
                "branch-misses": 298637567,
                "max-rss": 1552440,
                "wall-time": 17.179999999999996
            },
            "ClamAV": {
                "task-clock": 51473.738859,
                "context-switches": 3997,
                "cpu-migrations": 210,
                "page-faults": 302506,
                "cycles": 156989636196,
                "instructions": 128989728031,
                "branches": 27558621132,
                "branch-misses": 812349791,
                "max-rss": 5220468,
                "wall-time": 54.61
            },
            "lencod": {
                "task-clock": 68518.226481,
                "context-switches": 4249,
                "cpu-migrations": 260,
                "page-faults": 230422,
                "cycles": 209372103347,
                "instructions": 194194735271,
                "branches": 40726542289,
                "branch-misses": 801078960,
                "max-rss": 3121564,
                "wall-time": 59.94999999999999
            },
            "SPASS": {
                "task-clock": 48638.319684,
                "context-switches": 4346,
                "cpu-migrations": 99,
                "page-faults": 175000,
                "cycles": 148501562378,
                "instructions": 116989477088,
                "branches": 25207398649,
                "branch-misses": 757522986,
                "max-rss": 2827948,
                "wall-time": 42.589999999999996
            },
            "7zip": {
                "task-clock": 145154.87890800007,
                "context-switches": 12938,
                "cpu-migrations": 375,
                "page-faults": 810559,
                "cycles": 442544226984,
                "instructions": 330313027793,
                "branches": 70738146167,
                "branch-misses": 2143040746,
                "max-rss": 12386536,
                "wall-time": 131.04
            },
            "geomean": {
                "task-clock": 56273.22563617628,
                "context-switches": 3241.75472490078,
                "cpu-migrations": 0,
                "page-faults": 203055.57096443206,
                "cycles": 171836748551.6295,
                "instructions": 139497560943.58286,
                "branches": 29871117048.494667,
                "branch-misses": 785854030.6371326,
                "max-rss": 2250105.2375848726,
                "wall-time": 55.92439319890531
            }
        },
        "ReleaseLTO-g": {
            "kimwitu++": {
                "task-clock": 45340.07548,
                "context-switches": 928,
                "cpu-migrations": 1,
                "page-faults": 205838,
                "cycles": 138189891572,
                "instructions": 97279388624,
                "branches": 21033885985,
                "branch-misses": 601515093,
                "max-rss": 1437768,
                "wall-time": 45.980000000000004
            },
            "sqlite3": {
                "task-clock": 61826.316238,
                "context-switches": 546,
                "cpu-migrations": 1,
                "page-faults": 110306,
                "cycles": 188839948420,
                "instructions": 150956550216,
                "branches": 32287782100,
                "branch-misses": 847119238,
                "max-rss": 504712,
                "wall-time": 62.06
            },
            "consumer-typeset": {
                "task-clock": 38742.97367399999,
                "context-switches": 828,
                "cpu-migrations": 2,
                "page-faults": 216860,
                "cycles": 118219575872,
                "instructions": 95198108534,
                "branches": 20192214225,
                "branch-misses": 545294057,
                "max-rss": 2966148,
                "wall-time": 40.599999999999994
            },
            "Bullet": {
                "task-clock": 69141.86817999999,
                "context-switches": 2178,
                "cpu-migrations": 1,
                "page-faults": 562614,
                "cycles": 210775565174,
                "instructions": 157160038477,
                "branches": 33165530468,
                "branch-misses": 856762983,
                "max-rss": 7526908,
                "wall-time": 73.34
            },
            "tramp3d-v4": {
                "task-clock": 112061.895487,
                "context-switches": 1002,
                "cpu-migrations": 1,
                "page-faults": 298879,
                "cycles": 342390668027,
                "instructions": 270455017003,
                "branches": 58517255260,
                "branch-misses": 1310733555,
                "max-rss": 1192312,
                "wall-time": 112.22
            },
            "mafft": {
                "task-clock": 22212.64652,
                "context-switches": 613,
                "cpu-migrations": 0,
                "page-faults": 126426,
                "cycles": 67894958278,
                "instructions": 68328827402,
                "branches": 14448668702,
                "branch-misses": 340052560,
                "max-rss": 1644688,
                "wall-time": 23.189999999999994
            },
            "ClamAV": {
                "task-clock": 59206.82256599995,