{
    "config": 0,
    "clang_size": [],
    "data": {
        "ReleaseThinLTO": {
            "kimwitu++": {
                "task-clock": 42293.24971699999,
                "context-switches": 1901,
                "cpu-migrations": 70,
                "page-faults": 147328,
                "cycles": 127269542336,
                "instructions": 93506905420,
                "branches": 20291945410,
                "branch-misses": 581266886,
                "max-rss": 1205160,
                "wall-time": 38.6
            },
            "sqlite3": {
                "task-clock": 58017.308292,
                "context-switches": 2975,
                "cpu-migrations": 143,
                "page-faults": 61682,
                "cycles": 173990337344,
                "instructions": 141515603264,
                "branches": 30452157922,
                "branch-misses": 816430778,
                "max-rss": 315948,
                "wall-time": 71.42
            },
            "consumer-typeset": {
                "task-clock": 37800.192074,
                "context-switches": 2374,
                "cpu-migrations": 112,
                "page-faults": 189065,
                "cycles": 113275650547,
                "instructions": 92481959231,
                "branches": 19715694808,
                "branch-misses": 566799839,
                "max-rss": 2834932,
                "wall-time": 34.289999999999985
            },
            "Bullet": {
                "task-clock": 62647.85810899999,
                "context-switches": 5555,
                "cpu-migrations": 236,
                "page-faults": 497814,
                "cycles": 188037184668,
                "instructions": 139623863959,
                "branches": 29542506297,
                "branch-misses": 784614136,
                "max-rss": 7204792,
                "wall-time": 83.75999999999999
            },
            "tramp3d-v4": {
                "task-clock": 112352.66915100001,
                "context-switches": 3797,
                "cpu-migrations": 193,
                "page-faults": 128120,
                "cycles": 338555173462,
                "instructions": 289475826303,
                "branches": 63205495989,
                "branch-misses": 1363787896,
                "max-rss": 483888,
                "wall-time": 131.3
            },
            "mafft": {
                "task-clock": 22146.95793,
                "context-switches": 889,
                "cpu-migrations": 3,
                "page-faults": 111610,
                "cycles": 66384411571,
                "instructions": 57954522561,
                "branches": 12313209615,
                "branch-misses": 299724934,
                "max-rss": 1554804,
                "wall-time": 17.57
            },
            "ClamAV": {
                "task-clock": 52331.083701999996,
                "context-switches": 4146,
                "cpu-migrations": 199,
                "page-faults": 301866,
                "cycles": 157456935002,
                "instructions": 128870415237,
                "branches": 27531064104,
                "branch-misses": 812110040,
                "max-rss": 5221344,
                "wall-time": 55.28999999999999
            },
            "lencod": {
                "task-clock": 69427.918439,
                "context-switches": 4204,
                "cpu-migrations": 229,
                "page-faults": 228297,
                "cycles": 209059618273,
                "instructions": 194034393001,
                "branches": 40681230769,
                "branch-misses": 800708468,
                "max-rss": 3122040,
                "wall-time": 60.89999999999999
            },
            "SPASS": {
                "task-clock": 49295.22402,
                "context-switches": 3948,
                "cpu-migrations": 99,
                "page-faults": 174791,
                "cycles": 148412323787,
                "instructions": 116816934070,
                "branches": 25158248044,
                "branch-misses": 756655568,
                "max-rss": 2829680,
                "wall-time": 43.14
            },
            "7zip": {
                "task-clock": 147892.64766600003,
                "context-switches": 13324,
                "cpu-migrations": 354,
                "page-faults": 810772,
                "cycles": 442608667974,
                "instructions": 330145778423,
                "branches": 70683046855,
                "branch-misses": 2143756049,
                "max-rss": 12378644,
                "wall-time": 133.92000000000002
            },
            "geomean": {
                "task-clock": 57321.449546537995,
                "context-switches": 3438.1751701803746,
                "cpu-migrations": 109.35961388981602,
                "page-faults": 203103.50758208253,
                "cycles": 172196662954.39908,
                "instructions": 139367266383.67496,
                "branches": 29830051534.238754,
                "branch-misses": 786867014.1601145,
                "max-rss": 2251062.785333613,
                "wall-time": 56.89364068010258
            }
        },
        "ReleaseLTO-g": {
            "kimwitu++": {
                "task-clock": 45692.811671999996,
                "context-switches": 893,
                "cpu-migrations": 1,
                "page-faults": 204243,
                "cycles": 137592607152,
                "instructions": 97289358796,
                "branches": 21023909984,
                "branch-misses": 602574277,
                "max-rss": 1438992,
                "wall-time": 46.260000000000005
            },
            "sqlite3": {
                "task-clock": 61864.546352000005,
                "context-switches": 522,
                "cpu-migrations": 1,
                "page-faults": 110185,
                "cycles": 186797190628,
                "instructions": 150932260503,
                "branches": 32268773808,
                "branch-misses": 844834456,
                "max-rss": 503672,
                "wall-time": 62.019999999999996
            },
            "consumer-typeset": {
                "task-clock": 39265.537646,
                "context-switches": 894,
                "cpu-migrations": 3,
                "page-faults": 216971,
                "cycles": 118377702196,
                "instructions": 95132757043,
                "branches": 20167794107,
                "branch-misses": 546525703,
                "max-rss": 2971664,
                "wall-time": 41.13000000000002
            },
            "Bullet": {
                "task-clock": 69963.575062,
                "context-switches": 3046,
                "cpu-migrations": 1,
                "page-faults": 562306,
                "cycles": 210292301778,
                "instructions": 157068365979,
                "branches": 33132812394,
                "branch-misses": 857968323,
                "max-rss": 7528768,
                "wall-time": 74.43000000000002
            },
            "tramp3d-v4": {
                "task-clock": 113133.556405,
                "context-switches": 1112,
                "cpu-migrations": 1,
                "page-faults": 298730,
                "cycles": 341050979659,
                "instructions": 269739822890,
                "branches": 58292434441,
                "branch-misses": 1309758415,
                "max-rss": 1191972,
                "wall-time": 113.28999999999999
            },
            "mafft": {
                "task-clock": 22636.072735,
                "context-switches": 486,
                "cpu-migrations": 0,
                "page-faults": 126049,
                "cycles": 67939795789,
                "instructions": 68299653796,
                "branches": 14443099532,
                "branch-misses": 338292930,
                "max-rss": 1644384,
                "wall-time": 23.620000000000005
            },