{
    "config": 0,
    "clang_size": {
        "size-text": 68508006,
        "size-data": 2842408,
        "size-bss": 290408,
        "size-total": 71640822
    },
    "data": {
        "ReleaseThinLTO": {
            "kimwitu++": {
                "task-clock": 31479.725252999997,
                "context-switches": 1642,
                "cpu-migrations": 43,
                "page-faults": 144064,
                "cycles": 106029282346,
                "instructions": 91952534890,
                "branches": 20005969384,
                "branch-misses": 507178771,
                "max-rss": 1175116,
                "wall-time": 28.739999999999995,
                "size-text": 786980,
                "size-data": 25960,
                "size-bss": 12560,
                "size-total": 825500
            },
            "sqlite3": {
                "task-clock": 46356.294329,
                "context-switches": 2080,
                "cpu-migrations": 165,
                "page-faults": 59793,
                "cycles": 156148567659,
                "instructions": 144292480180,
                "branches": 31066742986,
                "branch-misses": 766289079,
                "max-rss": 308372,
                "wall-time": 56.04,
                "size-text": 780826,
                "size-data": 3095,
                "size-bss": 624,
                "size-total": 784545
            },
            "consumer-typeset": {
                "task-clock": 29488.858883999994,
                "context-switches": 2128,
                "cpu-migrations": 115,
                "page-faults": 181236,
                "cycles": 99261252679,
                "instructions": 93178305676,
                "branches": 19868625490,
                "branch-misses": 527736428,
                "max-rss": 2739708,
                "wall-time": 27.730000000000004,
                "size-text": 667954,
                "size-data": 3768,
                "size-bss": 65200,
                "size-total": 736922
            },
            "Bullet": {
                "task-clock": 47134.841296000006,
                "context-switches": 4241,
                "cpu-migrations": 196,
                "page-faults": 483929,
                "cycles": 158594315153,
                "instructions": 140395508829,
                "branches": 29781803186,
                "branch-misses": 699516562,
                "max-rss": 6964640,
                "wall-time": 64.97000000000001,
                "size-text": 394152,
                "size-data": 403696,
                "size-bss": 43328,
                "size-total": 841176
            },
            "tramp3d-v4": {
                "task-clock": 90135.801474,
                "context-switches": 2539,
                "cpu-migrations": 193,
                "page-faults": 123320,
                "cycles": 303791772787,
                "instructions": 296011494761,
                "branches": 64776579179,
                "branch-misses": 1266273036,
                "max-rss": 479280,
                "wall-time": 105.98,
                "size-text": 885402,
                "size-data": 1800,
                "size-bss": 1848,
                "size-total": 889050
            },
            "mafft": {
                "task-clock": 17701.446330000002,
                "context-switches": 606,
                "cpu-migrations": 0,
                "page-faults": 106914,
                "cycles": 59657040532,
                "instructions": 59840404293,
                "branches": 12712748209,
                "branch-misses": 286675800,
                "max-rss": 1502620,
                "wall-time": 14.239999999999998,
                "size-text": 275609,
                "size-data": 3052,
                "size-bss": 14911040,
                "size-total": 15189701
            },
            "ClamAV": {
                "task-clock": 41001.64858300001,
                "context-switches": 3461,
                "cpu-migrations": 223,
                "page-faults": 291563,
                "cycles": 137997455885,
                "instructions": 129985503628,
                "branches": 27754405827,
                "branch-misses": 760197231,
                "max-rss": 5047920,
                "wall-time": 44.73000000000001,
                "size-text": 773613,
                "size-data": 52872,
                "size-bss": 4752,
                "size-total": 831237
            },
            "lencod": {
                "task-clock": 57231.232065,
                "context-switches": 3552,
                "cpu-migrations": 264,
                "page-faults": 223817,
                "cycles": 192813113202,
                "instructions": 202123619231,
                "branches": 42387346522,
                "branch-misses": 768259350,
                "max-rss": 3020752,
                "wall-time": 49.9,
                "size-text": 957979,
                "size-data": 2144,
                "size-bss": 106176,
                "size-total": 1066299
            },
            "SPASS": {
                "task-clock": 37792.503157,
                "context-switches": 3135,
                "cpu-migrations": 73,
                "page-faults": 169806,
                "cycles": 127133020243,
                "instructions": 116653956370,
                "branches": 25184587690,
                "branch-misses": 694145082,
                "max-rss": 2732520,
                "wall-time": 33.120000000000005,
                "size-text": 608440,
                "size-data": 872,
                "size-bss": 346536,
                "size-total": 955848
            },
            "7zip": {
                "task-clock": 110843.989093,
                "context-switches": 10502,
                "cpu-migrations": 271,
                "page-faults": 792097,
                "cycles": 372831823027,
                "instructions": 329486769736,
                "branches": 70610972781,
                "branch-misses": 1939773983,
                "max-rss": 11983612,
                "wall-time": 101.45999999999998,
                "size-text": 1433841,
                "size-data": 4160,
                "size-bss": 29280,
                "size-total": 1467281
            },
            "geomean": {
                "task-clock": 44695.08790962345,
                "context-switches": 2681.140558613653,
                "cpu-migrations": 0,
                "page-faults": 196863.72138294586,
                "cycles": 150489011438.22165,
                "instructions": 140994702800.95184,
                "branches": 30212083730.98474,
                "branch-misses": 726494396.4920479,
                "max-rss": 2185534.026066983,
                "wall-time": 44.83803959100303,
                "size-text": 692940.6905911259,
                "size-data": 6984.009238215472,
                "size-bss": 35437.433332268796,
                "size-total": 1210214.8400807409
            }
        },
        "O3": {
            "kimwitu++": {
                "task-clock": 24417.369499,
                "context-switches": 916,
                "cpu-migrations": 1,
                "page-faults": 140296,
                "cycles": 82266935898,
                "instructions": 66610249280,
                "branches": 14433490177,
                "branch-misses": 411414034,
                "max-rss": 1203872,
                "wall-time": 25.03,
                "size-text": 805309,
                "size-data": 31168,
                "size-bss": 12592,
                "size-total": 849069
            },
            "sqlite3": {
                "task-clock": 32302.744474,
                "context-switches": 170,
                "cpu-migrations": 1,
                "page-faults": 39439,
                "cycles": 108864477914,
                "instructions": 96334172961,
                "branches": 20605443985,
                "branch-misses": 559319536,
                "max-rss": 251176,
                "wall-time": 32.44,