{
    "config": 0,
    "clang_size": [],
    "data": {
        "ReleaseThinLTO": {
            "kimwitu++": {
                "task-clock": 42062.458373999994,
                "context-switches": 1938,
                "cpu-migrations": 37,
                "page-faults": 147173,
                "cycles": 127369410509,
                "instructions": 93888716389,
                "branches": 20398742910,
                "branch-misses": 581361054,
                "max-rss": 1202780,
                "wall-time": 37.96
            },
            "sqlite3": {
                "task-clock": 57466.163319,
                "context-switches": 2400,
                "cpu-migrations": 134,
                "page-faults": 61921,
                "cycles": 174140129317,
                "instructions": 142502907639,
                "branches": 30691853149,
                "branch-misses": 815974447,
                "max-rss": 317304,
                "wall-time": 70.58
            },
            "consumer-typeset": {
                "task-clock": 37506.987071000025,
                "context-switches": 2395,
                "cpu-migrations": 77,
                "page-faults": 186651,
                "cycles": 113643862187,
                "instructions": 92870215960,
                "branches": 19813946638,
                "branch-misses": 569507534,
                "max-rss": 2834884,
                "wall-time": 33.86999999999999
            },
            "Bullet": {
                "task-clock": 62189.278381000026,
                "context-switches": 5310,
                "cpu-migrations": 222,
                "page-faults": 498063,
                "cycles": 188793894715,
                "instructions": 139831799942,
                "branches": 29603290716,
                "branch-misses": 785269006,
                "max-rss": 7199864,
                "wall-time": 83.61999999999998
            },
            "tramp3d-v4": {
                "task-clock": 112217.685466,
                "context-switches": 3169,
                "cpu-migrations": 169,
                "page-faults": 130754,
                "cycles": 340106503626,
                "instructions": 291161897760,
                "branches": 63646464418,
                "branch-misses": 1361961916,
                "max-rss": 483500,
                "wall-time": 131.76999999999998
            },
            "mafft": {
                "task-clock": 21959.91376,
                "context-switches": 748,
                "cpu-migrations": 1,
                "page-faults": 111195,
                "cycles": 66326212124,
                "instructions": 58289415457,
                "branches": 12392460791,
                "branch-misses": 298730530,
                "max-rss": 1549788,
                "wall-time": 17.45
            },
            "ClamAV": {
                "task-clock": 52303.12896400002,
                "context-switches": 3973,
                "cpu-migrations": 233,
                "page-faults": 303145,
                "cycles": 158144890609,
                "instructions": 129347080119,
                "branches": 27636040123,
                "branch-misses": 812903279,
                "max-rss": 5217848,
                "wall-time": 55.49999999999999
            },
            "lencod": {
                "task-clock": 69198.037177,
                "context-switches": 4297,
                "cpu-migrations": 174,
                "page-faults": 231018,
                "cycles": 209200829161,
                "instructions": 194410628913,
                "branches": 40782074881,
                "branch-misses": 805377153,
                "max-rss": 3126564,
                "wall-time": 60.19
            },
            "SPASS": {
                "task-clock": 49328.601527000006,
                "context-switches": 4124,
                "cpu-migrations": 122,
                "page-faults": 174540,
                "cycles": 149283569692,
                "instructions": 117523007326,
                "branches": 25332403083,
                "branch-misses": 757337031,
                "max-rss": 2820208,
                "wall-time": 43.25
            },
            "7zip": {
                "task-clock": 145937.48711599992,
                "context-switches": 12332,
                "cpu-migrations": 319,
                "page-faults": 810716,
                "cycles": 442529516557,
                "instructions": 330572600014,
                "branches": 70801523512,
                "branch-misses": 2141969911,
                "max-rss": 12391212,
                "wall-time": 131.61999999999998
            },
            "geomean": {
                "task-clock": 56999.54122632676,
                "context-switches": 3225.094897655512,
                "cpu-migrations": 86.18054991345251,
                "page-faults": 203543.8989472,
                "cycles": 172598528414.52777,
                "instructions": 139942947122.1984,
                "branches": 29974596508.334347,
                "branch-misses": 787449249.8055078,
                "max-rss": 2250165.0648082,
                "wall-time": 56.5050224694965
            }
        },
        "ReleaseLTO-g": {
            "kimwitu++": {
                "task-clock": 45577.81160400001,
                "context-switches": 1001,
                "cpu-migrations": 1,
                "page-faults": 206216,
                "cycles": 137706310284,
                "instructions": 97539136596,
                "branches": 21100614734,
                "branch-misses": 599014508,
                "max-rss": 1437324,
                "wall-time": 46.18
            },
            "sqlite3": {
                "task-clock": 62415.291078,
                "context-switches": 503,
                "cpu-migrations": 1,
                "page-faults": 110135,
                "cycles": 188738787610,
                "instructions": 151699413905,
                "branches": 32459566632,
                "branch-misses": 845172742,
                "max-rss": 503948,
                "wall-time": 62.599999999999994
            },
            "consumer-typeset": {
                "task-clock": 39155.29003299999,
                "context-switches": 856,
                "cpu-migrations": 1,
                "page-faults": 216711,
                "cycles": 118274700142,
                "instructions": 95487906209,
                "branches": 20255309656,
                "branch-misses": 544425379,
                "max-rss": 2965000,
                "wall-time": 41.05
            },
            "Bullet": {
                "task-clock": 69734.81034,
                "context-switches": 3133,
                "cpu-migrations": 2,
                "page-faults": 562313,
                "cycles": 211229975111,
                "instructions": 157325554297,
                "branches": 33205615044,
                "branch-misses": 856375958,
                "max-rss": 7516048,
                "wall-time": 74.16
            },
            "tramp3d-v4": {
                "task-clock": 113519.767751,
                "context-switches": 751,
                "cpu-migrations": 1,
                "page-faults": 298579,
                "cycles": 342904591006,
                "instructions": 270778470298,
                "branches": 58591021919,
                "branch-misses": 1308185052,
                "max-rss": 1190900,
                "wall-time": 113.66
            },
            "mafft": {
                "task-clock": 22701.441092999998,
                "context-switches": 564,
                "cpu-migrations": 0,
                "page-faults": 128148,
                "cycles": 68526122708,
                "instructions": 68575174342,
                "branches": 14505551281,
                "branch-misses": 339400350,
                "max-rss": 1640128,
                "wall-time": 23.74000000000001
            },
            "ClamAV": {
                "task-clock": 59735.096898000025,