{
    "config": 0,
    "clang_size": [],
    "data": {
        "ReleaseThinLTO": {
            "kimwitu++": {
                "task-clock": 42118.74919,
                "context-switches": 2242,
                "cpu-migrations": 98,
                "page-faults": 149418,
                "cycles": 127245171656,
                "instructions": 93552429667,
                "branches": 20305329465,
                "branch-misses": 580609846,
                "max-rss": 1209232,
                "wall-time": 38.66000000000001
            },
            "sqlite3": {
                "task-clock": 57155.525286000004,
                "context-switches": 2262,
                "cpu-migrations": 81,
                "page-faults": 62011,
                "cycles": 172880019302,
                "instructions": 141847580850,
                "branches": 30515938660,
                "branch-misses": 812791440,
                "max-rss": 318008,
                "wall-time": 69.08
            },
            "consumer-typeset": {
                "task-clock": 37447.38413499998,
                "context-switches": 2564,
                "cpu-migrations": 174,
                "page-faults": 189096,
                "cycles": 113291487002,
                "instructions": 92615041164,
                "branches": 19743054436,
                "branch-misses": 565856300,
                "max-rss": 2840100,
                "wall-time": 34.73
            },
            "Bullet": {
                "task-clock": 62319.955625,
                "context-switches": 5604,
                "cpu-migrations": 226,
                "page-faults": 498063,
                "cycles": 187818436238,
                "instructions": 139702431398,
                "branches": 29550573608,
                "branch-misses": 782443659,
                "max-rss": 7216516,
                "wall-time": 84.41000000000003
            },
            "tramp3d-v4": {
                "task-clock": 111855.922944,
                "context-switches": 3836,
                "cpu-migrations": 182,
                "page-faults": 128421,
                "cycles": 337700363779,
                "instructions": 289490410956,
                "branches": 63210271225,
                "branch-misses": 1363863513,
                "max-rss": 484064,
                "wall-time": 130.93
            },
            "mafft": {
                "task-clock": 21732.368764,
                "context-switches": 668,
                "cpu-migrations": 2,
                "page-faults": 111512,
                "cycles": 65826545029,
                "instructions": 58011659769,
                "branches": 12326948962,
                "branch-misses": 297408638,
                "max-rss": 1554156,
                "wall-time": 17.289999999999996
            },
            "ClamAV": {
                "task-clock": 52147.578474999966,
                "context-switches": 4295,
                "cpu-migrations": 255,
                "page-faults": 303174,
                "cycles": 157825267157,
                "instructions": 129251628701,
                "branches": 27612139584,
                "branch-misses": 813019903,
                "max-rss": 5225952,
                "wall-time": 56.050000000000004
            },
            "lencod": {
                "task-clock": 69362.039712,
                "context-switches": 4350,
                "cpu-migrations": 200,
                "page-faults": 229947,
                "cycles": 209290459316,
                "instructions": 194236984355,
                "branches": 40723166294,
                "branch-misses": 804515282,
                "max-rss": 3128228,
                "wall-time": 60.19
            },
            "SPASS": {
                "task-clock": 48991.377511,
                "context-switches": 3879,
                "cpu-migrations": 95,
                "page-faults": 176004,
                "cycles": 148498638256,
                "instructions": 116956052882,
                "branches": 25186060677,
                "branch-misses": 756650800,
                "max-rss": 2832132,
                "wall-time": 42.66
            },
            "7zip": {
                "task-clock": 147129.275052,
                "context-switches": 13085,
                "cpu-migrations": 268,
                "page-faults": 811284,
                "cycles": 442907215705,
                "instructions": 330518919098,
                "branches": 70760001885,
                "branch-misses": 2142227509,
                "max-rss": 12409244,
                "wall-time": 132.90000000000003
            },
            "geomean": {
                "task-clock": 56905.24672267087,
                "context-switches": 3348.224229817124,
                "cpu-migrations": 103.96565022933326,
                "page-faults": 203929.994695455,
                "cycles": 171957665014.0322,
                "instructions": 139537164817.30502,
                "branches": 29865170349.67888,
                "branch-misses": 785876640.680533,
                "max-rss": 2255448.376597909,
                "wall-time": 56.62644291711756
            }
        },
        "ReleaseLTO-g": {
            "kimwitu++": {
                "task-clock": 45546.79208,
                "context-switches": 966,
                "cpu-migrations": 1,
                "page-faults": 206176,
                "cycles": 137771175126,
                "instructions": 97287749431,
                "branches": 21021465416,
                "branch-misses": 599972930,
                "max-rss": 1441484,
                "wall-time": 46.150000000000006
            },
            "sqlite3": {
                "task-clock": 61637.968173999994,
                "context-switches": 496,
                "cpu-migrations": 1,
                "page-faults": 110287,
                "cycles": 187957323668,
                "instructions": 151525800682,
                "branches": 32394028239,
                "branch-misses": 846283048,
                "max-rss": 504364,
                "wall-time": 61.78999999999999
            },
            "consumer-typeset": {
                "task-clock": 38868.918529,
                "context-switches": 866,
                "cpu-migrations": 1,
                "page-faults": 216983,
                "cycles": 118409341819,
                "instructions": 95346429101,
                "branches": 20213700403,
                "branch-misses": 546153584,
                "max-rss": 2975292,
                "wall-time": 40.68
            },
            "Bullet": {
                "task-clock": 69710.747391,
                "context-switches": 3342,
                "cpu-migrations": 1,
                "page-faults": 562931,
                "cycles": 210783574077,
                "instructions": 157227128796,
                "branches": 33159370214,
                "branch-misses": 859197708,
                "max-rss": 7533320,
                "wall-time": 74.25
            },
            "tramp3d-v4": {
                "task-clock": 112380.447475,
                "context-switches": 944,
                "cpu-migrations": 3,
                "page-faults": 298386,
                "cycles": 340649540949,
                "instructions": 270252668837,
                "branches": 58432536427,
                "branch-misses": 1306637440,
                "max-rss": 1190492,
                "wall-time": 112.57
            },
            "mafft": {
                "task-clock": 22291.920661000004,
                "context-switches": 568,
                "cpu-migrations": 1,
                "page-faults": 126416,
                "cycles": 67985571376,
                "instructions": 68398365745,
                "branches": 14463626798,
                "branch-misses": 338634300,
                "max-rss": 1642992,
                "wall-time": 23.240000000000006
            },
            "ClamAV": {
                "task-clock": 59262.98846899995,