{
    "config": 0,
    "clang_size": {
        "size-text": 70087852,
        "size-data": 2889384,
        "size-bss": 311720,
        "size-total": 73288956
    },
    "data": {
        "O0-g": {
            "kimwitu++": {
                "task-clock": 12140.600805999999,
                "context-switches": 749,
                "cpu-migrations": 2,
                "page-faults": 156130,
                "cycles": 40848288234,
                "instructions": 30092547263,
                "branches": 6253064902,
                "branch-misses": 158611555,
                "max-rss": 1213936,
                "wall-time": 12.740000000000002,
                "size-text": 1430110,
                "size-data": 31288,
                "size-bss": 12608,
                "size-total": 1474006
            },
            "sqlite3": {
                "task-clock": 2210.006672,
                "context-switches": 25,
                "cpu-migrations": 2,
                "page-faults": 32890,
                "cycles": 7424264373,
                "instructions": 6378179507,
                "branches": 1316976038,
                "branch-misses": 28107274,
                "max-rss": 223928,
                "wall-time": 2.32,
                "size-text": 534059,
                "size-data": 3280,
                "size-bss": 696,
                "size-total": 538035
            },
            "consumer-typeset": {
                "task-clock": 5083.807161000002,
                "context-switches": 481,
                "cpu-migrations": 1,
                "page-faults": 175179,
                "cycles": 17054961176,
                "instructions": 14993119690,
                "branches": 3041038533,
                "branch-misses": 57678752,
                "max-rss": 2758204,
                "wall-time": 7.000000000000001,
                "size-text": 1035501,
                "size-data": 7512,
                "size-bss": 65264,
                "size-total": 1108277
            },
            "Bullet": {
                "task-clock": 26373.056473000004,
                "context-switches": 1968,
                "cpu-migrations": 3,
                "page-faults": 528895,
                "cycles": 88541794934,
                "instructions": 71048119841,
                "branches": 14465246526,
                "branch-misses": 323167005,
                "max-rss": 7215348,
                "wall-time": 31.01000000000002,
                "size-text": 1232272,
                "size-data": 747920,
                "size-bss": 45552,
                "size-total": 2025744
            },
            "tramp3d-v4": {
                "task-clock": 11795.078339,
                "context-switches": 121,
                "cpu-migrations": 1,
                "page-faults": 128769,
                "cycles": 39599908427,
                "instructions": 28907967485,
                "branches": 6209257951,
                "branch-misses": 150592996,
                "max-rss": 512504,
                "wall-time": 11.9,
                "size-text": 1393987,
                "size-data": 1464,
                "size-bss": 2136,
                "size-total": 1397587
            },
            "mafft": {
                "task-clock": 2813.000308,
                "context-switches": 248,
                "cpu-migrations": 3,
                "page-faults": 94683,
                "cycles": 9436456973,
                "instructions": 8199959846,
                "branches": 1664135771,
                "branch-misses": 32752594,
                "max-rss": 1479388,
                "wall-time": 3.8400000000000003,
                "size-text": 449332,
                "size-data": 8941,
                "size-bss": 132727168,
                "size-total": 133185441
            },
            "ClamAV": {
                "task-clock": 6487.136098000002,
                "context-switches": 716,
                "cpu-migrations": 10,
                "page-faults": 278163,
                "cycles": 21743474498,
                "instructions": 17443038204,
                "branches": 3517523014,
                "branch-misses": 78100736,
                "max-rss": 5016428,
                "wall-time": 10.179999999999998,
                "size-text": 889711,
                "size-data": 62788,
                "size-bss": 4768,
                "size-total": 957267
            },
            "lencod": {
                "task-clock": 5390.224092000001,
                "context-switches": 540,
                "cpu-migrations": 10,
                "page-faults": 187474,
                "cycles": 18081355247,
                "instructions": 15641140836,
                "branches": 3160218216,
                "branch-misses": 61552405,
                "max-rss": 2958728,
                "wall-time": 7.510000000000002,
                "size-text": 918941,
                "size-data": 16632,
                "size-bss": 109408,
                "size-total": 1044981
            },
            "SPASS": {
                "task-clock": 6798.430327000001,
                "context-switches": 574,
                "cpu-migrations": 5,
                "page-faults": 178204,
                "cycles": 22811689190,
                "instructions": 18410589132,
                "branches": 3805222689,
                "branch-misses": 85627223,
                "max-rss": 2733044,
                "wall-time": 8.770000000000001,
                "size-text": 917907,
                "size-data": 920,
                "size-bss": 358776,
                "size-total": 1277603
            },
            "7zip": {
                "task-clock": 33132.48713400002,
                "context-switches": 2958,
                "cpu-migrations": 10,
                "page-faults": 821526,
                "cycles": 111170236990,
                "instructions": 82005134150,
                "branches": 16872223792,
                "branch-misses": 414552972,
                "max-rss": 12117520,
                "wall-time": 41.32999999999995,
                "size-text": 1390888,
                "size-data": 7832,
                "size-bss": 29440,
                "size-total": 1428160
            },
            "geomean": {
                "task-clock": 7894.373002819316,
                "context-switches": 451.13299239730554,
                "cpu-migrations": 3.3537234727122254,
                "page-faults": 183918.92670209485,
                "cycles": 26497416925.967552,
                "instructions": 21380747555.345436,
                "branches": 4392131612.293319,
                "branch-misses": 96488130.96891826,
                "max-rss": 2140191.920924467,
                "wall-time": 9.794421997010552,
                "size-text": 955931.8434038078,
                "size-data": 11896.716642703963,
                "size-bss": 45815.70955039673,
                "size-total": 1897445.2512133552
            }
        }
    }
}