{
    "config": 0,
    "clang_size": [],
    "data": {
        "ReleaseThinLTO": {
            "kimwitu++": {
                "task-clock": 42112.41825900001,
                "context-switches": 2135,
                "cpu-migrations": 72,
                "page-faults": 146920,
                "cycles": 128522622544,
                "instructions": 93896967209,
                "branches": 20400162838,
                "branch-misses": 578121097,
                "max-rss": 1202152,
                "wall-time": 38.26
            },
            "sqlite3": {
                "task-clock": 57923.858533,
                "context-switches": 3078,
                "cpu-migrations": 163,
                "page-faults": 61614,
                "cycles": 176794654836,
                "instructions": 142435042924,
                "branches": 30670215961,
                "branch-misses": 816640012,
                "max-rss": 316180,
                "wall-time": 71.82
            },
            "consumer-typeset": {
                "task-clock": 37320.284616000004,
                "context-switches": 2406,
                "cpu-migrations": 97,
                "page-faults": 188671,
                "cycles": 114028569247,
                "instructions": 92860713113,
                "branches": 19811348372,
                "branch-misses": 567749398,
                "max-rss": 2831140,
                "wall-time": 33.93
            },
            "Bullet": {
                "task-clock": 62093.90083400001,
                "context-switches": 5579,
                "cpu-migrations": 237,
                "page-faults": 497177,
                "cycles": 189517687187,
                "instructions": 139861368171,
                "branches": 29607057314,
                "branch-misses": 784171679,
                "max-rss": 7213220,
                "wall-time": 84.18000000000004
            },
            "tramp3d-v4": {
                "task-clock": 112241.493621,
                "context-switches": 3028,
                "cpu-migrations": 188,
                "page-faults": 128076,
                "cycles": 342622896385,
                "instructions": 291136934295,
                "branches": 63641726187,
                "branch-misses": 1363133993,
                "max-rss": 484220,
                "wall-time": 131.24
            },
            "mafft": {
                "task-clock": 22017.678115,
                "context-switches": 998,
                "cpu-migrations": 28,
                "page-faults": 110590,
                "cycles": 67233539126,
                "instructions": 58283049991,
                "branches": 12388938403,
                "branch-misses": 302047909,
                "max-rss": 1552000,
                "wall-time": 17.81
            },
            "ClamAV": {
                "task-clock": 52004.79015300001,
                "context-switches": 4057,
                "cpu-migrations": 176,
                "page-faults": 301689,
                "cycles": 158765852547,
                "instructions": 129421419841,
                "branches": 27654226829,
                "branch-misses": 814166905,
                "max-rss": 5212788,
                "wall-time": 54.74
            },
            "lencod": {
                "task-clock": 68709.745586,
                "context-switches": 4263,
                "cpu-migrations": 237,
                "page-faults": 232534,
                "cycles": 209899644223,
                "instructions": 194363517831,
                "branches": 40771221029,
                "branch-misses": 807858382,
                "max-rss": 3115716,
                "wall-time": 59.800000000000004
            },
            "SPASS": {
                "task-clock": 48845.513391,
                "context-switches": 3947,
                "cpu-migrations": 98,
                "page-faults": 174835,
                "cycles": 149274326672,
                "instructions": 117460437823,
                "branches": 25319382656,
                "branch-misses": 759197591,
                "max-rss": 2826100,
                "wall-time": 42.88
            },
            "7zip": {
                "task-clock": 145736.33848600002,
                "context-switches": 12559,
                "cpu-migrations": 332,
                "page-faults": 810874,
                "cycles": 444462277634,
                "instructions": 330596380348,
                "branches": 70808525956,
                "branch-misses": 2143446498,
                "max-rss": 12383612,
                "wall-time": 131.47999999999996
            },
            "geomean": {
                "task-clock": 56893.686232399064,
                "context-switches": 3434.7469128214907,
                "cpu-migrations": 134.43059581612158,
                "page-faults": 203132.2041182028,
                "cycles": 173704204955.2956,
                "instructions": 139934512718.58337,
                "branches": 29971533870.755,
                "branch-misses": 788269610.6025132,
                "max-rss": 2249355.7801901377,
                "wall-time": 56.61915372775582
            }
        },
        "ReleaseLTO-g": {
            "kimwitu++": {
                "task-clock": 45844.897452000005,
                "context-switches": 1191,
                "cpu-migrations": 1,
                "page-faults": 205741,
                "cycles": 139920761241,
                "instructions": 97525154109,
                "branches": 21097218167,
                "branch-misses": 598426833,
                "max-rss": 1440312,
                "wall-time": 46.53
            },
            "sqlite3": {
                "task-clock": 63028.049656999996,
                "context-switches": 547,
                "cpu-migrations": 1,
                "page-faults": 109958,
                "cycles": 192962697200,
                "instructions": 151840574175,
                "branches": 32490866489,
                "branch-misses": 846665862,
                "max-rss": 503140,
                "wall-time": 63.17999999999999
            },
            "consumer-typeset": {
                "task-clock": 39135.84602,
                "context-switches": 811,
                "cpu-migrations": 1,
                "page-faults": 216574,
                "cycles": 119486491893,
                "instructions": 95497409300,
                "branches": 20255675023,
                "branch-misses": 544424606,
                "max-rss": 2969768,
                "wall-time": 40.97
            },
            "Bullet": {
                "task-clock": 69396.77327000003,
                "context-switches": 3279,
                "cpu-migrations": 1,
                "page-faults": 561999,
                "cycles": 211881775230,
                "instructions": 157272866506,
                "branches": 33197895709,
                "branch-misses": 854069868,
                "max-rss": 7522160,
                "wall-time": 73.87
            },
            "tramp3d-v4": {
                "task-clock": 114843.537319,
                "context-switches": 647,
                "cpu-migrations": 1,
                "page-faults": 297683,
                "cycles": 351424233142,
                "instructions": 270870427147,
                "branches": 58615047059,
                "branch-misses": 1308917683,
                "max-rss": 1188432,
                "wall-time": 115.03999999999999
            },
            "mafft": {
                "task-clock": 22503.347767999992,
                "context-switches": 609,
                "cpu-migrations": 0,
                "page-faults": 126548,
                "cycles": 68682814939,
                "instructions": 68575463200,
                "branches": 14505783873,
                "branch-misses": 338492721,
                "max-rss": 1640348,
                "wall-time": 23.520000000000003
            },
            "ClamAV": {
                "task-clock": 59925.90239099998,