{
    "config": 0,
    "clang_size": [],
    "data": {
        "ReleaseThinLTO": {
            "kimwitu++": {
                "task-clock": 42358.256627,
                "context-switches": 2048,
                "cpu-migrations": 116,
                "page-faults": 149405,
                "cycles": 127434198000,
                "instructions": 93620618372,
                "branches": 20318913742,
                "branch-misses": 578575861,
                "max-rss": 1210156,
                "wall-time": 38.699999999999996
            },
            "sqlite3": {
                "task-clock": 57359.405136,
                "context-switches": 2736,
                "cpu-migrations": 169,
                "page-faults": 61894,
                "cycles": 173139827534,
                "instructions": 141564946496,
                "branches": 30462032682,
                "branch-misses": 818069347,
                "max-rss": 317212,
                "wall-time": 70.22
            },
            "consumer-typeset": {
                "task-clock": 37631.56409800002,
                "context-switches": 2451,
                "cpu-migrations": 147,
                "page-faults": 186786,
                "cycles": 113436019929,
                "instructions": 92446004736,
                "branches": 19707788005,
                "branch-misses": 569118105,
                "max-rss": 2836668,
                "wall-time": 34.47
            },
            "Bullet": {
                "task-clock": 62509.21283500003,
                "context-switches": 5160,
                "cpu-migrations": 228,
                "page-faults": 497775,
                "cycles": 188624134576,
                "instructions": 139624197498,
                "branches": 29540089460,
                "branch-misses": 784389673,
                "max-rss": 7208824,
                "wall-time": 83.63000000000001
            },
            "tramp3d-v4": {
                "task-clock": 112097.91834599999,
                "context-switches": 3032,
                "cpu-migrations": 148,
                "page-faults": 127492,
                "cycles": 338181962988,
                "instructions": 289504758148,
                "branches": 63201525685,
                "branch-misses": 1366723518,
                "max-rss": 483904,
                "wall-time": 131.11
            },
            "mafft": {
                "task-clock": 21812.789078,
                "context-switches": 682,
                "cpu-migrations": 0,
                "page-faults": 111761,
                "cycles": 65891777693,
                "instructions": 57970284359,
                "branches": 12318060539,
                "branch-misses": 298957770,
                "max-rss": 1550136,
                "wall-time": 17.389999999999997
            },
            "ClamAV": {
                "task-clock": 51964.60918500002,
                "context-switches": 4152,
                "cpu-migrations": 222,
                "page-faults": 301102,
                "cycles": 157078863236,
                "instructions": 128859525556,
                "branches": 27527625488,
                "branch-misses": 813797614,
                "max-rss": 5220676,
                "wall-time": 55.359999999999985
            },
            "lencod": {
                "task-clock": 69363.998361,
                "context-switches": 4375,
                "cpu-migrations": 222,
                "page-faults": 228162,
                "cycles": 209262530113,
                "instructions": 194034193572,
                "branches": 40681389351,
                "branch-misses": 807913694,
                "max-rss": 3121448,
                "wall-time": 60.86
            },
            "SPASS": {
                "task-clock": 49053.45768399999,
                "context-switches": 3810,
                "cpu-migrations": 80,
                "page-faults": 175692,
                "cycles": 148406350200,
                "instructions": 116815504064,
                "branches": 25159120361,
                "branch-misses": 759049513,
                "max-rss": 2830796,
                "wall-time": 42.84
            },
            "7zip": {
                "task-clock": 146777.268172,
                "context-switches": 12593,
                "cpu-migrations": 353,
                "page-faults": 811290,
                "cycles": 443011432514,
                "instructions": 330235572855,
                "branches": 70701223111,
                "branch-misses": 2149963848,
                "max-rss": 12375032,
                "wall-time": 132.34000000000003
            },
            "geomean": {
                "task-clock": 57010.099285509,
                "context-switches": 3240.5909969796335,
                "cpu-migrations": 0,
                "page-faults": 203191.219253927,
                "cycles": 172055655144.2284,
                "instructions": 139391289160.25912,
                "branches": 29835037348.543552,
                "branch-misses": 788271428.8621416,
                "max-rss": 2252439.144752344,
                "wall-time": 56.66278535220588
            }
        },
        "ReleaseLTO-g": {
            "kimwitu++": {
                "task-clock": 45861.81714099999,
                "context-switches": 1100,
                "cpu-migrations": 1,
                "page-faults": 205902,
                "cycles": 138094695319,
                "instructions": 97176236857,
                "branches": 20996141587,
                "branch-misses": 598571780,
                "max-rss": 1439476,
                "wall-time": 46.470000000000006
            },
            "sqlite3": {
                "task-clock": 62126.989699,
                "context-switches": 354,
                "cpu-migrations": 1,
                "page-faults": 110200,
                "cycles": 187891006422,
                "instructions": 150901588848,
                "branches": 32264535154,
                "branch-misses": 846674781,
                "max-rss": 504452,
                "wall-time": 62.29
            },
            "consumer-typeset": {
                "task-clock": 39162.19852899999,
                "context-switches": 907,
                "cpu-migrations": 2,
                "page-faults": 216673,
                "cycles": 118355260351,
                "instructions": 95117777815,
                "branches": 20164603160,
                "branch-misses": 546198758,
                "max-rss": 2969792,
                "wall-time": 40.99000000000001
            },
            "Bullet": {
                "task-clock": 70037.76806100001,
                "context-switches": 3585,
                "cpu-migrations": 3,
                "page-faults": 562748,
                "cycles": 211010027116,
                "instructions": 157065389643,
                "branches": 33132291063,
                "branch-misses": 858960059,
                "max-rss": 7532008,
                "wall-time": 74.48
            },
            "tramp3d-v4": {
                "task-clock": 113712.267051,
                "context-switches": 591,
                "cpu-migrations": 2,
                "page-faults": 298660,
                "cycles": 343067821244,
                "instructions": 269879218901,
                "branches": 58336612346,
                "branch-misses": 1308224395,
                "max-rss": 1191564,
                "wall-time": 113.84
            },
            "mafft": {
                "task-clock": 22389.661716,
                "context-switches": 645,
                "cpu-migrations": 0,
                "page-faults": 126271,
                "cycles": 68007438879,
                "instructions": 68302042603,
                "branches": 14442564298,
                "branch-misses": 338657875,
                "max-rss": 1643568,
                "wall-time": 23.360000000000007
            },
            "ClamAV": {
                "task-clock": 59822.61411199998,