{
    "config": 1,
    "clang_size": {
        "size-text": 79770189,
        "size-data": 3269112,
        "size-bss": 319505,
        "size-total": 83358806
    },
    "data": {
        "O3": {
            "lencod": {
                "instructions": 106341810964,
                "instructions:u": 104821951295.5,
                "cycles": 64750733566.5,
                "task-clock": 17998.825000000004,
                "branches": 20853843008.5,
                "branch-misses": 422307349,
                "max-rss": 3671266,
                "wall-time": 18.104999999999993,
                "size-file": 970560,
                "size-text": 892768,
                "size-data": 14768,
                "size-bss": 108672,
                "size-total": 1016208
            },
            "Bullet": {
                "instructions": 134606012885.5,
                "instructions:u": 131144290139.5,
                "cycles": 94474723222.5,
                "task-clock": 26261.364999999998,
                "branches": 26829549269,
                "branch-misses": 636579183,
                "max-rss": 8476152,
                "wall-time": 26.490000000000006,
                "size-file": 1908936,
                "size-text": 912216,
                "size-data": 747360,
                "size-bss": 45424,
                "size-total": 1705000
            },
            "mafft": {
                "instructions": 55281358679.5,
                "instructions:u": 54523275951.5,
                "cycles": 35963673967.5,
                "task-clock": 9997.09,
                "branches": 10939118651,
                "branch-misses": 277566855,
                "max-rss": 1867060,
                "wall-time": 10.040000000000001,
                "size-file": 606600,
                "size-text": 541779,
                "size-data": 8965,
                "size-bss": 132716800,
                "size-total": 133267544
            },
            "tramp3d-v4": {
                "instructions": 120256787827,
                "instructions:u": 119874028218,
                "cycles": 83044524514,
                "task-clock": 23084.190000000002,
                "branches": 24289626581,
                "branch-misses": 539286257,
                "max-rss": 374734,
                "wall-time": 23.105,
                "size-file": 1233336,
                "size-text": 884918,
                "size-data": 1848,
                "size-bss": 2048,
                "size-total": 888814
            },
            "ClamAV": {
                "instructions": 76788396674.5,
                "instructions:u": 74463978085,
                "cycles": 51654296993,
                "task-clock": 14359.774999999998,
                "branches": 15370793458,
                "branch-misses": 422891964,
                "max-rss": 6247452,
                "wall-time": 14.5,
                "size-file": 834840,
                "size-text": 728938,
                "size-data": 58292,
                "size-bss": 4768,
                "size-total": 791998
            },
            "kimwitu++": {
                "instructions": 62061101777.5,
                "instructions:u": 61325434563,
                "cycles": 45645399218,
                "task-clock": 12687.555,
                "branches": 12594039135,
                "branch-misses": 314729525.5,
                "max-rss": 1301832,
                "wall-time": 12.714999999999998,
                "size-file": 1264232,
                "size-text": 813364,
                "size-data": 31152,
                "size-bss": 12624,
                "size-total": 857140
            },
            "sqlite3": {
                "instructions": 73111044081.5,
                "instructions:u": 72933900180.5,
                "cycles": 50805642422,
                "task-clock": 14120.765,
                "branches": 14657035583.5,
                "branch-misses": 393307869,
                "max-rss": 248324,
                "wall-time": 14.135000000000002,
                "size-file": 754248,
                "size-text": 712458,
                "size-data": 3095,
                "size-bss": 696,
                "size-total": 716249
            },
            "SPASS": {
                "instructions": 64978409219,
                "instructions:u": 63728751230,
                "cycles": 45595665176.5,
                "task-clock": 12674.494999999999,
                "branches": 13122017653,
                "branch-misses": 374456169,
                "max-rss": 3341362,
                "wall-time": 12.755000000000003,
                "size-file": 686408,
                "size-text": 617153,
                "size-data": 880,
                "size-bss": 358760,
                "size-total": 976793
            },
            "7zip": {
                "instructions": 198396595843,
                "instructions:u": 192225245668.5,
                "cycles": 144348153445,
                "task-clock": 40124.98,
                "branches": 39914836229,
                "branch-misses": 1084647416,
                "max-rss": 14589504,
                "wall-time": 40.52000000000002,
                "size-file": 1597400,
                "size-text": 1262350,
                "size-data": 5184,
                "size-bss": 29376,
                "size-total": 1296910
            },
            "consumer-typeset": {
                "instructions": 53223434869,
                "instructions:u": 51895719189,
                "cycles": 36041973266.5,
                "task-clock": 10019.279999999999,
                "branches": 10725471784,
                "branch-misses": 275155053,
                "max-rss": 3382772,
                "wall-time": 10.094999999999995,
                "size-file": 603760,
                "size-text": 562712,
                "size-data": 3752,
                "size-bss": 65240,
                "size-total": 631704
            },
            "geomean": {
                "instructions": 86237490023.01709,
                "instructions:u": 84709132515.11676,
                "cycles": 59092098582.30579,
                "task-clock": 16425.98983703633,
                "branches": 17276913103.724487,
                "branch-misses": 433694051.3166356,
                "max-rss": 2432433.2490615384,
                "wall-time": 16.5186920747392,
                "size-file": 969081.2973350354,
                "size-text": 768980.8252993133,
                "size-data": 10581.006551431929,
                "size-bss": 45573.37571239431,
                "size-total": 1549639.9906679054
            }
        },
        "ReleaseThinLTO": {
            "lencod": {
                "instructions": 169484920605,
                "instructions:u": 167986758982,
                "cycles": 100382590933,
                "task-clock": 27903.460000000014,
                "branches": 33249098955.5,
                "branch-misses": 609240598.5,
                "max-rss": 3373234,
                "wall-time": 16.92,
                "size-file": 1024488,
                "size-text": 960192,
                "size-data": 2144,
                "size-bss": 106144,
                "size-total": 1068480
            },
            "Bullet": {
                "instructions": 127174759506.5,
                "instructions:u": 123864947288,
                "cycles": 89522390495,
                "task-clock": 24887.56500000002,
                "branches": 25449076645,
                "branch-misses": 570676458,
                "max-rss": 7702226,
                "wall-time": 33.12999999999998,
                "size-file": 902088,
                "size-text": 392639,
                "size-data": 403696,
                "size-bss": 43328,
                "size-total": 839663
            },
            "mafft": {
                "instructions": 49748196255,
                "instructions:u": 49027714511,
                "cycles": 31851109202.5,
                "task-clock": 8852.869999999999,