{
    "config": 0,
    "clang_size": {
        "size-text": 68502469,
        "size-data": 2842376,
        "size-bss": 290408,
        "size-total": 71635253
    },
    "data": {
        "ReleaseThinLTO": {
            "kimwitu++": {
                "task-clock": 31378.688851000003,
                "context-switches": 1488,
                "cpu-migrations": 24,
                "page-faults": 143954,
                "cycles": 105287484547,
                "instructions": 91225020909,
                "branches": 19800565379,
                "branch-misses": 504301211,
                "max-rss": 1173732,
                "wall-time": 28.480000000000004,
                "size-text": 786980,
                "size-data": 25960,
                "size-bss": 12560,
                "size-total": 825500
            },
            "sqlite3": {
                "task-clock": 46225.111303,
                "context-switches": 2415,
                "cpu-migrations": 133,
                "page-faults": 59647,
                "cycles": 155695432545,
                "instructions": 143486819341,
                "branches": 30846945783,
                "branch-misses": 765523074,
                "max-rss": 307504,
                "wall-time": 56.620000000000005,
                "size-text": 780826,
                "size-data": 3095,
                "size-bss": 624,
                "size-total": 784545
            },
            "consumer-typeset": {
                "task-clock": 29402.065771,
                "context-switches": 1978,
                "cpu-migrations": 116,
                "page-faults": 182589,
                "cycles": 99008005760,
                "instructions": 92816257721,
                "branches": 19766882854,
                "branch-misses": 525688789,
                "max-rss": 2741296,
                "wall-time": 27.16999999999999,
                "size-text": 667906,
                "size-data": 3768,
                "size-bss": 65200,
                "size-total": 736874
            },
            "Bullet": {
                "task-clock": 46811.489557,
                "context-switches": 4162,
                "cpu-migrations": 171,
                "page-faults": 482760,
                "cycles": 156997713571,
                "instructions": 138599244142,
                "branches": 29309296053,
                "branch-misses": 696791020,
                "max-rss": 6973468,
                "wall-time": 64.47999999999999,
                "size-text": 392116,
                "size-data": 403696,
                "size-bss": 43328,
                "size-total": 839140
            },
            "tramp3d-v4": {
                "task-clock": 89846.45699400001,
                "context-switches": 2516,
                "cpu-migrations": 217,
                "page-faults": 124831,
                "cycles": 302212303845,
                "instructions": 293997388956,
                "branches": 64235238639,
                "branch-misses": 1262939284,
                "max-rss": 478776,
                "wall-time": 106.41,
                "size-text": 885562,
                "size-data": 1800,
                "size-bss": 1848,
                "size-total": 889210
            },
            "mafft": {
                "task-clock": 17586.187022999995,
                "context-switches": 648,
                "cpu-migrations": 0,
                "page-faults": 106613,
                "cycles": 59253801965,
                "instructions": 59226870462,
                "branches": 12562197181,
                "branch-misses": 286215666,
                "max-rss": 1501496,
                "wall-time": 14.170000000000002,
                "size-text": 275497,
                "size-data": 3052,
                "size-bss": 14911040,
                "size-total": 15189589
            },
            "ClamAV": {
                "task-clock": 40962.69759,
                "context-switches": 3244,
                "cpu-migrations": 200,
                "page-faults": 293631,
                "cycles": 137865549150,
                "instructions": 129647218607,
                "branches": 27655065564,
                "branch-misses": 759112295,
                "max-rss": 5054792,
                "wall-time": 44.25000000000003,
                "size-text": 773613,
                "size-data": 52872,
                "size-bss": 4752,
                "size-total": 831237
            },
            "lencod": {
                "task-clock": 57088.66541899998,
                "context-switches": 3631,
                "cpu-migrations": 264,
                "page-faults": 222985,
                "cycles": 191695158214,
                "instructions": 200770887466,
                "branches": 42032772094,
                "branch-misses": 765221965,
                "max-rss": 3017904,
                "wall-time": 49.68,
                "size-text": 957059,
                "size-data": 2144,
                "size-bss": 106176,
                "size-total": 1065379
            },
            "SPASS": {
                "task-clock": 37490.492183,
                "context-switches": 3295,
                "cpu-migrations": 51,
                "page-faults": 170415,
                "cycles": 125985271997,
                "instructions": 115656759900,
                "branches": 24919823261,
                "branch-misses": 690247674,
                "max-rss": 2737984,
                "wall-time": 32.86000000000001,
                "size-text": 608440,
                "size-data": 872,
                "size-bss": 346536,
                "size-total": 955848
            },
            "7zip": {
                "task-clock": 110585.37898500002,
                "context-switches": 10461,
                "cpu-migrations": 301,
                "page-faults": 792773,
                "cycles": 371453295904,
                "instructions": 327603946002,
                "branches": 70097631192,
                "branch-misses": 1933637585,
                "max-rss": 11995936,
                "wall-time": 101.19,
                "size-text": 1433841,
                "size-data": 4160,
                "size-bss": 29280,
                "size-total": 1467281
            },
            "geomean": {
                "task-clock": 44519.194708570314,
                "context-switches": 2686.5008279874346,
                "cpu-migrations": 0,
                "page-faults": 197237.05384521387,
                "cycles": 149676476819.237,
                "instructions": 139996031342.6867,
                "branches": 29945276746.520752,
                "branch-misses": 724107242.6996361,
                "max-rss": 2185422.8354605236,
                "wall-time": 44.59926307221632,
                "size-text": 692494.7639261278,
                "size-data": 6984.009238215472,
                "size-bss": 35437.433332268796,
                "size-total": 1209830.1636600455
            }
        },
        "O3": {
            "kimwitu++": {
                "task-clock": 24119.379397000008,
                "context-switches": 816,
                "cpu-migrations": 1,
                "page-faults": 138992,
                "cycles": 81213988069,
                "instructions": 65905878205,
                "branches": 14248417213,
                "branch-misses": 408697906,
                "max-rss": 1204240,
                "wall-time": 24.719999999999995,
                "size-text": 805309,
                "size-data": 31168,
                "size-bss": 12592,
                "size-total": 849069
            },
            "sqlite3": {
                "task-clock": 32123.169421999995,
                "context-switches": 188,
                "cpu-migrations": 2,
                "page-faults": 39353,
                "cycles": 108318933329,
                "instructions": 95767584838,
                "branches": 20453511466,
                "branch-misses": 557740873,
                "max-rss": 249404,