{
    "config": 0,
    "clang_size": [],
    "data": {
        "ReleaseThinLTO": {
            "kimwitu++": {
                "task-clock": 41730.919692999996,
                "context-switches": 2106,
                "cpu-migrations": 66,
                "page-faults": 147296,
                "cycles": 127203809860,
                "instructions": 93148334515,
                "branches": 20216862480,
                "branch-misses": 579821822,
                "max-rss": 1204600,
                "wall-time": 37.97000000000001
            },
            "sqlite3": {
                "task-clock": 56124.42569599999,
                "context-switches": 2399,
                "cpu-migrations": 123,
                "page-faults": 61537,
                "cycles": 171842021158,
                "instructions": 139893457078,
                "branches": 30110798525,
                "branch-misses": 810555769,
                "max-rss": 315436,
                "wall-time": 68.6
            },
            "consumer-typeset": {
                "task-clock": 36766.08025800001,
                "context-switches": 2357,
                "cpu-migrations": 112,
                "page-faults": 188875,
                "cycles": 112397502798,
                "instructions": 91458576225,
                "branches": 19488823297,
                "branch-misses": 565264082,
                "max-rss": 2837184,
                "wall-time": 33.519999999999996
            },
            "Bullet": {
                "task-clock": 62242.109396,
                "context-switches": 5463,
                "cpu-migrations": 255,
                "page-faults": 497613,
                "cycles": 187447666339,
                "instructions": 139123969448,
                "branches": 29425402654,
                "branch-misses": 786781183,
                "max-rss": 7211504,
                "wall-time": 83.78
            },
            "tramp3d-v4": {
                "task-clock": 109714.00244499999,
                "context-switches": 3508,
                "cpu-migrations": 173,
                "page-faults": 127986,
                "cycles": 334599439653,
                "instructions": 285456611719,
                "branches": 62381478366,
                "branch-misses": 1358764099,
                "max-rss": 484556,
                "wall-time": 129.12
            },
            "mafft": {
                "task-clock": 21402.375745,
                "context-switches": 681,
                "cpu-migrations": 2,
                "page-faults": 110789,
                "cycles": 65776226795,
                "instructions": 57295870501,
                "branches": 12181899644,
                "branch-misses": 298092792,
                "max-rss": 1554716,
                "wall-time": 16.900000000000006
            },
            "ClamAV": {
                "task-clock": 50384.87528399997,
                "context-switches": 3883,
                "cpu-migrations": 196,
                "page-faults": 300527,
                "cycles": 153858072755,
                "instructions": 124621432434,
                "branches": 26676365891,
                "branch-misses": 806535921,
                "max-rss": 5225244,
                "wall-time": 53.90999999999998
            },
            "lencod": {
                "task-clock": 67877.96456200001,
                "context-switches": 4172,
                "cpu-migrations": 198,
                "page-faults": 229103,
                "cycles": 207522930810,
                "instructions": 190321639767,
                "branches": 39941552235,
                "branch-misses": 797740543,
                "max-rss": 3126248,
                "wall-time": 58.64999999999999
            },
            "SPASS": {
                "task-clock": 48291.728697,
                "context-switches": 3740,
                "cpu-migrations": 115,
                "page-faults": 175068,
                "cycles": 147457875663,
                "instructions": 115664751937,
                "branches": 24920587400,
                "branch-misses": 754855111,
                "max-rss": 2831436,
                "wall-time": 42.17
            },
            "7zip": {
                "task-clock": 144760.10037799997,
                "context-switches": 12316,
                "cpu-migrations": 340,
                "page-faults": 811481,
                "cycles": 438829649814,
                "instructions": 324818337775,
                "branches": 69598443401,
                "branch-misses": 2139171175,
                "max-rss": 12393352,
                "wall-time": 130.61999999999995
            },
            "geomean": {
                "task-clock": 55955.35003977325,
                "context-switches": 3209.4743318998085,
                "cpu-migrations": 101.98543127858078,
                "page-faults": 202882.7848291249,
                "cycles": 170647946846.74576,
                "instructions": 137504996770.80994,
                "branches": 29447092109.112556,
                "branch-misses": 784200810.3669062,
                "max-rss": 2252157.7381789964,
                "wall-time": 55.51418814509852
            }
        },
        "ReleaseLTO-g": {
            "kimwitu++": {
                "task-clock": 45399.005602,
                "context-switches": 1034,
                "cpu-migrations": 1,
                "page-faults": 206198,
                "cycles": 137394679437,
                "instructions": 96759682444,
                "branches": 20910800307,
                "branch-misses": 594990661,
                "max-rss": 1440388,
                "wall-time": 46
            },
            "sqlite3": {
                "task-clock": 61033.842692,
                "context-switches": 293,
                "cpu-migrations": 1,
                "page-faults": 110355,
                "cycles": 186457486263,
                "instructions": 149408475080,
                "branches": 31953983839,
                "branch-misses": 844208968,
                "max-rss": 504996,
                "wall-time": 61.16
            },
            "consumer-typeset": {
                "task-clock": 38287.86900600001,
                "context-switches": 861,
                "cpu-migrations": 1,
                "page-faults": 216906,
                "cycles": 116780442221,
                "instructions": 94089391066,
                "branches": 19941935472,
                "branch-misses": 542243166,
                "max-rss": 2975720,
                "wall-time": 40.10999999999999
            },
            "Bullet": {
                "task-clock": 68979.205395,
                "context-switches": 3447,
                "cpu-migrations": 1,
                "page-faults": 562825,
                "cycles": 209873628359,
                "instructions": 156423942151,
                "branches": 32985306461,
                "branch-misses": 856413182,
                "max-rss": 7535400,
                "wall-time": 73.47999999999999
            },
            "tramp3d-v4": {
                "task-clock": 112263.49327100001,
                "context-switches": 680,
                "cpu-migrations": 1,
                "page-faults": 298845,
                "cycles": 339603794694,
                "instructions": 266551084112,
                "branches": 57660933840,
                "branch-misses": 1305648848,
                "max-rss": 1192288,
                "wall-time": 112.45
            },
            "mafft": {
                "task-clock": 22086.630747000007,
                "context-switches": 639,
                "cpu-migrations": 0,
                "page-faults": 126541,
                "cycles": 67231341965,
                "instructions": 67288746276,
                "branches": 14237330943,
                "branch-misses": 338173435,
                "max-rss": 1643924,
                "wall-time": 23.04
            },