{
    "config": 0,
    "clang_size": {
        "size-text": 68502613,
        "size-data": 2842408,
        "size-bss": 290408,
        "size-total": 71635429
    },
    "data": {
        "ReleaseThinLTO": {
            "kimwitu++": {
                "task-clock": 31264.996935,
                "context-switches": 2305,
                "cpu-migrations": 70,
                "page-faults": 144513,
                "cycles": 105197603728,
                "instructions": 91124477963,
                "branches": 19782605019,
                "branch-misses": 504887848,
                "max-rss": 1172128,
                "wall-time": 28.749999999999996,
                "size-text": 786980,
                "size-data": 25960,
                "size-bss": 12560,
                "size-total": 825500
            },
            "sqlite3": {
                "task-clock": 46505.670664000005,
                "context-switches": 2635,
                "cpu-migrations": 100,
                "page-faults": 59682,
                "cycles": 155786602972,
                "instructions": 143506276255,
                "branches": 30856422653,
                "branch-misses": 766511267,
                "max-rss": 307536,
                "wall-time": 56.59,
                "size-text": 780826,
                "size-data": 3095,
                "size-bss": 624,
                "size-total": 784545
            },
            "consumer-typeset": {
                "task-clock": 29522.17648499999,
                "context-switches": 2088,
                "cpu-migrations": 90,
                "page-faults": 182692,
                "cycles": 99077331808,
                "instructions": 92779757927,
                "branches": 19758659726,
                "branch-misses": 527522397,
                "max-rss": 2733140,
                "wall-time": 27.439999999999998,
                "size-text": 667954,
                "size-data": 3768,
                "size-bss": 65200,
                "size-total": 736922
            },
            "Bullet": {
                "task-clock": 46995.27930800002,
                "context-switches": 4279,
                "cpu-migrations": 221,
                "page-faults": 483573,
                "cycles": 157598524259,
                "instructions": 139143969632,
                "branches": 29449915541,
                "branch-misses": 696305151,
                "max-rss": 6963356,
                "wall-time": 65.86000000000001,
                "size-text": 394152,
                "size-data": 403696,
                "size-bss": 43328,
                "size-total": 841176
            },
            "tramp3d-v4": {
                "task-clock": 90072.37001,
                "context-switches": 2422,
                "cpu-migrations": 84,
                "page-faults": 122770,
                "cycles": 301531498834,
                "instructions": 293962314818,
                "branches": 64229530243,
                "branch-misses": 1258339013,
                "max-rss": 479184,
                "wall-time": 104.56,
                "size-text": 885402,
                "size-data": 1800,
                "size-bss": 1848,
                "size-total": 889050
            },
            "mafft": {
                "task-clock": 17685.933863999995,
                "context-switches": 584,
                "cpu-migrations": 1,
                "page-faults": 106654,
                "cycles": 59465802403,
                "instructions": 59517551522,
                "branches": 12628589216,
                "branch-misses": 286572216,
                "max-rss": 1502900,
                "wall-time": 14.21,
                "size-text": 275689,
                "size-data": 3052,
                "size-bss": 14911040,
                "size-total": 15189781
            },
            "ClamAV": {
                "task-clock": 41094.315799,
                "context-switches": 3265,
                "cpu-migrations": 144,
                "page-faults": 292644,
                "cycles": 137795155608,
                "instructions": 129612723946,
                "branches": 27647769368,
                "branch-misses": 759513983,
                "max-rss": 5042896,
                "wall-time": 44.79000000000003,
                "size-text": 773613,
                "size-data": 52872,
                "size-bss": 4752,
                "size-total": 831237
            },
            "lencod": {
                "task-clock": 57196.62897,
                "context-switches": 3789,
                "cpu-migrations": 175,
                "page-faults": 223650,
                "cycles": 192119240854,
                "instructions": 200971910862,
                "branches": 42075867363,
                "branch-misses": 764966974,
                "max-rss": 3020272,
                "wall-time": 50.3,
                "size-text": 957979,
                "size-data": 2144,
                "size-bss": 106176,
                "size-total": 1066299
            },
            "SPASS": {
                "task-clock": 37666.068615000004,
                "context-switches": 3260,
                "cpu-migrations": 64,
                "page-faults": 170605,
                "cycles": 126396285770,
                "instructions": 115638597673,
                "branches": 24915790872,
                "branch-misses": 692545745,
                "max-rss": 2734888,
                "wall-time": 33.150000000000006,
                "size-text": 608440,
                "size-data": 872,
                "size-bss": 346536,
                "size-total": 955848
            },
            "7zip": {
                "task-clock": 110904.61055400001,
                "context-switches": 10370,
                "cpu-migrations": 241,
                "page-faults": 792682,
                "cycles": 371845514441,
                "instructions": 327520804011,
                "branches": 70085633110,
                "branch-misses": 1932351321,
                "max-rss": 11980672,
                "wall-time": 101.13,
                "size-text": 1433841,
                "size-data": 4160,
                "size-bss": 29280,
                "size-total": 1467281
            },
            "geomean": {
                "task-clock": 44658.471824257154,
                "context-switches": 2822.614357835314,
                "cpu-migrations": 73.41097069107713,
                "page-faults": 197060.7149895783,
                "cycles": 149849881686.79922,
                "instructions": 140103343476.1449,
                "branches": 29973378821.07261,
                "branch-misses": 724519156.5669026,
                "max-rss": 2183700.4642881085,
                "wall-time": 44.858584108761924,
                "size-text": 692960.8016962184,
                "size-data": 6984.009238215472,
                "size-bss": 35437.433332268796,
                "size-total": 1210215.4774662808
            }
        },
        "O3": {
            "kimwitu++": {
                "task-clock": 24209.247671,
                "context-switches": 727,
                "cpu-migrations": 1,
                "page-faults": 139140,
                "cycles": 81477239290,
                "instructions": 65875527832,
                "branches": 14242250394,
                "branch-misses": 407866755,
                "max-rss": 1203412,
                "wall-time": 24.830000000000002,
                "size-text": 805309,
                "size-data": 31168,
                "size-bss": 12592,
                "size-total": 849069
            },
            "sqlite3": {
                "task-clock": 32447.904581000003,
                "context-switches": 269,
                "cpu-migrations": 1,
                "page-faults": 39315,
                "cycles": 109095788751,
                "instructions": 95870194120,
                "branches": 20476261419,
                "branch-misses": 561706571,
                "max-rss": 250000,