{
    "config": 0,
    "clang_size": [],
    "data": {
        "ReleaseThinLTO": {
            "kimwitu++": {
                "task-clock": 42128.588712,
                "context-switches": 1733,
                "cpu-migrations": 77,
                "page-faults": 148425,
                "cycles": 128346905963,
                "instructions": 93827632440,
                "branches": 20389680874,
                "branch-misses": 580711076,
                "max-rss": 1210124,
                "wall-time": 38.72
            },
            "sqlite3": {
                "task-clock": 57866.884652,
                "context-switches": 2569,
                "cpu-migrations": 154,
                "page-faults": 62119,
                "cycles": 176310220386,
                "instructions": 142329741873,
                "branches": 30649482621,
                "branch-misses": 813702189,
                "max-rss": 318052,
                "wall-time": 70.95
            },
            "consumer-typeset": {
                "task-clock": 37491.744128,
                "context-switches": 2421,
                "cpu-migrations": 107,
                "page-faults": 188499,
                "cycles": 114198804545,
                "instructions": 92875997495,
                "branches": 19815803376,
                "branch-misses": 567699269,
                "max-rss": 2830216,
                "wall-time": 34.339999999999996
            },
            "Bullet": {
                "task-clock": 62041.287413999984,
                "context-switches": 5114,
                "cpu-migrations": 210,
                "page-faults": 497316,
                "cycles": 189009749683,
                "instructions": 139819751549,
                "branches": 29602331578,
                "branch-misses": 785007191,
                "max-rss": 7204656,
                "wall-time": 83.33999999999995
            },
            "tramp3d-v4": {
                "task-clock": 113063.33582400001,
                "context-switches": 4138,
                "cpu-migrations": 195,
                "page-faults": 128448,
                "cycles": 345044026239,
                "instructions": 291143596138,
                "branches": 63643189582,
                "branch-misses": 1367865820,
                "max-rss": 487808,
                "wall-time": 132.56
            },
            "mafft": {
                "task-clock": 21835.17077,
                "context-switches": 712,
                "cpu-migrations": 1,
                "page-faults": 110266,
                "cycles": 66557943651,
                "instructions": 58272596302,
                "branches": 12388855532,
                "branch-misses": 298758222,
                "max-rss": 1552568,
                "wall-time": 17.359999999999992
            },
            "ClamAV": {
                "task-clock": 52181.039728,
                "context-switches": 4087,
                "cpu-migrations": 219,
                "page-faults": 302017,
                "cycles": 158997296133,
                "instructions": 129393861396,
                "branches": 27650257415,
                "branch-misses": 814482771,
                "max-rss": 5221348,
                "wall-time": 55.229999999999976
            },
            "lencod": {
                "task-clock": 68923.609287,
                "context-switches": 3985,
                "cpu-migrations": 256,
                "page-faults": 229926,
                "cycles": 210200198564,
                "instructions": 194314148532,
                "branches": 40762526968,
                "branch-misses": 799378182,
                "max-rss": 3119036,
                "wall-time": 59.480000000000004
            },
            "SPASS": {
                "task-clock": 49082.39054200001,
                "context-switches": 3840,
                "cpu-migrations": 80,
                "page-faults": 174532,
                "cycles": 149274913734,
                "instructions": 117486255206,
                "branches": 25326637246,
                "branch-misses": 759326287,
                "max-rss": 2823332,
                "wall-time": 42.989999999999995
            },
            "7zip": {
                "task-clock": 145664.160778,
                "context-switches": 12498,
                "cpu-migrations": 315,
                "page-faults": 808867,
                "cycles": 444137984743,
                "instructions": 330588653659,
                "branches": 70808381890,
                "branch-misses": 2148045252,
                "max-rss": 12394200,
                "wall-time": 131.23999999999998
            },
            "geomean": {
                "task-clock": 56967.36087877124,
                "context-switches": 3238.6151028569825,
                "cpu-migrations": 96.95570644055654,
                "page-faults": 203198.90434907048,
                "cycles": 173596540943.7732,
                "instructions": 139905991919.14066,
                "branches": 29967994360.006634,
                "branch-misses": 787206548.4128803,
                "max-rss": 2254158.169477077,
                "wall-time": 56.56507172531631
            }
        },
        "ReleaseLTO-g": {
            "kimwitu++": {
                "task-clock": 45803.617676999995,
                "context-switches": 847,
                "cpu-migrations": 1,
                "page-faults": 205739,
                "cycles": 139389337236,
                "instructions": 97387144481,
                "branches": 21068290570,
                "branch-misses": 597600967,
                "max-rss": 1439688,
                "wall-time": 46.44000000000001
            },
            "sqlite3": {
                "task-clock": 63255.643389000004,
                "context-switches": 583,
                "cpu-migrations": 1,
                "page-faults": 109016,
                "cycles": 193069404234,
                "instructions": 151765106876,
                "branches": 32482512564,
                "branch-misses": 846597346,
                "max-rss": 498240,
                "wall-time": 63.41
            },
            "consumer-typeset": {
                "task-clock": 39259.208761999995,
                "context-switches": 807,
                "cpu-migrations": 1,
                "page-faults": 216460,
                "cycles": 119515698912,
                "instructions": 95528362608,
                "branches": 20263685956,
                "branch-misses": 543664499,
                "max-rss": 2971856,
                "wall-time": 41.18
            },
            "Bullet": {
                "task-clock": 69382.14797399999,
                "context-switches": 2664,
                "cpu-migrations": 1,
                "page-faults": 561887,
                "cycles": 210975039244,
                "instructions": 157302860831,
                "branches": 33204912243,
                "branch-misses": 855326675,
                "max-rss": 7525296,
                "wall-time": 73.74999999999999
            },
            "tramp3d-v4": {
                "task-clock": 115403.32420100001,
                "context-switches": 1055,
                "cpu-migrations": 1,
                "page-faults": 298110,
                "cycles": 352334851351,
                "instructions": 270905740771,
                "branches": 58625790783,
                "branch-misses": 1310125002,
                "max-rss": 1190008,
                "wall-time": 115.6
            },
            "mafft": {
                "task-clock": 22555.905371,
                "context-switches": 632,
                "cpu-migrations": 1,
                "page-faults": 126643,
                "cycles": 68761275496,
                "instructions": 68592218807,
                "branches": 14509139154,
                "branch-misses": 338680595,
                "max-rss": 1642128,
                "wall-time": 23.5
            },