{
    "config": 0,
    "clang_size": {
        "size-text": 66644508,
        "size-data": 2766192,
        "size-bss": 253136,
        "size-total": 69663836
    },
    "data": {
        "O3": {
            "kimwitu++": {
                "task-clock": 24255.879367,
                "context-switches": 852,
                "cpu-migrations": 15,
                "page-faults": 155806,
                "cycles": 81679748421,
                "instructions": 65644990271,
                "branches": 14116281883,
                "branch-misses": 404648098,
                "max-rss": 1177224,
                "wall-time": 24.860000000000003,
                "size-text": 805325,
                "size-data": 31168,
                "size-bss": 12592,
                "size-total": 849085
            },
            "sqlite3": {
                "task-clock": 33252.236366000005,
                "context-switches": 170,
                "cpu-migrations": 4,
                "page-faults": 42132,
                "cycles": 111354701004,
                "instructions": 95161043044,
                "branches": 20395117020,
                "branch-misses": 562373454,
                "max-rss": 249916,
                "wall-time": 33.39,
                "size-text": 744376,
                "size-data": 3095,
                "size-bss": 704,
                "size-total": 748175
            },
            "consumer-typeset": {
                "task-clock": 20287.632243999997,
                "context-switches": 940,
                "cpu-migrations": 50,
                "page-faults": 270657,
                "cycles": 68195549646,
                "instructions": 61324373891,
                "branches": 12976259549,
                "branch-misses": 358975239,
                "max-rss": 2993792,
                "wall-time": 22.30999999999999,
                "size-text": 576090,
                "size-data": 3768,
                "size-bss": 65232,
                "size-total": 645090
            },
            "Bullet": {
                "task-clock": 50013.58243900002,
                "context-switches": 3016,
                "cpu-migrations": 127,
                "page-faults": 667800,
                "cycles": 167756981652,
                "instructions": 144309757892,
                "branches": 30316056307,
                "branch-misses": 780996870,
                "max-rss": 7421036,
                "wall-time": 54.68000000000002,
                "size-text": 910157,
                "size-data": 747360,
                "size-bss": 45424,
                "size-total": 1702941
            },
            "tramp3d-v4": {
                "task-clock": 49492.887904999996,
                "context-switches": 224,
                "cpu-migrations": 2,
                "page-faults": 92684,
                "cycles": 165585355958,
                "instructions": 143459094180,
                "branches": 30976711360,
                "branch-misses": 765988217,
                "max-rss": 358936,
                "wall-time": 49.599999999999994,
                "size-text": 912906,
                "size-data": 1856,
                "size-bss": 2048,
                "size-total": 916810
            },
            "mafft": {
                "task-clock": 19960.634277,
                "context-switches": 601,
                "cpu-migrations": 27,
                "page-faults": 162046,
                "cycles": 66537801240,
                "instructions": 63090829564,
                "branches": 13295828025,
                "branch-misses": 360497970,
                "max-rss": 1659916,
                "wall-time": 21.009999999999998,
                "size-text": 536425,
                "size-data": 8981,
                "size-bss": 132716880,
                "size-total": 133262286
            },
            "ClamAV": {
                "task-clock": 29343.34142099999,
                "context-switches": 1608,
                "cpu-migrations": 99,
                "page-faults": 458382,
                "cycles": 98485254455,
                "instructions": 89346223774,
                "branches": 18886604353,
                "branch-misses": 545804648,
                "max-rss": 5509124,
                "wall-time": 33.12999999999999,
                "size-text": 724886,
                "size-data": 58332,
                "size-bss": 4760,
                "size-total": 787978
            },
            "lencod": {
                "task-clock": 35561.58412600001,
                "context-switches": 1202,
                "cpu-migrations": 56,
                "page-faults": 307193,
                "cycles": 119601650499,
                "instructions": 120869874502,
                "branches": 25340399687,
                "branch-misses": 543037642,
                "max-rss": 3232780,
                "wall-time": 37.72,
                "size-text": 893987,
                "size-data": 14768,
                "size-bss": 108768,
                "size-total": 1017523
            },
            "SPASS": {
                "task-clock": 25461.921946,
                "context-switches": 1185,
                "cpu-migrations": 52,
                "page-faults": 247624,
                "cycles": 85447418387,
                "instructions": 74051688347,
                "branches": 15867514010,
                "branch-misses": 492596216,
                "max-rss": 2937768,
                "wall-time": 27.599999999999998,
                "size-text": 601946,
                "size-data": 880,
                "size-bss": 358728,
                "size-total": 961554
            },
            "7zip": {
                "task-clock": 79179.39177100004,
                "context-switches": 4932,
                "cpu-migrations": 228,
                "page-faults": 1135089,
                "cycles": 265648831607,
                "instructions": 220323810928,
                "branches": 46604106507,
                "branch-misses": 1361570837,
                "max-rss": 12851904,
                "wall-time": 87.4,
                "size-text": 1269831,
                "size-data": 5200,
                "size-bss": 29376,
                "size-total": 1304407
            },
            "geomean": {
                "task-clock": 33347.77290362294,
                "context-switches": 954.0040376099978,
                "cpu-migrations": 32.591775097184154,
                "page-faults": 242569.75725248086,
                "cycles": 111852712297.06299,
                "instructions": 98747807045.98708,
                "branches": 20978381888.56613,
                "branch-misses": 568111982.1666384,
                "max-rss": 2196891.5213155434,
                "wall-time": 35.502317066801524,
                "size-text": 773073.8158287274,
                "size-data": 10596.507668331473,
                "size-bss": 45609.31598464766,
                "size-total": 1560704.203083892
            }
        }
    }
}