{
    "config": 0,
    "clang_size": [],
    "data": {
        "ReleaseThinLTO": {
            "kimwitu++": {
                "task-clock": 42328.075489,
                "context-switches": 2291,
                "cpu-migrations": 99,
                "page-faults": 148409,
                "cycles": 126958075979,
                "instructions": 93212604637,
                "branches": 20224970792,
                "branch-misses": 583975424,
                "max-rss": 1209832,
                "wall-time": 38.95
            },
            "sqlite3": {
                "task-clock": 56770.775395000004,
                "context-switches": 2799,
                "cpu-migrations": 157,
                "page-faults": 62063,
                "cycles": 170836255127,
                "instructions": 139962420473,
                "branches": 30117182787,
                "branch-misses": 811818997,
                "max-rss": 318288,
                "wall-time": 70.19
            },
            "consumer-typeset": {
                "task-clock": 37126.58090999999,
                "context-switches": 2320,
                "cpu-migrations": 100,
                "page-faults": 189301,
                "cycles": 111888638033,
                "instructions": 91530464029,
                "branches": 19502569491,
                "branch-misses": 565105508,
                "max-rss": 2832040,
                "wall-time": 33.669999999999995
            },
            "Bullet": {
                "task-clock": 62580.199145000006,
                "context-switches": 5527,
                "cpu-migrations": 258,
                "page-faults": 496964,
                "cycles": 187495335473,
                "instructions": 139156753653,
                "branches": 29434314968,
                "branch-misses": 787164221,
                "max-rss": 7216908,
                "wall-time": 84.21000000000004
            },
            "tramp3d-v4": {
                "task-clock": 111326.25081900001,
                "context-switches": 4478,
                "cpu-migrations": 239,
                "page-faults": 128474,
                "cycles": 334292477581,
                "instructions": 286593564903,
                "branches": 62586970711,
                "branch-misses": 1362022394,
                "max-rss": 484620,
                "wall-time": 130.87
            },
            "mafft": {
                "task-clock": 21845.199054999994,
                "context-switches": 769,
                "cpu-migrations": 4,
                "page-faults": 111218,
                "cycles": 65782904718,
                "instructions": 57378994301,
                "branches": 12195432122,
                "branch-misses": 298706987,
                "max-rss": 1553896,
                "wall-time": 17.409999999999997
            },
            "ClamAV": {
                "task-clock": 51536.859056999994,
                "context-switches": 3994,
                "cpu-migrations": 238,
                "page-faults": 300677,
                "cycles": 154776422342,
                "instructions": 126214715019,
                "branches": 26971449553,
                "branch-misses": 807675441,
                "max-rss": 5224764,
                "wall-time": 54.89999999999999
            },
            "lencod": {
                "task-clock": 68684.54923900001,
                "context-switches": 3834,
                "cpu-migrations": 210,
                "page-faults": 231209,
                "cycles": 206189619487,
                "instructions": 190644405921,
                "branches": 39985217323,
                "branch-misses": 801742164,
                "max-rss": 3121436,
                "wall-time": 59.230000000000004
            },
            "SPASS": {
                "task-clock": 49085.858118,
                "context-switches": 3571,
                "cpu-migrations": 145,
                "page-faults": 176061,
                "cycles": 147409234842,
                "instructions": 115862889416,
                "branches": 24954806006,
                "branch-misses": 756120444,
                "max-rss": 2828748,
                "wall-time": 42.72
            },
            "7zip": {
                "task-clock": 146070.68892600003,
                "context-switches": 12795,
                "cpu-migrations": 314,
                "page-faults": 813505,
                "cycles": 437998129276,
                "instructions": 325932440704,
                "branches": 69803238579,
                "branch-misses": 2141147947,
                "max-rss": 12402808,
                "wall-time": 131.71
            },
            "geomean": {
                "task-clock": 56719.517791483224,
                "context-switches": 3386.0285650821093,
                "cpu-migrations": 124.18542694346112,
                "page-faults": 203745.93384183716,
                "cycles": 170381525707.69818,
                "instructions": 137879005053.19315,
                "branches": 29513197621.560192,
                "branch-misses": 785956944.3041053,
                "max-rss": 2254423.257100505,
                "wall-time": 56.35588098007694
            }
        },
        "ReleaseLTO-g": {
            "kimwitu++": {
                "task-clock": 45535.025098,
                "context-switches": 626,
                "cpu-migrations": 1,
                "page-faults": 206068,
                "cycles": 137063911351,
                "instructions": 96768138622,
                "branches": 20909007988,
                "branch-misses": 596954681,
                "max-rss": 1439256,
                "wall-time": 46.15999999999999
            },
            "sqlite3": {
                "task-clock": 61818.360228000005,
                "context-switches": 763,
                "cpu-migrations": 3,
                "page-faults": 109184,
                "cycles": 185862077777,
                "instructions": 149374944806,
                "branches": 31939656538,
                "branch-misses": 845249662,
                "max-rss": 500404,
                "wall-time": 61.99
            },
            "consumer-typeset": {
                "task-clock": 38691.378604,
                "context-switches": 846,
                "cpu-migrations": 2,
                "page-faults": 216801,
                "cycles": 116279870976,
                "instructions": 94112636375,
                "branches": 19943906002,
                "branch-misses": 542825407,
                "max-rss": 2975748,
                "wall-time": 40.56
            },
            "Bullet": {
                "task-clock": 69632.751421,
                "context-switches": 1821,
                "cpu-migrations": 1,
                "page-faults": 562841,
                "cycles": 209664122180,
                "instructions": 156402798944,
                "branches": 32983516054,
                "branch-misses": 858887751,
                "max-rss": 7532504,
                "wall-time": 73.90999999999998
            },
            "tramp3d-v4": {
                "task-clock": 112044.280751,
                "context-switches": 1696,
                "cpu-migrations": 1,
                "page-faults": 298814,
                "cycles": 337885240841,
                "instructions": 267357242370,
                "branches": 57801977929,
                "branch-misses": 1308820987,
                "max-rss": 1192132,
                "wall-time": 112.24000000000001
            },
            "mafft": {
                "task-clock": 22425.190111999993,
                "context-switches": 569,
                "cpu-migrations": 1,
                "page-faults": 126132,
                "cycles": 67230902017,
                "instructions": 67331451635,
                "branches": 14242757016,
                "branch-misses": 338585386,
                "max-rss": 1644876,
                "wall-time": 23.41
            },