{
    "config": 0,
    "clang_size": [],
    "data": {
        "ReleaseThinLTO": {
            "kimwitu++": {
                "task-clock": 41880.375353999996,
                "context-switches": 2739,
                "cpu-migrations": 87,
                "page-faults": 148667,
                "cycles": 126875329900,
                "instructions": 93547167924,
                "branches": 20303294520,
                "branch-misses": 578366578,
                "max-rss": 1208452,
                "wall-time": 38.35
            },
            "sqlite3": {
                "task-clock": 56994.282697999995,
                "context-switches": 2579,
                "cpu-migrations": 143,
                "page-faults": 61633,
                "cycles": 172125287877,
                "instructions": 141669277874,
                "branches": 30478775662,
                "branch-misses": 813275642,
                "max-rss": 316108,
                "wall-time": 70.16
            },
            "consumer-typeset": {
                "task-clock": 37488.31805400001,
                "context-switches": 2468,
                "cpu-migrations": 122,
                "page-faults": 188749,
                "cycles": 113171867028,
                "instructions": 92561988178,
                "branches": 19729030053,
                "branch-misses": 568349057,
                "max-rss": 2832680,
                "wall-time": 34.529999999999994
            },
            "Bullet": {
                "task-clock": 62455.95966700002,
                "context-switches": 5191,
                "cpu-migrations": 277,
                "page-faults": 497755,
                "cycles": 188558192089,
                "instructions": 139676050422,
                "branches": 29546051712,
                "branch-misses": 787243464,
                "max-rss": 7190480,
                "wall-time": 84.16000000000001
            },
            "tramp3d-v4": {
                "task-clock": 111306.205789,
                "context-switches": 3273,
                "cpu-migrations": 175,
                "page-faults": 128563,
                "cycles": 336928965252,
                "instructions": 289428307617,
                "branches": 63190752599,
                "branch-misses": 1361084001,
                "max-rss": 484032,
                "wall-time": 130.38
            },
            "mafft": {
                "task-clock": 21798.998133999998,
                "context-switches": 700,
                "cpu-migrations": 1,
                "page-faults": 111532,
                "cycles": 66037379963,
                "instructions": 58009447061,
                "branches": 12325639301,
                "branch-misses": 299268946,
                "max-rss": 1553496,
                "wall-time": 17.279999999999998
            },
            "ClamAV": {
                "task-clock": 52205.18325900001,
                "context-switches": 3996,
                "cpu-migrations": 174,
                "page-faults": 302666,
                "cycles": 157484746366,
                "instructions": 129041738971,
                "branches": 27576122732,
                "branch-misses": 812848141,
                "max-rss": 5226808,
                "wall-time": 54.99999999999997
            },
            "lencod": {
                "task-clock": 68996.442584,
                "context-switches": 4229,
                "cpu-migrations": 208,
                "page-faults": 231091,
                "cycles": 208922516049,
                "instructions": 194002142656,
                "branches": 40683743916,
                "branch-misses": 804233070,
                "max-rss": 3122076,
                "wall-time": 59.989999999999995
            },
            "SPASS": {
                "task-clock": 49186.393406,
                "context-switches": 3855,
                "cpu-migrations": 125,
                "page-faults": 175793,
                "cycles": 148505670901,
                "instructions": 116858589400,
                "branches": 25160296009,
                "branch-misses": 757366663,
                "max-rss": 2822104,
                "wall-time": 43.099999999999994
            },
            "7zip": {
                "task-clock": 146781.911019,
                "context-switches": 12712,
                "cpu-migrations": 314,
                "page-faults": 811550,
                "cycles": 442955787260,
                "instructions": 330296159459,
                "branches": 70720981759,
                "branch-misses": 2143438801,
                "max-rss": 12373028,
                "wall-time": 132.67000000000004
            },
            "geomean": {
                "task-clock": 56850.27178991252,
                "context-switches": 3337.939828011454,
                "cpu-migrations": 100.44273233652734,
                "page-faults": 203727.99885995584,
                "cycles": 171832816787.59042,
                "instructions": 139444104390.10623,
                "branches": 29845924391.214886,
                "branch-misses": 786850157.5845512,
                "max-rss": 2250574.289752762,
                "wall-time": 56.51456016044223
            }
        },
        "ReleaseLTO-g": {
            "kimwitu++": {
                "task-clock": 45505.82615,
                "context-switches": 1104,
                "cpu-migrations": 1,
                "page-faults": 206086,
                "cycles": 137788460382,
                "instructions": 97370249752,
                "branches": 21038259921,
                "branch-misses": 601573548,
                "max-rss": 1440844,
                "wall-time": 46.11000000000001
            },
            "sqlite3": {
                "task-clock": 62003.727789,
                "context-switches": 1099,
                "cpu-migrations": 4,
                "page-faults": 108886,
                "cycles": 187830840911,
                "instructions": 151325409626,
                "branches": 32354357344,
                "branch-misses": 844799981,
                "max-rss": 498792,
                "wall-time": 63.93000000000001
            },
            "consumer-typeset": {
                "task-clock": 39168.93193299999,
                "context-switches": 1151,
                "cpu-migrations": 5,
                "page-faults": 216943,
                "cycles": 118344680694,
                "instructions": 95303860832,
                "branches": 20202682771,
                "branch-misses": 546175893,
                "max-rss": 2971936,
                "wall-time": 42.92999999999999
            },
            "Bullet": {
                "task-clock": 69568.39200299999,
                "context-switches": 3575,
                "cpu-migrations": 1,
                "page-faults": 562499,
                "cycles": 210297743939,
                "instructions": 157140887778,
                "branches": 33143274502,
                "branch-misses": 859501360,
                "max-rss": 7523044,
                "wall-time": 74.02
            },
            "tramp3d-v4": {
                "task-clock": 112967.33847,
                "context-switches": 619,
                "cpu-migrations": 1,
                "page-faults": 298486,
                "cycles": 341674839561,
                "instructions": 269502795392,
                "branches": 58254319467,
                "branch-misses": 1307580626,
                "max-rss": 1190904,
                "wall-time": 113.22
            },
            "mafft": {
                "task-clock": 22501.532975000002,
                "context-switches": 583,
                "cpu-migrations": 0,
                "page-faults": 126357,
                "cycles": 68014899698,
                "instructions": 68386683446,
                "branches": 14461881028,
                "branch-misses": 338503266,
                "max-rss": 1644740,
                "wall-time": 23.480000000000004
            },