{
    "config": 0,
    "clang_size": [],
    "data": {
        "ReleaseThinLTO": {
            "kimwitu++": {
                "task-clock": 41256.75621100001,
                "context-switches": 1975,
                "cpu-migrations": 68,
                "page-faults": 147231,
                "cycles": 127049980508,
                "instructions": 93831138426,
                "branches": 20373096263,
                "branch-misses": 577192163,
                "max-rss": 1203040,
                "wall-time": 37.92000000000001
            },
            "sqlite3": {
                "task-clock": 56264.450146999996,
                "context-switches": 2407,
                "cpu-migrations": 165,
                "page-faults": 61991,
                "cycles": 172915353428,
                "instructions": 142586643546,
                "branches": 30652221900,
                "branch-misses": 814471440,
                "max-rss": 316236,
                "wall-time": 69.03999999999999
            },
            "consumer-typeset": {
                "task-clock": 36858.73210399998,
                "context-switches": 2345,
                "cpu-migrations": 131,
                "page-faults": 187960,
                "cycles": 113135906189,
                "instructions": 92912503446,
                "branches": 19789810715,
                "branch-misses": 568024577,
                "max-rss": 2821376,
                "wall-time": 33.64
            },
            "Bullet": {
                "task-clock": 60052.849162000006,
                "context-switches": 5040,
                "cpu-migrations": 248,
                "page-faults": 497153,
                "cycles": 187512038489,
                "instructions": 139741140357,
                "branches": 29562780678,
                "branch-misses": 781691934,
                "max-rss": 7200608,
                "wall-time": 80.54999999999995
            },
            "tramp3d-v4": {
                "task-clock": 109911.67109300001,
                "context-switches": 3286,
                "cpu-migrations": 214,
                "page-faults": 129226,
                "cycles": 338898461018,
                "instructions": 291299678257,
                "branches": 63584674933,
                "branch-misses": 1364259453,
                "max-rss": 487100,
                "wall-time": 129.21
            },
            "mafft": {
                "task-clock": 21538.321115999992,
                "context-switches": 712,
                "cpu-migrations": 1,
                "page-faults": 111606,
                "cycles": 66084729255,
                "instructions": 58249287328,
                "branches": 12363616152,
                "branch-misses": 298494724,
                "max-rss": 1544296,
                "wall-time": 17.099999999999998
            },
            "ClamAV": {
                "task-clock": 51354.72610999996,
                "context-switches": 4064,
                "cpu-migrations": 265,
                "page-faults": 301265,
                "cycles": 157673468450,
                "instructions": 129753305027,
                "branches": 27653917388,
                "branch-misses": 817664294,
                "max-rss": 5203212,
                "wall-time": 54.70999999999999
            },
            "lencod": {
                "task-clock": 67866.128806,
                "context-switches": 4021,
                "cpu-migrations": 191,
                "page-faults": 229117,
                "cycles": 208789199496,
                "instructions": 194596008848,
                "branches": 40725516473,
                "branch-misses": 811257658,
                "max-rss": 3109172,
                "wall-time": 58.35000000000001
            },
            "SPASS": {
                "task-clock": 48362.008314000006,
                "context-switches": 3701,
                "cpu-migrations": 120,
                "page-faults": 175216,
                "cycles": 148674187890,
                "instructions": 117514548879,
                "branches": 25294792663,
                "branch-misses": 757533822,
                "max-rss": 2823460,
                "wall-time": 42.17
            },
            "7zip": {
                "task-clock": 142341.729951,
                "context-switches": 12290,
                "cpu-migrations": 363,
                "page-faults": 809867,
                "cycles": 441916587735,
                "instructions": 330996408033,
                "branches": 70762822202,
                "branch-misses": 2145573043,
                "max-rss": 12355960,
                "wall-time": 128.39999999999995
            },
            "geomean": {
                "task-clock": 55784.41571885951,
                "context-switches": 3154.948589196008,
                "cpu-migrations": 105.57222432556878,
                "page-faults": 203278.49223546727,
                "cycles": 171935320088.22458,
                "instructions": 140011019306.66144,
                "branches": 29941002805.289097,
                "branch-misses": 787428600.4355427,
                "max-rss": 2247007.1742126024,
                "wall-time": 55.371451474950526
            }
        },
        "ReleaseLTO-g": {
            "kimwitu++": {
                "task-clock": 44728.47767499999,
                "context-switches": 1057,
                "cpu-migrations": 1,
                "page-faults": 205697,
                "cycles": 137326702384,
                "instructions": 97374167277,
                "branches": 21054985239,
                "branch-misses": 594198214,
                "max-rss": 1436332,
                "wall-time": 45.37
            },
            "sqlite3": {
                "task-clock": 61152.928975999996,
                "context-switches": 484,
                "cpu-migrations": 1,
                "page-faults": 110068,
                "cycles": 188965388724,
                "instructions": 151955440377,
                "branches": 32475297599,
                "branch-misses": 845712720,
                "max-rss": 503564,
                "wall-time": 61.31
            },
            "consumer-typeset": {
                "task-clock": 38098.62396,
                "context-switches": 868,
                "cpu-migrations": 1,
                "page-faults": 216562,
                "cycles": 117945599384,
                "instructions": 95533561479,
                "branches": 20235667632,
                "branch-misses": 543886172,
                "max-rss": 2964912,
                "wall-time": 39.94
            },
            "Bullet": {
                "task-clock": 68296.502375,
                "context-switches": 3472,
                "cpu-migrations": 3,
                "page-faults": 561714,
                "cycles": 210169685884,
                "instructions": 157164552268,
                "branches": 33152590134,
                "branch-misses": 856933839,
                "max-rss": 7502488,
                "wall-time": 72.57000000000001
            },
            "tramp3d-v4": {
                "task-clock": 110777.074129,
                "context-switches": 696,
                "cpu-migrations": 1,
                "page-faults": 298536,
                "cycles": 342775862296,
                "instructions": 271024941573,
                "branches": 58594719648,
                "branch-misses": 1303592896,
                "max-rss": 1190416,
                "wall-time": 110.94999999999999
            },
            "mafft": {
                "task-clock": 22064.675102999998,
                "context-switches": 630,
                "cpu-migrations": 0,
                "page-faults": 126463,
                "cycles": 67921380793,
                "instructions": 68630900125,
                "branches": 14492135635,
                "branch-misses": 338445421,
                "max-rss": 1637360,
                "wall-time": 23.009999999999994
            },