{
    "config": 0,
    "clang_size": [],
    "data": {
        "ReleaseThinLTO": {
            "kimwitu++": {
                "task-clock": 42039.573711,
                "context-switches": 2331,
                "cpu-migrations": 48,
                "page-faults": 147170,
                "cycles": 128720759448,
                "instructions": 93847332712,
                "branches": 20390441838,
                "branch-misses": 577692521,
                "max-rss": 1205236,
                "wall-time": 37.9
            },
            "sqlite3": {
                "task-clock": 58008.640363,
                "context-switches": 2793,
                "cpu-migrations": 162,
                "page-faults": 61632,
                "cycles": 177304314539,
                "instructions": 142481254901,
                "branches": 30687179749,
                "branch-misses": 815636875,
                "max-rss": 315376,
                "wall-time": 72.32
            },
            "consumer-typeset": {
                "task-clock": 37333.71003499998,
                "context-switches": 2391,
                "cpu-migrations": 94,
                "page-faults": 188604,
                "cycles": 114201002892,
                "instructions": 92876568832,
                "branches": 19816472147,
                "branch-misses": 568418244,
                "max-rss": 2829748,
                "wall-time": 33.75000000000001
            },
            "Bullet": {
                "task-clock": 61520.18311700002,
                "context-switches": 5316,
                "cpu-migrations": 213,
                "page-faults": 497356,
                "cycles": 189282731856,
                "instructions": 139841915772,
                "branches": 29607507391,
                "branch-misses": 784919815,
                "max-rss": 7203436,
                "wall-time": 83.07999999999997
            },
            "tramp3d-v4": {
                "task-clock": 112539.01304600001,
                "context-switches": 2981,
                "cpu-migrations": 207,
                "page-faults": 126509,
                "cycles": 343833214421,
                "instructions": 291296406159,
                "branches": 63679754810,
                "branch-misses": 1364462147,
                "max-rss": 484112,
                "wall-time": 131.21
            },
            "mafft": {
                "task-clock": 21862.214580000007,
                "context-switches": 1010,
                "cpu-migrations": 12,
                "page-faults": 111291,
                "cycles": 66811085511,
                "instructions": 58267393689,
                "branches": 12386461418,
                "branch-misses": 301443925,
                "max-rss": 1554296,
                "wall-time": 18.139999999999997
            },
            "ClamAV": {
                "task-clock": 51993.95982099999,
                "context-switches": 3918,
                "cpu-migrations": 228,
                "page-faults": 299112,
                "cycles": 158838225060,
                "instructions": 129390662471,
                "branches": 27649034180,
                "branch-misses": 815192303,
                "max-rss": 5216172,
                "wall-time": 54.99000000000001
            },
            "lencod": {
                "task-clock": 69107.772783,
                "context-switches": 4445,
                "cpu-migrations": 211,
                "page-faults": 230536,
                "cycles": 210686620518,
                "instructions": 194315028079,
                "branches": 40763399164,
                "branch-misses": 807001703,
                "max-rss": 3113152,
                "wall-time": 60.93
            },
            "SPASS": {
                "task-clock": 48810.89538,
                "context-switches": 3715,
                "cpu-migrations": 125,
                "page-faults": 175188,
                "cycles": 149240522697,
                "instructions": 117507294962,
                "branches": 25332215890,
                "branch-misses": 759879987,
                "max-rss": 2826244,
                "wall-time": 42.57
            },
            "7zip": {
                "task-clock": 144455.980469,
                "context-switches": 12520,
                "cpu-migrations": 308,
                "page-faults": 810784,
                "cycles": 443970952200,
                "instructions": 330483723542,
                "branches": 70786935278,
                "branch-misses": 2145826234,
                "max-rss": 12376676,
                "wall-time": 130.45999999999998
            },
            "geomean": {
                "task-clock": 56793.66698375605,
                "context-switches": 3392.3140034680264,
                "cpu-migrations": 121.7613159739191,
                "page-faults": 202740.60558436846,
                "cycles": 173787224222.18848,
                "instructions": 139929993584.87674,
                "branches": 29973241200.92336,
                "branch-misses": 788375102.5981299,
                "max-rss": 2249072.048339321,
                "wall-time": 56.64959420929679
            }
        },
        "ReleaseLTO-g": {
            "kimwitu++": {
                "task-clock": 45389.42105900001,
                "context-switches": 1119,
                "cpu-migrations": 1,
                "page-faults": 205847,
                "cycles": 138930055304,
                "instructions": 97474520046,
                "branches": 21084820575,
                "branch-misses": 595421393,
                "max-rss": 1437132,
                "wall-time": 46.01
            },
            "sqlite3": {
                "task-clock": 62888.024466,
                "context-switches": 497,
                "cpu-migrations": 1,
                "page-faults": 109952,
                "cycles": 192618337753,
                "instructions": 151706137840,
                "branches": 32462991168,
                "branch-misses": 844507726,
                "max-rss": 502792,
                "wall-time": 63.04
            },
            "consumer-typeset": {
                "task-clock": 39276.78021499999,
                "context-switches": 816,
                "cpu-migrations": 1,
                "page-faults": 216769,
                "cycles": 119877660721,
                "instructions": 95556064831,
                "branches": 20268598772,
                "branch-misses": 544662985,
                "max-rss": 2970004,
                "wall-time": 41.129999999999995
            },
            "Bullet": {
                "task-clock": 68698.59759000002,
                "context-switches": 3411,
                "cpu-migrations": 6,
                "page-faults": 561960,
                "cycles": 210367742013,
                "instructions": 157245203272,
                "branches": 33192467778,
                "branch-misses": 855704326,
                "max-rss": 7525808,
                "wall-time": 73.22999999999999
            },
            "tramp3d-v4": {
                "task-clock": 115251.09516,
                "context-switches": 842,
                "cpu-migrations": 0,
                "page-faults": 298660,
                "cycles": 352799730955,
                "instructions": 271123369791,
                "branches": 58673778630,
                "branch-misses": 1308390545,
                "max-rss": 1192096,
                "wall-time": 115.43
            },
            "mafft": {
                "task-clock": 22497.045316,
                "context-switches": 619,
                "cpu-migrations": 0,
                "page-faults": 126205,
                "cycles": 68729202056,
                "instructions": 68604543428,
                "branches": 14510983836,
                "branch-misses": 338441944,
                "max-rss": 1641744,
                "wall-time": 23.45
            },
            "ClamAV": {
                "task-clock": 60062.91816999997,