{
    "config": 0,
    "clang_size": {
        "size-text": 68502565,
        "size-data": 2842408,
        "size-bss": 290408,
        "size-total": 71635381
    },
    "data": {
        "ReleaseThinLTO": {
            "kimwitu++": {
                "task-clock": 31210.661331,
                "context-switches": 1594,
                "cpu-migrations": 75,
                "page-faults": 144030,
                "cycles": 104976232857,
                "instructions": 91245284643,
                "branches": 19804766298,
                "branch-misses": 502756488,
                "max-rss": 1173940,
                "wall-time": 28.789999999999996,
                "size-text": 786980,
                "size-data": 25960,
                "size-bss": 12560,
                "size-total": 825500
            },
            "sqlite3": {
                "task-clock": 45940.525628999996,
                "context-switches": 2118,
                "cpu-migrations": 128,
                "page-faults": 59604,
                "cycles": 154623612341,
                "instructions": 143501718668,
                "branches": 30853851235,
                "branch-misses": 767218256,
                "max-rss": 306904,
                "wall-time": 55.620000000000005,
                "size-text": 780826,
                "size-data": 3095,
                "size-bss": 624,
                "size-total": 784545
            },
            "consumer-typeset": {
                "task-clock": 29327.767678000004,
                "context-switches": 2065,
                "cpu-migrations": 121,
                "page-faults": 180949,
                "cycles": 98752436704,
                "instructions": 92798031647,
                "branches": 19763145786,
                "branch-misses": 527251736,
                "max-rss": 2742920,
                "wall-time": 27.27,
                "size-text": 667954,
                "size-data": 3768,
                "size-bss": 65200,
                "size-total": 736922
            },
            "Bullet": {
                "task-clock": 46549.30052799999,
                "context-switches": 4224,
                "cpu-migrations": 181,
                "page-faults": 483015,
                "cycles": 156598603304,
                "instructions": 139182504662,
                "branches": 29458388390,
                "branch-misses": 693593433,
                "max-rss": 6977492,
                "wall-time": 64.19,
                "size-text": 394152,
                "size-data": 403696,
                "size-bss": 43328,
                "size-total": 841176
            },
            "tramp3d-v4": {
                "task-clock": 89594.880468,
                "context-switches": 2553,
                "cpu-migrations": 142,
                "page-faults": 125250,
                "cycles": 300599819577,
                "instructions": 294008135535,
                "branches": 64240705078,
                "branch-misses": 1259933643,
                "max-rss": 478392,
                "wall-time": 104.99,
                "size-text": 885402,
                "size-data": 1800,
                "size-bss": 1848,
                "size-total": 889050
            },
            "mafft": {
                "task-clock": 17579.278158000005,
                "context-switches": 675,
                "cpu-migrations": 1,
                "page-faults": 107636,
                "cycles": 59217074863,
                "instructions": 59529887758,
                "branches": 12631026437,
                "branch-misses": 285727166,
                "max-rss": 1502628,
                "wall-time": 14.170000000000002,
                "size-text": 275689,
                "size-data": 3052,
                "size-bss": 14911040,
                "size-total": 15189781
            },
            "ClamAV": {
                "task-clock": 40951.08771900001,
                "context-switches": 3334,
                "cpu-migrations": 176,
                "page-faults": 292750,
                "cycles": 137454580487,
                "instructions": 129658091831,
                "branches": 27658614940,
                "branch-misses": 759102103,
                "max-rss": 5047832,
                "wall-time": 44.729999999999976,
                "size-text": 773613,
                "size-data": 52872,
                "size-bss": 4752,
                "size-total": 831237
            },
            "lencod": {
                "task-clock": 57164.402744000006,
                "context-switches": 3637,
                "cpu-migrations": 192,
                "page-faults": 223495,
                "cycles": 192152471425,
                "instructions": 200983441560,
                "branches": 42078421588,
                "branch-misses": 767972381,
                "max-rss": 3018312,
                "wall-time": 49.989999999999995,
                "size-text": 957979,
                "size-data": 2144,
                "size-bss": 106176,
                "size-total": 1066299
            },
            "SPASS": {
                "task-clock": 37625.380271,
                "context-switches": 3276,
                "cpu-migrations": 73,
                "page-faults": 170536,
                "cycles": 126295799552,
                "instructions": 115628247899,
                "branches": 24913671843,
                "branch-misses": 693036453,
                "max-rss": 2737984,
                "wall-time": 33.34,
                "size-text": 608440,
                "size-data": 872,
                "size-bss": 346536,
                "size-total": 955848
            },
            "7zip": {
                "task-clock": 110004.50117199999,
                "context-switches": 10342,
                "cpu-migrations": 245,
                "page-faults": 793558,
                "cycles": 370077674184,
                "instructions": 327635362090,
                "branches": 70107436008,
                "branch-misses": 1931199552,
                "max-rss": 11984620,
                "wall-time": 100.57,
                "size-text": 1433841,
                "size-data": 4160,
                "size-bss": 29280,
                "size-total": 1467281
            },
            "geomean": {
                "task-clock": 44414.60249950475,
                "context-switches": 2703.379492122245,
                "cpu-migrations": 84.26216942945081,
                "page-faults": 197339.48561359313,
                "cycles": 149335312610.7932,
                "instructions": 140142544190.27182,
                "branches": 29981163285.04921,
                "branch-misses": 724090389.9678333,
                "max-rss": 2184801.8358434956,
                "wall-time": 44.61756889843893,
                "size-text": 692960.8016962184,
                "size-data": 6984.009238215472,
                "size-bss": 35437.433332268796,
                "size-total": 1210215.4774662808
            }
        },
        "O3": {
            "kimwitu++": {
                "task-clock": 24078.139821,
                "context-switches": 785,
                "cpu-migrations": 1,
                "page-faults": 139039,
                "cycles": 81094007980,
                "instructions": 65932632485,
                "branches": 14252004762,
                "branch-misses": 410105179,
                "max-rss": 1202624,
                "wall-time": 24.700000000000003,
                "size-text": 805309,
                "size-data": 31168,
                "size-bss": 12592,
                "size-total": 849069
            },
            "sqlite3": {
                "task-clock": 32105.701339,
                "context-switches": 135,
                "cpu-migrations": 2,
                "page-faults": 39385,
                "cycles": 108249150525,
                "instructions": 95833336794,
                "branches": 20468754844,
                "branch-misses": 560563103,
                "max-rss": 251176,