{
    "config": 0,
    "clang_size": [],
    "data": {
        "ReleaseThinLTO": {
            "kimwitu++": {
                "task-clock": 42459.50854199998,
                "context-switches": 2102,
                "cpu-migrations": 85,
                "page-faults": 149498,
                "cycles": 127677677506,
                "instructions": 93571856828,
                "branches": 20328158941,
                "branch-misses": 584013229,
                "max-rss": 1207716,
                "wall-time": 39.230000000000004
            },
            "sqlite3": {
                "task-clock": 57781.315061999994,
                "context-switches": 2561,
                "cpu-migrations": 128,
                "page-faults": 61643,
                "cycles": 172815171168,
                "instructions": 141411624944,
                "branches": 30440722415,
                "branch-misses": 816004408,
                "max-rss": 315532,
                "wall-time": 70.36
            },
            "consumer-typeset": {
                "task-clock": 37785.032338000026,
                "context-switches": 2594,
                "cpu-migrations": 187,
                "page-faults": 187335,
                "cycles": 113210103086,
                "instructions": 92576696909,
                "branches": 19746293437,
                "branch-misses": 570240264,
                "max-rss": 2832984,
                "wall-time": 34.99999999999999
            },
            "Bullet": {
                "task-clock": 62888.69622000001,
                "context-switches": 5034,
                "cpu-migrations": 212,
                "page-faults": 496550,
                "cycles": 188702595893,
                "instructions": 139686415399,
                "branches": 29572699624,
                "branch-misses": 787712418,
                "max-rss": 7188884,
                "wall-time": 84.15
            },
            "tramp3d-v4": {
                "task-clock": 113118.996577,
                "context-switches": 3092,
                "cpu-migrations": 148,
                "page-faults": 132598,
                "cycles": 339005178409,
                "instructions": 289700999175,
                "branches": 63318148949,
                "branch-misses": 1365328951,
                "max-rss": 483824,
                "wall-time": 131.92
            },
            "mafft": {
                "task-clock": 21952.089461000003,
                "context-switches": 614,
                "cpu-migrations": 1,
                "page-faults": 110490,
                "cycles": 65798541202,
                "instructions": 57995816627,
                "branches": 12325957548,
                "branch-misses": 298195480,
                "max-rss": 1551468,
                "wall-time": 17.439999999999998
            },
            "ClamAV": {
                "task-clock": 52697.70791200002,
                "context-switches": 4222,
                "cpu-migrations": 228,
                "page-faults": 301683,
                "cycles": 157811971080,
                "instructions": 129069356216,
                "branches": 27575824229,
                "branch-misses": 816424731,
                "max-rss": 5210824,
                "wall-time": 56.10000000000001
            },
            "lencod": {
                "task-clock": 69947.550188,
                "context-switches": 4283,
                "cpu-migrations": 255,
                "page-faults": 229557,
                "cycles": 209631953133,
                "instructions": 194197808897,
                "branches": 40734580840,
                "branch-misses": 803943338,
                "max-rss": 3117320,
                "wall-time": 61.019999999999996
            },
            "SPASS": {
                "task-clock": 49699.393463,
                "context-switches": 3715,
                "cpu-migrations": 91,
                "page-faults": 174615,
                "cycles": 148812273659,
                "instructions": 117009775720,
                "branches": 25215589865,
                "branch-misses": 760525401,
                "max-rss": 2821096,
                "wall-time": 43.33
            },
            "7zip": {
                "task-clock": 148070.29816200002,
                "context-switches": 12897,
                "cpu-migrations": 383,
                "page-faults": 810388,
                "cycles": 444299360724,
                "instructions": 330265651994,
                "branches": 70736834096,
                "branch-misses": 2153221784,
                "max-rss": 12372380,
                "wall-time": 133.75999999999996
            },
            "geomean": {
                "task-clock": 57465.203054724574,
                "context-switches": 3208.519736345274,
                "cpu-migrations": 102.60731592958082,
                "page-faults": 203712.5070377548,
                "cycles": 172254047851.5724,
                "instructions": 139469290011.8386,
                "branches": 29868161734.57543,
                "branch-misses": 789155013.1419189,
                "max-rss": 2248486.5621355474,
                "wall-time": 57.14093520562427
            }
        },
        "ReleaseLTO-g": {
            "kimwitu++": {
                "task-clock": 46000.40197900001,
                "context-switches": 1213,
                "cpu-migrations": 1,
                "page-faults": 205695,
                "cycles": 137577306005,
                "instructions": 97181270745,
                "branches": 21019160329,
                "branch-misses": 602102570,
                "max-rss": 1437960,
                "wall-time": 46.660000000000004
            },
            "sqlite3": {
                "task-clock": 62897.612277,
                "context-switches": 624,
                "cpu-migrations": 1,
                "page-faults": 110166,
                "cycles": 188423141295,
                "instructions": 150919544332,
                "branches": 32282929096,
                "branch-misses": 847462980,
                "max-rss": 504220,
                "wall-time": 63.04
            },
            "consumer-typeset": {
                "task-clock": 39230.94615499999,
                "context-switches": 762,
                "cpu-migrations": 1,
                "page-faults": 216692,
                "cycles": 117821371052,
                "instructions": 95236882823,
                "branches": 20198548567,
                "branch-misses": 545804486,
                "max-rss": 2965296,
                "wall-time": 41.14999999999999
            },
            "Bullet": {
                "task-clock": 70308.22012599997,
                "context-switches": 3276,
                "cpu-migrations": 2,
                "page-faults": 562108,
                "cycles": 210068282767,
                "instructions": 157128334385,
                "branches": 33164258089,
                "branch-misses": 861988658,
                "max-rss": 7519020,
                "wall-time": 74.84
            },
            "tramp3d-v4": {
                "task-clock": 114037.11296999999,
                "context-switches": 613,
                "cpu-migrations": 1,
                "page-faults": 298769,
                "cycles": 342124007615,
                "instructions": 269855449971,
                "branches": 58390334126,
                "branch-misses": 1314609948,
                "max-rss": 1192352,
                "wall-time": 114.21000000000001
            },
            "mafft": {
                "task-clock": 22678.050524000002,
                "context-switches": 603,
                "cpu-migrations": 0,
                "page-faults": 126557,
                "cycles": 67873792884,
                "instructions": 68363498670,
                "branches": 14456582647,
                "branch-misses": 340222089,
                "max-rss": 1636820,
                "wall-time": 23.640000000000004
            },