{
    "config": 0,
    "clang_size": [],
    "data": {
        "ReleaseThinLTO": {
            "kimwitu++": {
                "task-clock": 41899.12740400001,
                "context-switches": 2192,
                "cpu-migrations": 89,
                "page-faults": 148751,
                "cycles": 126957290526,
                "instructions": 93172268549,
                "branches": 20222463677,
                "branch-misses": 580673143,
                "max-rss": 1209700,
                "wall-time": 38.67
            },
            "sqlite3": {
                "task-clock": 56299.499041,
                "context-switches": 2400,
                "cpu-migrations": 142,
                "page-faults": 61493,
                "cycles": 171394116885,
                "instructions": 139978402476,
                "branches": 30127627777,
                "branch-misses": 812424037,
                "max-rss": 315600,
                "wall-time": 69.69
            },
            "consumer-typeset": {
                "task-clock": 36777.23784699998,
                "context-switches": 2294,
                "cpu-migrations": 93,
                "page-faults": 187339,
                "cycles": 112209599287,
                "instructions": 91507755819,
                "branches": 19501255233,
                "branch-misses": 563015206,
                "max-rss": 2843604,
                "wall-time": 33.429999999999986
            },
            "Bullet": {
                "task-clock": 62429.70445499999,
                "context-switches": 5203,
                "cpu-migrations": 202,
                "page-faults": 497816,
                "cycles": 188727747346,
                "instructions": 139134346916,
                "branches": 29430940320,
                "branch-misses": 786442842,
                "max-rss": 7221652,
                "wall-time": 83.54000000000002
            },
            "tramp3d-v4": {
                "task-clock": 110517.679306,
                "context-switches": 3417,
                "cpu-migrations": 186,
                "page-faults": 127947,
                "cycles": 334628674250,
                "instructions": 286655923249,
                "branches": 62613461031,
                "branch-misses": 1361654995,
                "max-rss": 484024,
                "wall-time": 128.78
            },
            "mafft": {
                "task-clock": 21682.090881,
                "context-switches": 755,
                "cpu-migrations": 6,
                "page-faults": 111906,
                "cycles": 66046334022,
                "instructions": 57370122470,
                "branches": 12196418307,
                "branch-misses": 300368237,
                "max-rss": 1555212,
                "wall-time": 17.37
            },
            "ClamAV": {
                "task-clock": 51349.04747000001,
                "context-switches": 3939,
                "cpu-migrations": 182,
                "page-faults": 301884,
                "cycles": 155090783898,
                "instructions": 126248117708,
                "branches": 26986216543,
                "branch-misses": 807265156,
                "max-rss": 5223864,
                "wall-time": 54.43
            },
            "lencod": {
                "task-clock": 67899.911069,
                "context-switches": 4204,
                "cpu-migrations": 262,
                "page-faults": 229258,
                "cycles": 205793542124,
                "instructions": 190652947303,
                "branches": 39998355532,
                "branch-misses": 799018936,
                "max-rss": 3121852,
                "wall-time": 59.33
            },
            "SPASS": {
                "task-clock": 48964.365662000004,
                "context-switches": 3674,
                "cpu-migrations": 76,
                "page-faults": 175569,
                "cycles": 147493636425,
                "instructions": 115865317205,
                "branches": 24959844311,
                "branch-misses": 754450619,
                "max-rss": 2832408,
                "wall-time": 42.58
            },
            "7zip": {
                "task-clock": 145372.40650999997,
                "context-switches": 12413,
                "cpu-migrations": 324,
                "page-faults": 811919,
                "cycles": 438455207950,
                "instructions": 325806871228,
                "branches": 69786784311,
                "branch-misses": 2129592116,
                "max-rss": 12389628,
                "wall-time": 131.35999999999996
            },
            "geomean": {
                "task-clock": 56337.5105395352,
                "context-switches": 3226.677462782765,
                "cpu-migrations": 112.01877383499335,
                "page-faults": 203282.09314063645,
                "cycles": 170712272738.6694,
                "instructions": 137869080380.12595,
                "branches": 29517290694.666786,
                "branch-misses": 784715698.720174,
                "max-rss": 2253510.103022621,
                "wall-time": 56.01450729822058
            }
        },
        "ReleaseLTO-g": {
            "kimwitu++": {
                "task-clock": 45312.403642000005,
                "context-switches": 1056,
                "cpu-migrations": 1,
                "page-faults": 206122,
                "cycles": 137451317035,
                "instructions": 96832210156,
                "branches": 20925066262,
                "branch-misses": 599320893,
                "max-rss": 1439428,
                "wall-time": 45.92999999999999
            },
            "sqlite3": {
                "task-clock": 61851.583546,
                "context-switches": 567,
                "cpu-migrations": 2,
                "page-faults": 110301,
                "cycles": 186746946621,
                "instructions": 149342870075,
                "branches": 31943829176,
                "branch-misses": 844775872,
                "max-rss": 503840,
                "wall-time": 62.099999999999994
            },
            "consumer-typeset": {
                "task-clock": 38512.50944700002,
                "context-switches": 907,
                "cpu-migrations": 2,
                "page-faults": 217094,
                "cycles": 116488699558,
                "instructions": 94121100525,
                "branches": 19949670442,
                "branch-misses": 542415685,
                "max-rss": 2973648,
                "wall-time": 40.379999999999995
            },
            "Bullet": {
                "task-clock": 69111.99597099997,
                "context-switches": 3401,
                "cpu-migrations": 1,
                "page-faults": 562874,
                "cycles": 210356765000,
                "instructions": 156424928174,
                "branches": 32991316875,
                "branch-misses": 859209222,
                "max-rss": 7536528,
                "wall-time": 73.47
            },
            "tramp3d-v4": {
                "task-clock": 112444.534824,
                "context-switches": 657,
                "cpu-migrations": 1,
                "page-faults": 298778,
                "cycles": 341047213949,
                "instructions": 267214970226,
                "branches": 57785132305,
                "branch-misses": 1303705449,
                "max-rss": 1192332,
                "wall-time": 112.6
            },
            "mafft": {
                "task-clock": 22269.181637,
                "context-switches": 560,
                "cpu-migrations": 0,
                "page-faults": 126111,
                "cycles": 67234497803,
                "instructions": 67331012301,
                "branches": 14245049095,
                "branch-misses": 338218189,
                "max-rss": 1643096,
                "wall-time": 23.239999999999995
            },
            "ClamAV": {
                "task-clock": 59097.651668,