{
    "config": 0,
    "clang_size": [],
    "data": {
        "ReleaseThinLTO": {
            "kimwitu++": {
                "task-clock": 42025.19864799999,
                "context-switches": 2320,
                "cpu-migrations": 95,
                "page-faults": 147141,
                "cycles": 127382994761,
                "instructions": 93641086428,
                "branches": 20321978997,
                "branch-misses": 582256994,
                "max-rss": 1204472,
                "wall-time": 38.67
            },
            "sqlite3": {
                "task-clock": 57192.273035000006,
                "context-switches": 3007,
                "cpu-migrations": 144,
                "page-faults": 61537,
                "cycles": 173391251078,
                "instructions": 141813737277,
                "branches": 30511260114,
                "branch-misses": 815900797,
                "max-rss": 316392,
                "wall-time": 70.59
            },
            "consumer-typeset": {
                "task-clock": 37377.69119400002,
                "context-switches": 2318,
                "cpu-migrations": 99,
                "page-faults": 188635,
                "cycles": 113453429324,
                "instructions": 92614007727,
                "branches": 19744671750,
                "branch-misses": 568122534,
                "max-rss": 2839944,
                "wall-time": 33.739999999999995
            },
            "Bullet": {
                "task-clock": 61981.44638099997,
                "context-switches": 5590,
                "cpu-migrations": 269,
                "page-faults": 497789,
                "cycles": 187835408072,
                "instructions": 139703730483,
                "branches": 29553563895,
                "branch-misses": 786509511,
                "max-rss": 7212368,
                "wall-time": 84.22000000000001
            },
            "tramp3d-v4": {
                "task-clock": 111381.454699,
                "context-switches": 3131,
                "cpu-migrations": 164,
                "page-faults": 129146,
                "cycles": 337957876113,
                "instructions": 289537525045,
                "branches": 63224178416,
                "branch-misses": 1369203531,
                "max-rss": 488192,
                "wall-time": 129.16
            },
            "mafft": {
                "task-clock": 21898.81084800001,
                "context-switches": 697,
                "cpu-migrations": 2,
                "page-faults": 113064,
                "cycles": 66445296209,
                "instructions": 58028314379,
                "branches": 12330900576,
                "branch-misses": 299719038,
                "max-rss": 1556228,
                "wall-time": 17.469999999999995
            },
            "ClamAV": {
                "task-clock": 51920.514747999994,
                "context-switches": 4229,
                "cpu-migrations": 213,
                "page-faults": 302023,
                "cycles": 157626083088,
                "instructions": 129234822270,
                "branches": 27612401383,
                "branch-misses": 814497209,
                "max-rss": 5230460,
                "wall-time": 55.6
            },
            "lencod": {
                "task-clock": 69096.795503,
                "context-switches": 4444,
                "cpu-migrations": 248,
                "page-faults": 228925,
                "cycles": 209668805003,
                "instructions": 194211362209,
                "branches": 40718757919,
                "branch-misses": 806793408,
                "max-rss": 3126452,
                "wall-time": 60.83
            },
            "SPASS": {
                "task-clock": 49016.481662000006,
                "context-switches": 3914,
                "cpu-migrations": 83,
                "page-faults": 175224,
                "cycles": 148352258846,
                "instructions": 116928884959,
                "branches": 25182834259,
                "branch-misses": 756747324,
                "max-rss": 2830324,
                "wall-time": 42.690000000000005
            },
            "7zip": {
                "task-clock": 145778.253678,
                "context-switches": 12452,
                "cpu-migrations": 289,
                "page-faults": 811281,
                "cycles": 441725928373,
                "instructions": 330448598424,
                "branches": 70750117396,
                "branch-misses": 2144975549,
                "max-rss": 12390848,
                "wall-time": 130.85999999999996
            },
            "geomean": {
                "task-clock": 56777.81171839109,
                "context-switches": 3355.0068923434014,
                "cpu-migrations": 104.23545428564438,
                "page-faults": 203537.34425887332,
                "cycles": 172173754450.0268,
                "instructions": 139543436714.7822,
                "branches": 29868226655.911934,
                "branch-misses": 788516088.2232479,
                "max-rss": 2255071.194097773,
                "wall-time": 56.486209045703546
            }
        },
        "ReleaseLTO-g": {
            "kimwitu++": {
                "task-clock": 45516.806318,
                "context-switches": 1028,
                "cpu-migrations": 1,
                "page-faults": 206062,
                "cycles": 137972979353,
                "instructions": 97227125445,
                "branches": 21008445091,
                "branch-misses": 603325086,
                "max-rss": 1440524,
                "wall-time": 46.16000000000002
            },
            "sqlite3": {
                "task-clock": 61757.401501,
                "context-switches": 432,
                "cpu-migrations": 2,
                "page-faults": 110316,
                "cycles": 188277744682,
                "instructions": 151235569749,
                "branches": 32322928312,
                "branch-misses": 847028344,
                "max-rss": 503732,
                "wall-time": 61.89
            },
            "consumer-typeset": {
                "task-clock": 38776.563582,
                "context-switches": 850,
                "cpu-migrations": 2,
                "page-faults": 216578,
                "cycles": 118230310756,
                "instructions": 95252294151,
                "branches": 20187056247,
                "branch-misses": 545428550,
                "max-rss": 2976768,
                "wall-time": 40.64999999999998
            },
            "Bullet": {
                "task-clock": 69387.34471899996,
                "context-switches": 3257,
                "cpu-migrations": 2,
                "page-faults": 562881,
                "cycles": 210198216371,
                "instructions": 157238919369,
                "branches": 33161486335,
                "branch-misses": 859470113,
                "max-rss": 7538628,
                "wall-time": 73.80999999999997
            },
            "tramp3d-v4": {
                "task-clock": 112503.313191,
                "context-switches": 817,
                "cpu-migrations": 2,
                "page-faults": 298687,
                "cycles": 342051602828,
                "instructions": 269722672563,
                "branches": 58301274600,
                "branch-misses": 1312691141,
                "max-rss": 1191708,
                "wall-time": 112.64
            },
            "mafft": {
                "task-clock": 22407.679006000006,
                "context-switches": 569,
                "cpu-migrations": 1,
                "page-faults": 126335,
                "cycles": 68051725350,
                "instructions": 68352407080,
                "branches": 14453942253,
                "branch-misses": 338930760,
                "max-rss": 1642816,
                "wall-time": 23.39
            },