{
    "config": 0,
    "clang_size": {
        "size-text": 65552581,
        "size-data": 2702800,
        "size-bss": 248464,
        "size-total": 68503845
    },
    "data": {
        "ReleaseThinLTO": {
            "kimwitu++": {
                "task-clock": 30768.366320000005,
                "context-switches": 1660,
                "cpu-migrations": 65,
                "page-faults": 157502,
                "cycles": 103599354506,
                "instructions": 89599217296,
                "branches": 19379671071,
                "branch-misses": 491540704,
                "max-rss": 1128180,
                "wall-time": 28.529999999999998,
                "size-text": 791812,
                "size-data": 25992,
                "size-bss": 12560,
                "size-total": 830364
            },
            "sqlite3": {
                "task-clock": 46065.452430000005,
                "context-switches": 2233,
                "cpu-migrations": 96,
                "page-faults": 62882,
                "cycles": 155103072364,
                "instructions": 140904392005,
                "branches": 30459782455,
                "branch-misses": 763236267,
                "max-rss": 307064,
                "wall-time": 55.81,
                "size-text": 811322,
                "size-data": 3095,
                "size-bss": 624,
                "size-total": 815041
            },
            "consumer-typeset": {
                "task-clock": 29192.556368999998,
                "context-switches": 2231,
                "cpu-migrations": 177,
                "page-faults": 239460,
                "cycles": 98283090130,
                "instructions": 91018373524,
                "branches": 19419924965,
                "branch-misses": 522682117,
                "max-rss": 2625640,
                "wall-time": 27.630000000000003,
                "size-text": 687618,
                "size-data": 3768,
                "size-bss": 65200,
                "size-total": 756586
            },
            "Bullet": {
                "task-clock": 46782.41301700001,
                "context-switches": 4377,
                "cpu-migrations": 185,
                "page-faults": 619719,
                "cycles": 157288985023,
                "instructions": 137330109179,
                "branches": 28980639897,
                "branch-misses": 688115444,
                "max-rss": 6667376,
                "wall-time": 65.21999999999997,
                "size-text": 400596,
                "size-data": 403704,
                "size-bss": 43328,
                "size-total": 847628
            },
            "tramp3d-v4": {
                "task-clock": 89143.338443,
                "context-switches": 2513,
                "cpu-migrations": 118,
                "page-faults": 127195,
                "cycles": 300279232000,
                "instructions": 289177688455,
                "branches": 63450731530,
                "branch-misses": 1251666937,
                "max-rss": 475164,
                "wall-time": 104.06,
                "size-text": 901866,
                "size-data": 1800,
                "size-bss": 1848,
                "size-total": 905514
            },
            "mafft": {
                "task-clock": 17331.116729,
                "context-switches": 765,
                "cpu-migrations": 29,
                "page-faults": 137010,
                "cycles": 58341476144,
                "instructions": 58169714931,
                "branches": 12373378874,
                "branch-misses": 285008343,
                "max-rss": 1442948,
                "wall-time": 14.160000000000004,
                "size-text": 280825,
                "size-data": 3052,
                "size-bss": 14911040,
                "size-total": 15194917
            },
            "ClamAV": {
                "task-clock": 40643.972017999986,
                "context-switches": 3467,
                "cpu-migrations": 226,
                "page-faults": 401275,
                "cycles": 136786586284,
                "instructions": 127012407238,
                "branches": 27178151214,
                "branch-misses": 751834026,
                "max-rss": 4834504,
                "wall-time": 44.309999999999995,
                "size-text": 793997,
                "size-data": 52872,
                "size-bss": 4752,
                "size-total": 851621
            },
            "lencod": {
                "task-clock": 55976.647656999994,
                "context-switches": 3822,
                "cpu-migrations": 354,
                "page-faults": 282240,
                "cycles": 188496405166,
                "instructions": 196866265625,
                "branches": 41494139685,
                "branch-misses": 756839009,
                "max-rss": 2883360,
                "wall-time": 49.23,
                "size-text": 969283,
                "size-data": 2144,
                "size-bss": 106176,
                "size-total": 1077603
            },
            "SPASS": {
                "task-clock": 37076.926892,
                "context-switches": 3453,
                "cpu-migrations": 105,
                "page-faults": 226599,
                "cycles": 124688015823,
                "instructions": 113663206554,
                "branches": 24503375367,
                "branch-misses": 685510287,
                "max-rss": 2625148,
                "wall-time": 32.51,
                "size-text": 625776,
                "size-data": 872,
                "size-bss": 346536,
                "size-total": 973184
            },
            "7zip": {
                "task-clock": 111152.821498,
                "context-switches": 11059,
                "cpu-migrations": 421,
                "page-faults": 1029336,
                "cycles": 373602252021,
                "instructions": 323398377736,
                "branches": 69195977931,
                "branch-misses": 1922490951,
                "max-rss": 11481492,
                "wall-time": 101.94999999999999,
                "size-text": 1462153,
                "size-data": 4176,
                "size-bss": 29280,
                "size-total": 1495609
            },
            "geomean": {
                "task-clock": 44134.450302667145,
                "context-switches": 2848.8421168278637,
                "cpu-migrations": 137.8222287110716,
                "page-faults": 241564.9015756604,
                "cycles": 148533291639.51862,
                "instructions": 137637269727.0105,
                "branches": 29497601903.976135,
                "branch-misses": 717375854.7299533,
                "max-rss": 2109742.51654371,
                "wall-time": 44.51699424327017,
                "size-text": 707803.6761335373,
                "size-data": 6987.56535283568,
                "size-bss": 35437.433332268796,
                "size-total": 1230785.368956444
            }
        },
        "O3": {
            "kimwitu++": {
                "task-clock": 23628.61833400001,
                "context-switches": 844,
                "cpu-migrations": 15,
                "page-faults": 154056,
                "cycles": 79557659255,
                "instructions": 64020826293,
                "branches": 13774034758,
                "branch-misses": 388936858,
                "max-rss": 1166588,
                "wall-time": 24.229999999999997,
                "size-text": 809721,
                "size-data": 31168,
                "size-bss": 12592,
                "size-total": 853481
            },
            "sqlite3": {
                "task-clock": 32611.1974,
                "context-switches": 185,
                "cpu-migrations": 2,
                "page-faults": 42199,
                "cycles": 109933260376,
                "instructions": 93221968376,
                "branches": 19997453231,
                "branch-misses": 550396123,
                "max-rss": 249552,