{
    "config": 0,
    "clang_size": {
        "size-text": 68505881,
        "size-data": 2842408,
        "size-bss": 290408,
        "size-total": 71638697
    },
    "data": {
        "ReleaseThinLTO": {
            "kimwitu++": {
                "task-clock": 31357.927187,
                "context-switches": 1906,
                "cpu-migrations": 51,
                "page-faults": 143147,
                "cycles": 105342393323,
                "instructions": 91945865748,
                "branches": 20001722883,
                "branch-misses": 508707243,
                "max-rss": 1166484,
                "wall-time": 29.040000000000006,
                "size-text": 786980,
                "size-data": 25960,
                "size-bss": 12560,
                "size-total": 825500
            },
            "sqlite3": {
                "task-clock": 46148.174484999996,
                "context-switches": 2776,
                "cpu-migrations": 126,
                "page-faults": 59902,
                "cycles": 155140915692,
                "instructions": 144253862461,
                "branches": 31058280595,
                "branch-misses": 766509194,
                "max-rss": 308120,
                "wall-time": 56.8,
                "size-text": 780826,
                "size-data": 3095,
                "size-bss": 624,
                "size-total": 784545
            },
            "consumer-typeset": {
                "task-clock": 29360.52460700001,
                "context-switches": 1966,
                "cpu-migrations": 74,
                "page-faults": 182625,
                "cycles": 98806753609,
                "instructions": 93253028694,
                "branches": 19885369520,
                "branch-misses": 527636268,
                "max-rss": 2737840,
                "wall-time": 27.159999999999997,
                "size-text": 667954,
                "size-data": 3768,
                "size-bss": 65200,
                "size-total": 736922
            },
            "Bullet": {
                "task-clock": 47008.086553,
                "context-switches": 4154,
                "cpu-migrations": 179,
                "page-faults": 483744,
                "cycles": 157532646567,
                "instructions": 140379983597,
                "branches": 29777500607,
                "branch-misses": 703077709,
                "max-rss": 6966156,
                "wall-time": 64.92999999999998,
                "size-text": 394152,
                "size-data": 403696,
                "size-bss": 43328,
                "size-total": 841176
            },
            "tramp3d-v4": {
                "task-clock": 90109.069062,
                "context-switches": 2369,
                "cpu-migrations": 150,
                "page-faults": 126056,
                "cycles": 301637977422,
                "instructions": 296171276398,
                "branches": 64813187382,
                "branch-misses": 1270674521,
                "max-rss": 481060,
                "wall-time": 105.34,
                "size-text": 885402,
                "size-data": 1800,
                "size-bss": 1848,
                "size-total": 889050
            },
            "mafft": {
                "task-clock": 17737.853325000007,
                "context-switches": 662,
                "cpu-migrations": 4,
                "page-faults": 107114,
                "cycles": 59727727972,
                "instructions": 59842026540,
                "branches": 12712622752,
                "branch-misses": 288852510,
                "max-rss": 1502120,
                "wall-time": 14.379999999999999,
                "size-text": 275609,
                "size-data": 3052,
                "size-bss": 14911040,
                "size-total": 15189701
            },
            "ClamAV": {
                "task-clock": 40903.14407599999,
                "context-switches": 3181,
                "cpu-migrations": 135,
                "page-faults": 295635,
                "cycles": 137403321919,
                "instructions": 129981690369,
                "branches": 27750564835,
                "branch-misses": 761235317,
                "max-rss": 5047096,
                "wall-time": 43.89000000000002,
                "size-text": 773613,
                "size-data": 52872,
                "size-bss": 4752,
                "size-total": 831237
            },
            "lencod": {
                "task-clock": 57410.643944,
                "context-switches": 3692,
                "cpu-migrations": 220,
                "page-faults": 224257,
                "cycles": 192830450594,
                "instructions": 202146057724,
                "branches": 42395204377,
                "branch-misses": 771971586,
                "max-rss": 3020076,
                "wall-time": 50.199999999999996,
                "size-text": 957979,
                "size-data": 2144,
                "size-bss": 106176,
                "size-total": 1066299
            },
            "SPASS": {
                "task-clock": 37863.561673,
                "context-switches": 3165,
                "cpu-migrations": 89,
                "page-faults": 169732,
                "cycles": 126892827561,
                "instructions": 116641499255,
                "branches": 25182322387,
                "branch-misses": 697278244,
                "max-rss": 2732048,
                "wall-time": 33.35000000000001,
                "size-text": 608440,
                "size-data": 872,
                "size-bss": 346536,
                "size-total": 955848
            },
            "7zip": {
                "task-clock": 111395.832704,
                "context-switches": 10490,
                "cpu-migrations": 218,
                "page-faults": 794697,
                "cycles": 372116291651,
                "instructions": 329506499139,
                "branches": 70616679829,
                "branch-misses": 1943270545,
                "max-rss": 11986836,
                "wall-time": 101.86999999999999,
                "size-text": 1433841,
                "size-data": 4160,
                "size-bss": 29280,
                "size-total": 1467281
            },
            "geomean": {
                "task-clock": 44667.817583915865,
                "context-switches": 2768.209774474515,
                "cpu-migrations": 88.48669353077528,
                "page-faults": 197755.072085516,
                "cycles": 149914532704.20566,
                "instructions": 141008130731.63394,
                "branches": 30214519332.958252,
                "branch-misses": 728801630.029494,
                "max-rss": 2184316.7381693316,
                "wall-time": 44.85680901392056,
                "size-text": 692940.6905911259,
                "size-data": 6984.009238215472,
                "size-bss": 35437.433332268796,
                "size-total": 1210214.8400807409
            }
        },
        "O3": {
            "kimwitu++": {
                "task-clock": 24392.780071000005,
                "context-switches": 870,
                "cpu-migrations": 1,
                "page-faults": 139048,
                "cycles": 81367765885,
                "instructions": 66559818041,
                "branches": 14423348981,
                "branch-misses": 412229108,
                "max-rss": 1202828,
                "wall-time": 25,
                "size-text": 805309,
                "size-data": 31168,
                "size-bss": 12592,
                "size-total": 849069
            },
            "sqlite3": {
                "task-clock": 32257.428037,
                "context-switches": 264,
                "cpu-migrations": 1,
                "page-faults": 39334,
                "cycles": 108642999289,
                "instructions": 96307587214,
                "branches": 20599145733,
                "branch-misses": 560912253,
                "max-rss": 250568,