{
    "config": 0,
    "clang_size": [],
    "data": {
        "ReleaseThinLTO": {
            "kimwitu++": {
                "task-clock": 42236.30772199999,
                "context-switches": 1947,
                "cpu-migrations": 123,
                "page-faults": 148501,
                "cycles": 128057213435,
                "instructions": 93580272358,
                "branches": 20326922814,
                "branch-misses": 581058832,
                "max-rss": 1210524,
                "wall-time": 38.169999999999995
            },
            "sqlite3": {
                "task-clock": 58307.27235100001,
                "context-switches": 2528,
                "cpu-migrations": 182,
                "page-faults": 61549,
                "cycles": 176587340787,
                "instructions": 141633383525,
                "branches": 30490989616,
                "branch-misses": 815762183,
                "max-rss": 314952,
                "wall-time": 71.25
            },
            "consumer-typeset": {
                "task-clock": 37657.184627,
                "context-switches": 2494,
                "cpu-migrations": 174,
                "page-faults": 188402,
                "cycles": 114038873474,
                "instructions": 92616442394,
                "branches": 19751457485,
                "branch-misses": 567769918,
                "max-rss": 2829356,
                "wall-time": 34.489999999999995
            },
            "Bullet": {
                "task-clock": 62271.836743000036,
                "context-switches": 5211,
                "cpu-migrations": 202,
                "page-faults": 497163,
                "cycles": 188530456467,
                "instructions": 139722752698,
                "branches": 29576303061,
                "branch-misses": 782249319,
                "max-rss": 7206788,
                "wall-time": 83.67000000000002
            },
            "tramp3d-v4": {
                "task-clock": 113233.95079,
                "context-switches": 3069,
                "cpu-migrations": 257,
                "page-faults": 127491,
                "cycles": 342985348125,
                "instructions": 289892459392,
                "branches": 63351434108,
                "branch-misses": 1363164275,
                "max-rss": 483780,
                "wall-time": 133.08
            },
            "mafft": {
                "task-clock": 21891.523724000002,
                "context-switches": 711,
                "cpu-migrations": 1,
                "page-faults": 110397,
                "cycles": 66320762554,
                "instructions": 58035142058,
                "branches": 12334970563,
                "branch-misses": 298193607,
                "max-rss": 1553752,
                "wall-time": 17.37
            },
            "ClamAV": {
                "task-clock": 52615.22230000001,
                "context-switches": 4085,
                "cpu-migrations": 233,
                "page-faults": 302487,
                "cycles": 159175194775,
                "instructions": 129030042836,
                "branches": 27564041452,
                "branch-misses": 813695897,
                "max-rss": 5222384,
                "wall-time": 56.209999999999965
            },
            "lencod": {
                "task-clock": 69347.56795599998,
                "context-switches": 4336,
                "cpu-migrations": 298,
                "page-faults": 229524,
                "cycles": 210059819740,
                "instructions": 194199156158,
                "branches": 40732541140,
                "branch-misses": 798396282,
                "max-rss": 3115116,
                "wall-time": 60.199999999999996
            },
            "SPASS": {
                "task-clock": 49140.459682999994,
                "context-switches": 3889,
                "cpu-migrations": 93,
                "page-faults": 174644,
                "cycles": 148770412741,
                "instructions": 116994365063,
                "branches": 25209489197,
                "branch-misses": 754795903,
                "max-rss": 2827960,
                "wall-time": 42.73
            },
            "7zip": {
                "task-clock": 146957.75452700004,
                "context-switches": 12780,
                "cpu-migrations": 334,
                "page-faults": 811153,
                "cycles": 444695700470,
                "instructions": 330518519596,
                "branches": 70779869717,
                "branch-misses": 2141864029,
                "max-rss": 12384704,
                "wall-time": 132.72999999999993
            },
            "geomean": {
                "task-clock": 57234.450977699475,
                "context-switches": 3228.105474948987,
                "cpu-migrations": 115.86737928280651,
                "page-faults": 202944.02778415935,
                "cycles": 173321365016.26215,
                "instructions": 139525377339.87827,
                "branches": 29877475339.753407,
                "branch-misses": 785895828.4260584,
                "max-rss": 2250286.7587626623,
                "wall-time": 56.777918442133654
            }
        },
        "ReleaseLTO-g": {
            "kimwitu++": {
                "task-clock": 45698.787913,
                "context-switches": 1091,
                "cpu-migrations": 1,
                "page-faults": 206346,
                "cycles": 138551413850,
                "instructions": 97396641081,
                "branches": 21061376992,
                "branch-misses": 595140111,
                "max-rss": 1439012,
                "wall-time": 46.30000000000001
            },
            "sqlite3": {
                "task-clock": 62973.503234,
                "context-switches": 441,
                "cpu-migrations": 1,
                "page-faults": 110155,
                "cycles": 190800559759,
                "instructions": 150997732008,
                "branches": 32298492345,
                "branch-misses": 846009086,
                "max-rss": 504636,
                "wall-time": 63.16
            },
            "consumer-typeset": {
                "task-clock": 39153.380883999984,
                "context-switches": 931,
                "cpu-migrations": 1,
                "page-faults": 216766,
                "cycles": 118704508896,
                "instructions": 95332607845,
                "branches": 20216038854,
                "branch-misses": 544796508,
                "max-rss": 2968148,
                "wall-time": 41
            },
            "Bullet": {
                "task-clock": 69208.11351799998,
                "context-switches": 3464,
                "cpu-migrations": 4,
                "page-faults": 561995,
                "cycles": 209999572215,
                "instructions": 157239779972,
                "branches": 33180942671,
                "branch-misses": 855040360,
                "max-rss": 7524020,
                "wall-time": 73.57000000000002
            },
            "tramp3d-v4": {
                "task-clock": 114834.21650400001,
                "context-switches": 680,
                "cpu-migrations": 1,
                "page-faults": 298526,
                "cycles": 347867990354,
                "instructions": 270056895926,
                "branches": 58414800365,
                "branch-misses": 1309421460,
                "max-rss": 1191728,
                "wall-time": 115.07
            },
            "mafft": {
                "task-clock": 22662.674426999998,
                "context-switches": 577,
                "cpu-migrations": 3,
                "page-faults": 126035,
                "cycles": 68641098763,
                "instructions": 68413523900,
                "branches": 14466911020,
                "branch-misses": 339083688,
                "max-rss": 1641440,
                "wall-time": 23.63
            },