{
    "config": 0,
    "clang_size": [],
    "data": {
        "ReleaseThinLTO": {
            "kimwitu++": {
                "task-clock": 42566.932263,
                "context-switches": 2020,
                "cpu-migrations": 54,
                "page-faults": 148575,
                "cycles": 128427083108,
                "instructions": 93573359444,
                "branches": 20323888738,
                "branch-misses": 580897174,
                "max-rss": 1209776,
                "wall-time": 38.42
            },
            "sqlite3": {
                "task-clock": 58102.227982,
                "context-switches": 2633,
                "cpu-migrations": 176,
                "page-faults": 61651,
                "cycles": 175978345943,
                "instructions": 141647214090,
                "branches": 30492221541,
                "branch-misses": 815720150,
                "max-rss": 316460,
                "wall-time": 71.43
            },
            "consumer-typeset": {
                "task-clock": 37634.70886599998,
                "context-switches": 2452,
                "cpu-migrations": 154,
                "page-faults": 186881,
                "cycles": 114055215178,
                "instructions": 92642625699,
                "branches": 19758772395,
                "branch-misses": 567594482,
                "max-rss": 2834344,
                "wall-time": 34.11000000000001
            },
            "Bullet": {
                "task-clock": 62472.662832999995,
                "context-switches": 5257,
                "cpu-migrations": 235,
                "page-faults": 496397,
                "cycles": 188745215075,
                "instructions": 139737430353,
                "branches": 29578378291,
                "branch-misses": 783911709,
                "max-rss": 7205468,
                "wall-time": 84.06
            },
            "tramp3d-v4": {
                "task-clock": 113285.782913,
                "context-switches": 3491,
                "cpu-migrations": 254,
                "page-faults": 126112,
                "cycles": 342878460682,
                "instructions": 289835283127,
                "branches": 63335452445,
                "branch-misses": 1365753853,
                "max-rss": 484500,
                "wall-time": 134.17
            },
            "mafft": {
                "task-clock": 21930.509559,
                "context-switches": 864,
                "cpu-migrations": 6,
                "page-faults": 111405,
                "cycles": 66415337081,
                "instructions": 58033907432,
                "branches": 12333753474,
                "branch-misses": 300030936,
                "max-rss": 1552848,
                "wall-time": 17.53
            },
            "ClamAV": {
                "task-clock": 52254.01111300002,
                "context-switches": 3944,
                "cpu-migrations": 171,
                "page-faults": 300133,
                "cycles": 158342129512,
                "instructions": 129044506051,
                "branches": 27569423047,
                "branch-misses": 812851993,
                "max-rss": 5223128,
                "wall-time": 55.34999999999996
            },
            "lencod": {
                "task-clock": 69021.93509300001,
                "context-switches": 4097,
                "cpu-migrations": 262,
                "page-faults": 228976,
                "cycles": 209110296931,
                "instructions": 194266841577,
                "branches": 40746932517,
                "branch-misses": 803202579,
                "max-rss": 3120676,
                "wall-time": 59.56999999999999
            },
            "SPASS": {
                "task-clock": 48999.103926,
                "context-switches": 3939,
                "cpu-migrations": 94,
                "page-faults": 175356,
                "cycles": 148370068717,
                "instructions": 117015489024,
                "branches": 25214312802,
                "branch-misses": 754153140,
                "max-rss": 2829980,
                "wall-time": 42.69
            },
            "7zip": {
                "task-clock": 146711.33787900003,
                "context-switches": 12552,
                "cpu-migrations": 375,
                "page-faults": 810472,
                "cycles": 443261893377,
                "instructions": 330386314154,
                "branches": 70753005737,
                "branch-misses": 2142821895,
                "max-rss": 12386040,
                "wall-time": 132.2
            },
            "geomean": {
                "task-clock": 57194.28603113073,
                "context-switches": 3325.083871998223,
                "cpu-migrations": 123.53603270302722,
                "page-faults": 202614.4251480386,
                "cycles": 173081006848.31262,
                "instructions": 139531432609.4045,
                "branches": 29878493500.253185,
                "branch-misses": 787003462.2631427,
                "max-rss": 2252400.662302966,
                "wall-time": 56.71591313542854
            }
        },
        "ReleaseLTO-g": {
            "kimwitu++": {
                "task-clock": 45858.980666,
                "context-switches": 1000,
                "cpu-migrations": 1,
                "page-faults": 205860,
                "cycles": 138789663453,
                "instructions": 97329051343,
                "branches": 21047052975,
                "branch-misses": 601435854,
                "max-rss": 1439092,
                "wall-time": 46.449999999999996
            },
            "sqlite3": {
                "task-clock": 62805.767447,
                "context-switches": 477,
                "cpu-migrations": 1,
                "page-faults": 110061,
                "cycles": 190326105061,
                "instructions": 151074012244,
                "branches": 32313437571,
                "branch-misses": 845341123,
                "max-rss": 503620,
                "wall-time": 62.96
            },
            "consumer-typeset": {
                "task-clock": 39330.231263,
                "context-switches": 852,
                "cpu-migrations": 1,
                "page-faults": 216510,
                "cycles": 119082571262,
                "instructions": 95270999318,
                "branches": 20204413910,
                "branch-misses": 545996033,
                "max-rss": 2967292,
                "wall-time": 41.18
            },
            "Bullet": {
                "task-clock": 69377.26468300002,
                "context-switches": 2842,
                "cpu-migrations": 1,
                "page-faults": 562260,
                "cycles": 209961322672,
                "instructions": 157162041153,
                "branches": 33165198842,
                "branch-misses": 854893024,
                "max-rss": 7528932,
                "wall-time": 73.83000000000003
            },
            "tramp3d-v4": {
                "task-clock": 114507.875875,
                "context-switches": 943,
                "cpu-migrations": 2,
                "page-faults": 298696,
                "cycles": 346863084404,
                "instructions": 270375332833,
                "branches": 58503285547,
                "branch-misses": 1309877888,
                "max-rss": 1191856,
                "wall-time": 114.69
            },
            "mafft": {
                "task-clock": 22665.841416,
                "context-switches": 606,
                "cpu-migrations": 0,
                "page-faults": 126219,
                "cycles": 68752074394,
                "instructions": 68359479312,
                "branches": 14456781526,
                "branch-misses": 339862057,
                "max-rss": 1640684,
                "wall-time": 23.660000000000007
            },
            "ClamAV": {
                "task-clock": 60007.041857000026,