{
    "config": 0,
    "clang_size": [],
    "data": {
        "ReleaseThinLTO": {
            "kimwitu++": {
                "task-clock": 42045.953456,
                "context-switches": 2267,
                "cpu-migrations": 73,
                "page-faults": 147052,
                "cycles": 128238683296,
                "instructions": 93576598144,
                "branches": 20305993534,
                "branch-misses": 582723823,
                "max-rss": 1204168,
                "wall-time": 38.18999999999999
            },
            "sqlite3": {
                "task-clock": 57575.82625500001,
                "context-switches": 2201,
                "cpu-migrations": 145,
                "page-faults": 61694,
                "cycles": 175770905072,
                "instructions": 141674539911,
                "branches": 30467875501,
                "branch-misses": 814926344,
                "max-rss": 316316,
                "wall-time": 70.3
            },
            "consumer-typeset": {
                "task-clock": 37263.737786000005,
                "context-switches": 2701,
                "cpu-migrations": 123,
                "page-faults": 188838,
                "cycles": 113697942571,
                "instructions": 92512673350,
                "branches": 19715385006,
                "branch-misses": 568649357,
                "max-rss": 2828100,
                "wall-time": 35.03
            },
            "Bullet": {
                "task-clock": 62245.51766199999,
                "context-switches": 5106,
                "cpu-migrations": 220,
                "page-faults": 498085,
                "cycles": 189682166935,
                "instructions": 139670346190,
                "branches": 29545353816,
                "branch-misses": 785415884,
                "max-rss": 7203332,
                "wall-time": 84.00999999999995
            },
            "tramp3d-v4": {
                "task-clock": 111902.650543,
                "context-switches": 2878,
                "cpu-migrations": 149,
                "page-faults": 128189,
                "cycles": 341583045522,
                "instructions": 289541036850,
                "branches": 63194655205,
                "branch-misses": 1368607475,
                "max-rss": 484044,
                "wall-time": 130.44
            },
            "mafft": {
                "task-clock": 21632.579661,
                "context-switches": 732,
                "cpu-migrations": 0,
                "page-faults": 110456,
                "cycles": 66145695221,
                "instructions": 58020020083,
                "branches": 12324685925,
                "branch-misses": 297968373,
                "max-rss": 1553792,
                "wall-time": 17.23
            },
            "ClamAV": {
                "task-clock": 51876.976456999975,
                "context-switches": 3891,
                "cpu-migrations": 169,
                "page-faults": 300472,
                "cycles": 158212078509,
                "instructions": 129027672662,
                "branches": 27557712589,
                "branch-misses": 813709437,
                "max-rss": 5226148,
                "wall-time": 54.20000000000001
            },
            "lencod": {
                "task-clock": 68737.138305,
                "context-switches": 4359,
                "cpu-migrations": 160,
                "page-faults": 230975,
                "cycles": 209740243896,
                "instructions": 194153072907,
                "branches": 40691700999,
                "branch-misses": 800546277,
                "max-rss": 3125904,
                "wall-time": 60.44
            },
            "SPASS": {
                "task-clock": 48678.499759,
                "context-switches": 4157,
                "cpu-migrations": 138,
                "page-faults": 175761,
                "cycles": 148539029442,
                "instructions": 116942835266,
                "branches": 25171907247,
                "branch-misses": 754059684,
                "max-rss": 2828940,
                "wall-time": 42.81
            },
            "7zip": {
                "task-clock": 145688.52141500002,
                "context-switches": 12616,
                "cpu-migrations": 336,
                "page-faults": 811007,
                "cycles": 444618157377,
                "instructions": 330324479216,
                "branches": 70702224367,
                "branch-misses": 2142107499,
                "max-rss": 12391556,
                "wall-time": 131.35000000000002
            },
            "geomean": {
                "task-clock": 56705.29566322305,
                "context-switches": 3243.7163005361895,
                "cpu-migrations": 0,
                "page-faults": 203117.00737833578,
                "cycles": 173041082013.52884,
                "instructions": 139469550591.99493,
                "branches": 29842247602.855026,
                "branch-misses": 786878577.3463228,
                "max-rss": 2251137.9419491673,
                "wall-time": 56.42442239830826
            }
        },
        "ReleaseLTO-g": {
            "kimwitu++": {
                "task-clock": 45661.789136,
                "context-switches": 1048,
                "cpu-migrations": 1,
                "page-faults": 205942,
                "cycles": 139422059347,
                "instructions": 97220813368,
                "branches": 21006880436,
                "branch-misses": 597884226,
                "max-rss": 1440256,
                "wall-time": 46.26
            },
            "sqlite3": {
                "task-clock": 62141.253175,
                "context-switches": 540,
                "cpu-migrations": 1,
                "page-faults": 110041,
                "cycles": 189690914725,
                "instructions": 151026774551,
                "branches": 32283608289,
                "branch-misses": 843976693,
                "max-rss": 503544,
                "wall-time": 62.3
            },
            "consumer-typeset": {
                "task-clock": 38971.313435,
                "context-switches": 891,
                "cpu-migrations": 2,
                "page-faults": 216686,
                "cycles": 118781694830,
                "instructions": 95158961470,
                "branches": 20167021928,
                "branch-misses": 544892553,
                "max-rss": 2971512,
                "wall-time": 40.89000000000003
            },
            "Bullet": {
                "task-clock": 69356.34670600001,
                "context-switches": 3517,
                "cpu-migrations": 1,
                "page-faults": 562725,
                "cycles": 211778346232,
                "instructions": 157090103148,
                "branches": 33131414851,
                "branch-misses": 856857032,
                "max-rss": 7527120,
                "wall-time": 73.81999999999996
            },
            "tramp3d-v4": {
                "task-clock": 113196.25396599999,
                "context-switches": 685,
                "cpu-migrations": 1,
                "page-faults": 298300,
                "cycles": 346094935051,
                "instructions": 269664171134,
                "branches": 58273692316,
                "branch-misses": 1307656839,
                "max-rss": 1190196,
                "wall-time": 113.34
            },
            "mafft": {
                "task-clock": 22467.902995999997,
                "context-switches": 609,
                "cpu-migrations": 1,
                "page-faults": 126041,
                "cycles": 68527869143,
                "instructions": 68327954544,
                "branches": 14444698352,
                "branch-misses": 339465048,
                "max-rss": 1642616,
                "wall-time": 23.500000000000007
            },
            "ClamAV": {
                "task-clock": 59614.48800700002,