{
    "config": 0,
    "clang_size": {
        "size-text": 68524327,
        "size-data": 2842408,
        "size-bss": 290408,
        "size-total": 71657143
    },
    "data": {
        "ReleaseThinLTO": {
            "kimwitu++": {
                "task-clock": 31820.620823,
                "context-switches": 1768,
                "cpu-migrations": 90,
                "page-faults": 142620,
                "cycles": 106559692693,
                "instructions": 91936035714,
                "branches": 19999902518,
                "branch-misses": 508431128,
                "max-rss": 1169008,
                "wall-time": 29.319999999999993,
                "size-text": 786980,
                "size-data": 25960,
                "size-bss": 12560,
                "size-total": 825500
            },
            "sqlite3": {
                "task-clock": 46487.831901,
                "context-switches": 2421,
                "cpu-migrations": 163,
                "page-faults": 59700,
                "cycles": 156306063562,
                "instructions": 144237218405,
                "branches": 31056126692,
                "branch-misses": 765141929,
                "max-rss": 308320,
                "wall-time": 56.84,
                "size-text": 780826,
                "size-data": 3095,
                "size-bss": 624,
                "size-total": 784545
            },
            "consumer-typeset": {
                "task-clock": 29503.00590700001,
                "context-switches": 1989,
                "cpu-migrations": 141,
                "page-faults": 181513,
                "cycles": 99277564833,
                "instructions": 93206133530,
                "branches": 19874026771,
                "branch-misses": 528345802,
                "max-rss": 2745668,
                "wall-time": 27.46,
                "size-text": 667954,
                "size-data": 3768,
                "size-bss": 65200,
                "size-total": 736922
            },
            "Bullet": {
                "task-clock": 47501.66040299999,
                "context-switches": 4114,
                "cpu-migrations": 186,
                "page-faults": 483978,
                "cycles": 159019676171,
                "instructions": 140381524341,
                "branches": 29778069746,
                "branch-misses": 700228823,
                "max-rss": 6980828,
                "wall-time": 65.25,
                "size-text": 394152,
                "size-data": 403696,
                "size-bss": 43328,
                "size-total": 841176
            },
            "tramp3d-v4": {
                "task-clock": 91023.888917,
                "context-switches": 2894,
                "cpu-migrations": 150,
                "page-faults": 122776,
                "cycles": 305754529183,
                "instructions": 295997615054,
                "branches": 64773535275,
                "branch-misses": 1270689667,
                "max-rss": 479104,
                "wall-time": 108.59,
                "size-text": 885402,
                "size-data": 1800,
                "size-bss": 1848,
                "size-total": 889050
            },
            "mafft": {
                "task-clock": 17866.706246,
                "context-switches": 578,
                "cpu-migrations": 0,
                "page-faults": 107877,
                "cycles": 59825190348,
                "instructions": 59843005932,
                "branches": 12712241707,
                "branch-misses": 288284631,
                "max-rss": 1503152,
                "wall-time": 14.299999999999999,
                "size-text": 275609,
                "size-data": 3052,
                "size-bss": 14911040,
                "size-total": 15189701
            },
            "ClamAV": {
                "task-clock": 41019.248147,
                "context-switches": 3274,
                "cpu-migrations": 205,
                "page-faults": 291177,
                "cycles": 137862232992,
                "instructions": 129978158684,
                "branches": 27753037474,
                "branch-misses": 758787616,
                "max-rss": 5052096,
                "wall-time": 43.75000000000001,
                "size-text": 773613,
                "size-data": 52872,
                "size-bss": 4752,
                "size-total": 831237
            },
            "lencod": {
                "task-clock": 57578.206944,
                "context-switches": 3493,
                "cpu-migrations": 169,
                "page-faults": 222468,
                "cycles": 192908533807,
                "instructions": 202130136565,
                "branches": 42388746365,
                "branch-misses": 768013265,
                "max-rss": 3017388,
                "wall-time": 49.69999999999999,
                "size-text": 957979,
                "size-data": 2144,
                "size-bss": 106176,
                "size-total": 1066299
            },
            "SPASS": {
                "task-clock": 38082.53679599999,
                "context-switches": 3147,
                "cpu-migrations": 64,
                "page-faults": 170655,
                "cycles": 127342751240,
                "instructions": 116654947376,
                "branches": 25185148910,
                "branch-misses": 695729715,
                "max-rss": 2739732,
                "wall-time": 33.43000000000001,
                "size-text": 608440,
                "size-data": 872,
                "size-bss": 346536,
                "size-total": 955848
            },
            "7zip": {
                "task-clock": 111495.924,
                "context-switches": 10382,
                "cpu-migrations": 289,
                "page-faults": 792842,
                "cycles": 373914092075,
                "instructions": 329493313327,
                "branches": 70608790671,
                "branch-misses": 1936463605,
                "max-rss": 11996112,
                "wall-time": 101.47999999999998,
                "size-text": 1433841,
                "size-data": 4160,
                "size-bss": 29280,
                "size-total": 1467281
            },
            "geomean": {
                "task-clock": 44968.18483813976,
                "context-switches": 2716.6003442942783,
                "cpu-migrations": 0,
                "page-faults": 196727.953538806,
                "cycles": 150822819904.86032,
                "instructions": 140989587118.2234,
                "branches": 30210239729.936924,
                "branch-misses": 727265894.033509,
                "max-rss": 2186078.8289720844,
                "wall-time": 45.02022110532447,
                "size-text": 692940.6905911259,
                "size-data": 6984.009238215472,
                "size-bss": 35437.433332268796,
                "size-total": 1210214.8400807409
            }
        },
        "O3": {
            "kimwitu++": {
                "task-clock": 24775.722895,
                "context-switches": 687,
                "cpu-migrations": 1,
                "page-faults": 139938,
                "cycles": 82418842619,
                "instructions": 66585660878,
                "branches": 14429349117,
                "branch-misses": 409389422,
                "max-rss": 1202008,
                "wall-time": 25.389999999999997,
                "size-text": 805309,
                "size-data": 31168,
                "size-bss": 12592,
                "size-total": 849069
            },
            "sqlite3": {
                "task-clock": 32728.67824,
                "context-switches": 209,
                "cpu-migrations": 1,
                "page-faults": 39262,
                "cycles": 110337810940,
                "instructions": 96301493264,
                "branches": 20598766366,
                "branch-misses": 559919007,
                "max-rss": 250932,
                "wall-time": 32.86,