{
    "config": 0,
    "clang_size": [],
    "data": {
        "ReleaseThinLTO": {
            "kimwitu++": {
                "task-clock": 42194.142420000004,
                "context-switches": 1907,
                "cpu-migrations": 104,
                "page-faults": 147124,
                "cycles": 128728817194,
                "instructions": 93655852937,
                "branches": 20343464458,
                "branch-misses": 579636417,
                "max-rss": 1204052,
                "wall-time": 39.06000000000001
            },
            "sqlite3": {
                "task-clock": 58144.96845,
                "context-switches": 2548,
                "cpu-migrations": 156,
                "page-faults": 61675,
                "cycles": 176520459807,
                "instructions": 141892823371,
                "branches": 30543193916,
                "branch-misses": 815367506,
                "max-rss": 317056,
                "wall-time": 70.39
            },
            "consumer-typeset": {
                "task-clock": 37695.043478,
                "context-switches": 2639,
                "cpu-migrations": 192,
                "page-faults": 186738,
                "cycles": 114558415477,
                "instructions": 92733118703,
                "branches": 19775565476,
                "branch-misses": 564191848,
                "max-rss": 2832868,
                "wall-time": 35.27
            },
            "Bullet": {
                "task-clock": 62261.876528,
                "context-switches": 5118,
                "cpu-migrations": 216,
                "page-faults": 497595,
                "cycles": 189366256278,
                "instructions": 139778797631,
                "branches": 29589070129,
                "branch-misses": 784167998,
                "max-rss": 7198496,
                "wall-time": 83.41999999999999
            },
            "tramp3d-v4": {
                "task-clock": 112890.49359200001,
                "context-switches": 3889,
                "cpu-migrations": 168,
                "page-faults": 132551,
                "cycles": 343762799367,
                "instructions": 290173022488,
                "branches": 63413355083,
                "branch-misses": 1367243869,
                "max-rss": 482992,
                "wall-time": 132.39
            },
            "mafft": {
                "task-clock": 21948.267527999997,
                "context-switches": 713,
                "cpu-migrations": 1,
                "page-faults": 111328,
                "cycles": 66269210467,
                "instructions": 58082161579,
                "branches": 12342923561,
                "branch-misses": 298917388,
                "max-rss": 1548672,
                "wall-time": 17.409999999999997
            },
            "ClamAV": {
                "task-clock": 52402.977221,
                "context-switches": 4018,
                "cpu-migrations": 189,
                "page-faults": 301774,
                "cycles": 159459724303,
                "instructions": 129334929200,
                "branches": 27626318286,
                "branch-misses": 814406110,
                "max-rss": 5208628,
                "wall-time": 55.86999999999999
            },
            "lencod": {
                "task-clock": 69619.809756,
                "context-switches": 4063,
                "cpu-migrations": 202,
                "page-faults": 228808,
                "cycles": 211479044779,
                "instructions": 194638744899,
                "branches": 40824009979,
                "branch-misses": 806933930,
                "max-rss": 3119340,
                "wall-time": 60.10000000000001
            },
            "SPASS": {
                "task-clock": 49238.365427,
                "context-switches": 3722,
                "cpu-migrations": 103,
                "page-faults": 174730,
                "cycles": 149746085431,
                "instructions": 117172416390,
                "branches": 25248154446,
                "branch-misses": 758254398,
                "max-rss": 2825196,
                "wall-time": 42.97
            },
            "7zip": {
                "task-clock": 146730.88763200006,
                "context-switches": 12802,
                "cpu-migrations": 429,
                "page-faults": 811076,
                "cycles": 446263448213,
                "instructions": 330817592173,
                "branches": 70844531490,
                "branch-misses": 2150083927,
                "max-rss": 12375228,
                "wall-time": 132.62
            },
            "geomean": {
                "task-clock": 57216.88813975797,
                "context-switches": 3274.1066414961347,
                "cpu-migrations": 106.66771428640311,
                "page-faults": 203491.88091070866,
                "cycles": 173909627069.9626,
                "instructions": 139708568634.5775,
                "branches": 29915571273.13914,
                "branch-misses": 787352389.5635202,
                "max-rss": 2248814.618258125,
                "wall-time": 56.91674198298736
            }
        },
        "ReleaseLTO-g": {
            "kimwitu++": {
                "task-clock": 45808.19810699999,
                "context-switches": 1015,
                "cpu-migrations": 1,
                "page-faults": 205846,
                "cycles": 139173931448,
                "instructions": 97324764913,
                "branches": 21048106854,
                "branch-misses": 599042159,
                "max-rss": 1437988,
                "wall-time": 46.419999999999995
            },
            "sqlite3": {
                "task-clock": 63281.33736600001,
                "context-switches": 353,
                "cpu-migrations": 1,
                "page-faults": 110157,
                "cycles": 191426092306,
                "instructions": 151261894448,
                "branches": 32354738147,
                "branch-misses": 846891481,
                "max-rss": 503188,
                "wall-time": 63.449999999999996
            },
            "consumer-typeset": {
                "task-clock": 39619.43067100002,
                "context-switches": 976,
                "cpu-migrations": 1,
                "page-faults": 216696,
                "cycles": 119906382065,
                "instructions": 95421119027,
                "branches": 20234407583,
                "branch-misses": 546095544,
                "max-rss": 2967788,
                "wall-time": 41.51
            },
            "Bullet": {
                "task-clock": 69446.69755699998,
                "context-switches": 3609,
                "cpu-migrations": 1,
                "page-faults": 562761,
                "cycles": 211442774400,
                "instructions": 157198042518,
                "branches": 33176787552,
                "branch-misses": 857427118,
                "max-rss": 7527624,
                "wall-time": 73.92999999999998
            },
            "tramp3d-v4": {
                "task-clock": 115185.969146,
                "context-switches": 682,
                "cpu-migrations": 2,
                "page-faults": 298466,
                "cycles": 348697501669,
                "instructions": 270126521517,
                "branches": 58439038878,
                "branch-misses": 1312334750,
                "max-rss": 1190868,
                "wall-time": 115.36
            },
            "mafft": {
                "task-clock": 22907.276603,
                "context-switches": 593,
                "cpu-migrations": 0,
                "page-faults": 126199,
                "cycles": 69145408551,
                "instructions": 68448295800,
                "branches": 14473448923,
                "branch-misses": 340026716,
                "max-rss": 1637908,
                "wall-time": 23.90000000000001
            },