{
    "config": 0,
    "clang_size": {
        "size-text": 66875480,
        "size-data": 2785592,
        "size-bss": 284144,
        "size-total": 69945216
    },
    "data": {
        "ReleaseThinLTO": {
            "kimwitu++": {
                "task-clock": 31796.663997999993,
                "context-switches": 1794,
                "cpu-migrations": 100,
                "page-faults": 159287,
                "cycles": 107082619799,
                "instructions": 92218115401,
                "branches": 19907272521,
                "branch-misses": 506259734,
                "max-rss": 1147180,
                "wall-time": 29.369999999999997,
                "size-text": 787080,
                "size-data": 25960,
                "size-bss": 12560,
                "size-total": 825600
            },
            "sqlite3": {
                "task-clock": 47503.268824,
                "context-switches": 2044,
                "cpu-migrations": 179,
                "page-faults": 62744,
                "cycles": 159941791985,
                "instructions": 145003600593,
                "branches": 31239818641,
                "branch-misses": 785845680,
                "max-rss": 308144,
                "wall-time": 58.150000000000006,
                "size-text": 781474,
                "size-data": 3095,
                "size-bss": 624,
                "size-total": 785193
            },
            "consumer-typeset": {
                "task-clock": 30052.139266000002,
                "context-switches": 2297,
                "cpu-migrations": 163,
                "page-faults": 244245,
                "cycles": 101133906111,
                "instructions": 93751328226,
                "branches": 19933115040,
                "branch-misses": 537315988,
                "max-rss": 2685932,
                "wall-time": 28.100000000000005,
                "size-text": 677634,
                "size-data": 3768,
                "size-bss": 65200,
                "size-total": 746602
            },
            "Bullet": {
                "task-clock": 47425.117189000004,
                "context-switches": 4658,
                "cpu-migrations": 287,
                "page-faults": 628688,
                "cycles": 159444782799,
                "instructions": 139635580708,
                "branches": 29445037265,
                "branch-misses": 700568884,
                "max-rss": 6814160,
                "wall-time": 66.28999999999998,
                "size-text": 393144,
                "size-data": 403696,
                "size-bss": 43328,
                "size-total": 840168
            },
            "tramp3d-v4": {
                "task-clock": 91305.252667,
                "context-switches": 2243,
                "cpu-migrations": 134,
                "page-faults": 125968,
                "cycles": 307550409486,
                "instructions": 294600420989,
                "branches": 64456561851,
                "branch-misses": 1282348981,
                "max-rss": 478420,
                "wall-time": 106.1,
                "size-text": 885858,
                "size-data": 1800,
                "size-bss": 1848,
                "size-total": 889506
            },
            "mafft": {
                "task-clock": 17825.271181,
                "context-switches": 1033,
                "cpu-migrations": 33,
                "page-faults": 140492,
                "cycles": 60030727399,
                "instructions": 59286413081,
                "branches": 12592477778,
                "branch-misses": 293020188,
                "max-rss": 1466688,
                "wall-time": 14.520000000000003,
                "size-text": 275169,
                "size-data": 3052,
                "size-bss": 14911040,
                "size-total": 15189261
            },
            "ClamAV": {
                "task-clock": 42083.04969499996,
                "context-switches": 3528,
                "cpu-migrations": 317,
                "page-faults": 412108,
                "cycles": 141582913812,
                "instructions": 131399990489,
                "branches": 28003516582,
                "branch-misses": 776865678,
                "max-rss": 4938428,
                "wall-time": 45.010000000000005,
                "size-text": 774253,
                "size-data": 52872,
                "size-bss": 4752,
                "size-total": 831877
            },
            "lencod": {
                "task-clock": 56734.940401,
                "context-switches": 3722,
                "cpu-migrations": 253,
                "page-faults": 283242,
                "cycles": 190944009887,
                "instructions": 197616007545,
                "branches": 41593617276,
                "branch-misses": 774282285,
                "max-rss": 2938896,
                "wall-time": 49.760000000000005,
                "size-text": 958131,
                "size-data": 2144,
                "size-bss": 106176,
                "size-total": 1066451
            },
            "SPASS": {
                "task-clock": 38011.480617,
                "context-switches": 3595,
                "cpu-migrations": 142,
                "page-faults": 231067,
                "cycles": 127825725179,
                "instructions": 116238907941,
                "branches": 24980293710,
                "branch-misses": 701592941,
                "max-rss": 2677260,
                "wall-time": 33.63,
                "size-text": 607600,
                "size-data": 872,
                "size-bss": 346536,
                "size-total": 955008
            },
            "7zip": {
                "task-clock": 113619.40102999998,
                "context-switches": 12200,
                "cpu-migrations": 444,
                "page-faults": 1049691,
                "cycles": 381811835633,
                "instructions": 333404440339,
                "branches": 71157402483,
                "branch-misses": 1976815350,
                "max-rss": 11701716,
                "wall-time": 103.92000000000002,
                "size-text": 1436409,
                "size-data": 4160,
                "size-bss": 29280,
                "size-total": 1469849
            },
            "geomean": {
                "task-clock": 45267.29939705178,
                "context-switches": 2964.1194936266384,
                "cpu-migrations": 168.74823412359078,
                "page-faults": 244674.85036265323,
                "cycles": 152330283096.46298,
                "instructions": 140867155409.137,
                "branches": 30114404296.166435,
                "branch-misses": 736476953.5731541,
                "max-rss": 2145236.9737839517,
                "wall-time": 45.5397392354238,
                "size-text": 693848.660065021,
                "size-data": 6984.009238215472,
                "size-bss": 35437.433332268796,
                "size-total": 1212039.2022614183
            }
        },
        "O3": {
            "kimwitu++": {
                "task-clock": 24402.091577,
                "context-switches": 877,
                "cpu-migrations": 15,
                "page-faults": 156747,
                "cycles": 82165097492,
                "instructions": 66137623926,
                "branches": 14211731401,
                "branch-misses": 405336351,
                "max-rss": 1182596,
                "wall-time": 25.009999999999998,
                "size-text": 805325,
                "size-data": 31168,
                "size-bss": 12592,
                "size-total": 849085
            },
            "sqlite3": {
                "task-clock": 33065.66292,
                "context-switches": 142,
                "cpu-migrations": 2,
                "page-faults": 42284,
                "cycles": 111131597541,
                "instructions": 95841987407,
                "branches": 20505629837,
                "branch-misses": 565844989,