{
    "config": 0,
    "clang_size": {
        "size-text": 65552581,
        "size-data": 2702800,
        "size-bss": 248464,
        "size-total": 68503845
    },
    "data": {
        "ReleaseThinLTO": {
            "kimwitu++": {
                "task-clock": 30957.607725,
                "context-switches": 1704,
                "cpu-migrations": 61,
                "page-faults": 157921,
                "cycles": 104221472542,
                "instructions": 89669467063,
                "branches": 19393021859,
                "branch-misses": 490520350,
                "max-rss": 1130980,
                "wall-time": 28.600000000000005,
                "size-text": 791812,
                "size-data": 25992,
                "size-bss": 12560,
                "size-total": 830364
            },
            "sqlite3": {
                "task-clock": 46315.75783,
                "context-switches": 1986,
                "cpu-migrations": 104,
                "page-faults": 62884,
                "cycles": 155944404608,
                "instructions": 140866259838,
                "branches": 30448580461,
                "branch-misses": 767466351,
                "max-rss": 307092,
                "wall-time": 56.2,
                "size-text": 811322,
                "size-data": 3095,
                "size-bss": 624,
                "size-total": 815041
            },
            "consumer-typeset": {
                "task-clock": 29296.500625000004,
                "context-switches": 2308,
                "cpu-migrations": 180,
                "page-faults": 239717,
                "cycles": 98586710667,
                "instructions": 91003956308,
                "branches": 19418896640,
                "branch-misses": 521376010,
                "max-rss": 2633644,
                "wall-time": 27.42000000000001,
                "size-text": 687618,
                "size-data": 3768,
                "size-bss": 65200,
                "size-total": 756586
            },
            "Bullet": {
                "task-clock": 46574.51661199999,
                "context-switches": 4459,
                "cpu-migrations": 250,
                "page-faults": 618903,
                "cycles": 156631632989,
                "instructions": 137350760154,
                "branches": 28984486946,
                "branch-misses": 686374601,
                "max-rss": 6673932,
                "wall-time": 64.82,
                "size-text": 400596,
                "size-data": 403704,
                "size-bss": 43328,
                "size-total": 847628
            },
            "tramp3d-v4": {
                "task-clock": 89632.574798,
                "context-switches": 2722,
                "cpu-migrations": 264,
                "page-faults": 124612,
                "cycles": 301902576076,
                "instructions": 289165689106,
                "branches": 63445156078,
                "branch-misses": 1251060070,
                "max-rss": 476068,
                "wall-time": 107.05,
                "size-text": 901866,
                "size-data": 1800,
                "size-bss": 1848,
                "size-total": 905514
            },
            "mafft": {
                "task-clock": 17397.366448999997,
                "context-switches": 799,
                "cpu-migrations": 31,
                "page-faults": 136677,
                "cycles": 58574828009,
                "instructions": 58162118816,
                "branches": 12371902368,
                "branch-misses": 285957170,
                "max-rss": 1444368,
                "wall-time": 14.150000000000002,
                "size-text": 280825,
                "size-data": 3052,
                "size-bss": 14911040,
                "size-total": 15194917
            },
            "ClamAV": {
                "task-clock": 40718.273276,
                "context-switches": 3513,
                "cpu-migrations": 283,
                "page-faults": 402736,
                "cycles": 136967797415,
                "instructions": 126955619543,
                "branches": 27164107093,
                "branch-misses": 750057741,
                "max-rss": 4839240,
                "wall-time": 43.410000000000004,
                "size-text": 793997,
                "size-data": 52872,
                "size-bss": 4752,
                "size-total": 851621
            },
            "lencod": {
                "task-clock": 56266.683862000005,
                "context-switches": 3473,
                "cpu-migrations": 228,
                "page-faults": 279639,
                "cycles": 189294541584,
                "instructions": 196902212329,
                "branches": 41503847447,
                "branch-misses": 765415691,
                "max-rss": 2877292,
                "wall-time": 47.94999999999999,
                "size-text": 969283,
                "size-data": 2144,
                "size-bss": 106176,
                "size-total": 1077603
            },
            "SPASS": {
                "task-clock": 37121.067025000004,
                "context-switches": 3415,
                "cpu-migrations": 130,
                "page-faults": 227185,
                "cycles": 124808723822,
                "instructions": 113677733027,
                "branches": 24506504397,
                "branch-misses": 686031347,
                "max-rss": 2629508,
                "wall-time": 32.82,
                "size-text": 627320,
                "size-data": 872,
                "size-bss": 346536,
                "size-total": 974728
            },
            "7zip": {
                "task-clock": 110184.239544,
                "context-switches": 11198,
                "cpu-migrations": 458,
                "page-faults": 1027443,
                "cycles": 370474880827,
                "instructions": 323433867922,
                "branches": 69202639337,
                "branch-misses": 1922312719,
                "max-rss": 11484324,
                "wall-time": 101.04,
                "size-text": 1462153,
                "size-data": 4176,
                "size-bss": 29280,
                "size-total": 1495609
            },
            "geomean": {
                "task-clock": 44220.02928226115,
                "context-switches": 2849.883530724304,
                "cpu-migrations": 156.78595012180162,
                "page-faults": 240952.3883371949,
                "cycles": 148797726882.3939,
                "instructions": 137641479329.75507,
                "branches": 29497998401.160492,
                "branch-misses": 718152676.3411639,
                "max-rss": 2111908.0983221773,
                "wall-time": 44.41434123195169,
                "size-text": 707978.1215224586,
                "size-data": 6987.56535283568,
                "size-bss": 35437.433332268796,
                "size-total": 1230980.499295425
            }
        },
        "O3": {
            "kimwitu++": {
                "task-clock": 23834.504318,
                "context-switches": 859,
                "cpu-migrations": 15,
                "page-faults": 154051,
                "cycles": 80129513777,
                "instructions": 63998860321,
                "branches": 13767107157,
                "branch-misses": 390590662,
                "max-rss": 1164032,
                "wall-time": 24.440000000000005,
                "size-text": 809721,
                "size-data": 31168,
                "size-bss": 12592,
                "size-total": 853481
            },
            "sqlite3": {
                "task-clock": 32005.174636,
                "context-switches": 354,
                "cpu-migrations": 1,
                "page-faults": 42239,
                "cycles": 107865304278,
                "instructions": 93213904214,
                "branches": 19997200120,
                "branch-misses": 548361226,
                "max-rss": 248224,