{
    "config": 0,
    "clang_size": {
        "size-text": 66875409,
        "size-data": 2785656,
        "size-bss": 284144,
        "size-total": 69945209
    },
    "data": {
        "ReleaseThinLTO": {
            "kimwitu++": {
                "task-clock": 31819.549052,
                "context-switches": 1855,
                "cpu-migrations": 143,
                "page-faults": 160801,
                "cycles": 107123945721,
                "instructions": 92220827639,
                "branches": 19908504797,
                "branch-misses": 505235040,
                "max-rss": 1150520,
                "wall-time": 28.79,
                "size-text": 787080,
                "size-data": 25960,
                "size-bss": 12560,
                "size-total": 825600
            },
            "sqlite3": {
                "task-clock": 47309.161898,
                "context-switches": 2230,
                "cpu-migrations": 74,
                "page-faults": 62712,
                "cycles": 159206047884,
                "instructions": 144933011773,
                "branches": 31219801436,
                "branch-misses": 786513520,
                "max-rss": 307584,
                "wall-time": 58.3,
                "size-text": 781474,
                "size-data": 3095,
                "size-bss": 624,
                "size-total": 785193
            },
            "consumer-typeset": {
                "task-clock": 29887.58774600001,
                "context-switches": 2209,
                "cpu-migrations": 131,
                "page-faults": 242587,
                "cycles": 100537090295,
                "instructions": 93757195756,
                "branches": 19935489895,
                "branch-misses": 536453117,
                "max-rss": 2686080,
                "wall-time": 27.669999999999998,
                "size-text": 677634,
                "size-data": 3768,
                "size-bss": 65200,
                "size-total": 746602
            },
            "Bullet": {
                "task-clock": 47176.97757900001,
                "context-switches": 4599,
                "cpu-migrations": 242,
                "page-faults": 628428,
                "cycles": 158610541743,
                "instructions": 139628421404,
                "branches": 29445712185,
                "branch-misses": 700753524,
                "max-rss": 6812160,
                "wall-time": 66.27000000000002,
                "size-text": 393144,
                "size-data": 403696,
                "size-bss": 43328,
                "size-total": 840168
            },
            "tramp3d-v4": {
                "task-clock": 91125.79515399999,
                "context-switches": 2636,
                "cpu-migrations": 185,
                "page-faults": 124813,
                "cycles": 306881619591,
                "instructions": 294484715802,
                "branches": 64425218684,
                "branch-misses": 1278647150,
                "max-rss": 478492,
                "wall-time": 106.38,
                "size-text": 885858,
                "size-data": 1800,
                "size-bss": 1848,
                "size-total": 889506
            },
            "mafft": {
                "task-clock": 17718.765924000003,
                "context-switches": 903,
                "cpu-migrations": 46,
                "page-faults": 139933,
                "cycles": 59672626688,
                "instructions": 59278633319,
                "branches": 12591550293,
                "branch-misses": 292808324,
                "max-rss": 1468832,
                "wall-time": 14.630000000000003,
                "size-text": 275169,
                "size-data": 3052,
                "size-bss": 14911040,
                "size-total": 15189261
            },
            "ClamAV": {
                "task-clock": 42031.43639200002,
                "context-switches": 3627,
                "cpu-migrations": 214,
                "page-faults": 414757,
                "cycles": 141315777637,
                "instructions": 131461379665,
                "branches": 28019850519,
                "branch-misses": 776962037,
                "max-rss": 4935892,
                "wall-time": 45.42999999999998,
                "size-text": 774253,
                "size-data": 52872,
                "size-bss": 4752,
                "size-total": 831877
            },
            "lencod": {
                "task-clock": 56603.054105,
                "context-switches": 3737,
                "cpu-migrations": 219,
                "page-faults": 283198,
                "cycles": 190499673005,
                "instructions": 197619949564,
                "branches": 41594869595,
                "branch-misses": 775079463,
                "max-rss": 2941436,
                "wall-time": 49.92,
                "size-text": 958131,
                "size-data": 2144,
                "size-bss": 106176,
                "size-total": 1066451
            },
            "SPASS": {
                "task-clock": 37832.387564000004,
                "context-switches": 3439,
                "cpu-migrations": 117,
                "page-faults": 231071,
                "cycles": 127241312550,
                "instructions": 116209424847,
                "branches": 24971742356,
                "branch-misses": 701916044,
                "max-rss": 2677960,
                "wall-time": 33.33,
                "size-text": 607600,
                "size-data": 872,
                "size-bss": 346536,
                "size-total": 955008
            },
            "7zip": {
                "task-clock": 113073.72520999998,
                "context-switches": 11632,
                "cpu-migrations": 452,
                "page-faults": 1050534,
                "cycles": 379907447838,
                "instructions": 333463525220,
                "branches": 71170166368,
                "branch-misses": 1978310517,
                "max-rss": 11704808,
                "wall-time": 103.20000000000002,
                "size-text": 1436409,
                "size-data": 4160,
                "size-bss": 29280,
                "size-total": 1469849
            },
            "geomean": {
                "task-clock": 45108.40387519764,
                "context-switches": 2974.608592704957,
                "cpu-migrations": 153.10050258558297,
                "page-faults": 244567.18666102545,
                "cycles": 151762382222.12903,
                "instructions": 140859271192.07388,
                "branches": 30112757512.990807,
                "branch-misses": 736199725.3302168,
                "max-rss": 2145952.938280995,
                "wall-time": 45.42001764408908,
                "size-text": 693848.660065021,
                "size-data": 6984.009238215472,
                "size-bss": 35437.433332268796,
                "size-total": 1212039.2022614183
            }
        },
        "O3": {
            "kimwitu++": {
                "task-clock": 24313.209921999995,
                "context-switches": 882,
                "cpu-migrations": 15,
                "page-faults": 156642,
                "cycles": 81879224610,
                "instructions": 66177069601,
                "branches": 14219247817,
                "branch-misses": 405375480,
                "max-rss": 1182168,
                "wall-time": 24.94,
                "size-text": 805325,
                "size-data": 31168,
                "size-bss": 12592,
                "size-total": 849085
            },
            "sqlite3": {
                "task-clock": 33213.391589000006,
                "context-switches": 190,
                "cpu-migrations": 4,
                "page-faults": 42243,
                "cycles": 111083638306,
                "instructions": 95920577494,
                "branches": 20522802243,
                "branch-misses": 567128256,
                "max-rss": 250108,