{
    "config": 0,
    "clang_size": [],
    "data": {
        "ReleaseThinLTO": {
            "kimwitu++": {
                "task-clock": 42412.32192899999,
                "context-switches": 2214,
                "cpu-migrations": 68,
                "page-faults": 147202,
                "cycles": 127576252371,
                "instructions": 93967196070,
                "branches": 20414104302,
                "branch-misses": 581322853,
                "max-rss": 1204820,
                "wall-time": 38.7
            },
            "sqlite3": {
                "task-clock": 57546.636997,
                "context-switches": 2606,
                "cpu-migrations": 134,
                "page-faults": 61664,
                "cycles": 173128771714,
                "instructions": 142297058537,
                "branches": 30640723233,
                "branch-misses": 816838553,
                "max-rss": 314896,
                "wall-time": 70.7
            },
            "consumer-typeset": {
                "task-clock": 37887.98937000002,
                "context-switches": 2474,
                "cpu-migrations": 157,
                "page-faults": 186538,
                "cycles": 113773620749,
                "instructions": 92907916347,
                "branches": 19822542412,
                "branch-misses": 570558889,
                "max-rss": 2830344,
                "wall-time": 34.60999999999999
            },
            "Bullet": {
                "task-clock": 62564.902393,
                "context-switches": 5203,
                "cpu-migrations": 250,
                "page-faults": 497113,
                "cycles": 188097670772,
                "instructions": 139862762816,
                "branches": 29607828040,
                "branch-misses": 787088825,
                "max-rss": 7206136,
                "wall-time": 83.73000000000002
            },
            "tramp3d-v4": {
                "task-clock": 112737.25747499999,
                "context-switches": 3257,
                "cpu-migrations": 204,
                "page-faults": 128511,
                "cycles": 339377612999,
                "instructions": 291208442280,
                "branches": 63651801895,
                "branch-misses": 1368779009,
                "max-rss": 483612,
                "wall-time": 132.53
            },
            "mafft": {
                "task-clock": 21980.157576999994,
                "context-switches": 640,
                "cpu-migrations": 0,
                "page-faults": 110310,
                "cycles": 66118751800,
                "instructions": 58255841197,
                "branches": 12383715367,
                "branch-misses": 299630309,
                "max-rss": 1551424,
                "wall-time": 17.48
            },
            "ClamAV": {
                "task-clock": 52291.15262199999,
                "context-switches": 4064,
                "cpu-migrations": 206,
                "page-faults": 299954,
                "cycles": 157350349483,
                "instructions": 129405535406,
                "branches": 27647877664,
                "branch-misses": 815033211,
                "max-rss": 5218388,
                "wall-time": 55.46000000000002
            },
            "lencod": {
                "task-clock": 69532.55542799999,
                "context-switches": 4144,
                "cpu-migrations": 198,
                "page-faults": 230209,
                "cycles": 209264376252,
                "instructions": 194360930489,
                "branches": 40769001600,
                "branch-misses": 806828615,
                "max-rss": 3122340,
                "wall-time": 60.13
            },
            "SPASS": {
                "task-clock": 49576.875031999996,
                "context-switches": 3809,
                "cpu-migrations": 85,
                "page-faults": 175358,
                "cycles": 148770120836,
                "instructions": 117480109484,
                "branches": 25322247344,
                "branch-misses": 760087357,
                "max-rss": 2826492,
                "wall-time": 43.209999999999994
            },
            "7zip": {
                "task-clock": 147289.29674199998,
                "context-switches": 12904,
                "cpu-migrations": 330,
                "page-faults": 810419,
                "cycles": 441823936477,
                "instructions": 330682290078,
                "branches": 70820339919,
                "branch-misses": 2149229351,
                "max-rss": 12377208,
                "wall-time": 133.16
            },
            "geomean": {
                "task-clock": 57286.3212101792,
                "context-switches": 3241.6879411860177,
                "cpu-migrations": 0,
                "page-faults": 202699.89242065648,
                "cycles": 172222539729.6106,
                "instructions": 139939641035.02716,
                "branches": 29971667360.330273,
                "branch-misses": 789387017.2243437,
                "max-rss": 2248922.85112667,
                "wall-time": 56.84729205935125
            }
        },
        "ReleaseLTO-g": {
            "kimwitu++": {
                "task-clock": 46032.833798,
                "context-switches": 1118,
                "cpu-migrations": 1,
                "page-faults": 205892,
                "cycles": 137795068303,
                "instructions": 97409063040,
                "branches": 21072677963,
                "branch-misses": 599589071,
                "max-rss": 1436396,
                "wall-time": 46.8
            },
            "sqlite3": {
                "task-clock": 63175.680689,
                "context-switches": 421,
                "cpu-migrations": 1,
                "page-faults": 110087,
                "cycles": 189643442733,
                "instructions": 151702657675,
                "branches": 32460454221,
                "branch-misses": 849844434,
                "max-rss": 504344,
                "wall-time": 63.34
            },
            "consumer-typeset": {
                "task-clock": 39378.815215,
                "context-switches": 1000,
                "cpu-migrations": 2,
                "page-faults": 216435,
                "cycles": 118128218475,
                "instructions": 95498277349,
                "branches": 20256910535,
                "branch-misses": 545857380,
                "max-rss": 2969200,
                "wall-time": 41.24999999999999
            },
            "Bullet": {
                "task-clock": 69798.36522900003,
                "context-switches": 3065,
                "cpu-migrations": 1,
                "page-faults": 561853,
                "cycles": 210151813387,
                "instructions": 157325883925,
                "branches": 33207597783,
                "branch-misses": 859200503,
                "max-rss": 7523936,
                "wall-time": 74.17999999999999
            },
            "tramp3d-v4": {
                "task-clock": 114522.310646,
                "context-switches": 601,
                "cpu-migrations": 1,
                "page-faults": 298607,
                "cycles": 344113233325,
                "instructions": 270865531117,
                "branches": 58613076059,
                "branch-misses": 1311125405,
                "max-rss": 1190980,
                "wall-time": 114.72
            },
            "mafft": {
                "task-clock": 22670.124423,
                "context-switches": 561,
                "cpu-migrations": 1,
                "page-faults": 126143,
                "cycles": 68158205992,
                "instructions": 68630722078,
                "branches": 14515371033,
                "branch-misses": 340573034,
                "max-rss": 1640240,
                "wall-time": 23.650000000000006
            },
            "ClamAV": {
                "task-clock": 60572.74546699998,