{
    "config": 0,
    "clang_size": [],
    "data": {
        "ReleaseThinLTO": {
            "kimwitu++": {
                "task-clock": 41812.332107,
                "context-switches": 1860,
                "cpu-migrations": 100,
                "page-faults": 148590,
                "cycles": 127222510086,
                "instructions": 93517947114,
                "branches": 20296079275,
                "branch-misses": 579177331,
                "max-rss": 1209692,
                "wall-time": 37.940000000000005
            },
            "sqlite3": {
                "task-clock": 56864.03834499999,
                "context-switches": 2505,
                "cpu-migrations": 137,
                "page-faults": 62011,
                "cycles": 172858463141,
                "instructions": 141761670717,
                "branches": 30497605865,
                "branch-misses": 813390678,
                "max-rss": 317832,
                "wall-time": 69.98
            },
            "consumer-typeset": {
                "task-clock": 37348.905383,
                "context-switches": 2487,
                "cpu-migrations": 131,
                "page-faults": 188637,
                "cycles": 113691095525,
                "instructions": 92643213619,
                "branches": 19751881834,
                "branch-misses": 568796355,
                "max-rss": 2833496,
                "wall-time": 34.239999999999995
            },
            "Bullet": {
                "task-clock": 62368.83571599999,
                "context-switches": 5293,
                "cpu-migrations": 227,
                "page-faults": 498044,
                "cycles": 189046867512,
                "instructions": 139742428652,
                "branches": 29561445434,
                "branch-misses": 788398241,
                "max-rss": 7215772,
                "wall-time": 83.58999999999997
            },
            "tramp3d-v4": {
                "task-clock": 111536.69541300001,
                "context-switches": 4347,
                "cpu-migrations": 206,
                "page-faults": 126912,
                "cycles": 339472780532,
                "instructions": 289529109441,
                "branches": 63216349551,
                "branch-misses": 1361078522,
                "max-rss": 486476,
                "wall-time": 131.07
            },
            "mafft": {
                "task-clock": 21667.026441999995,
                "context-switches": 670,
                "cpu-migrations": 1,
                "page-faults": 111607,
                "cycles": 66112697137,
                "instructions": 58008622232,
                "branches": 12326462903,
                "branch-misses": 299676369,
                "max-rss": 1553216,
                "wall-time": 17.2
            },
            "ClamAV": {
                "task-clock": 51949.56697100001,
                "context-switches": 3986,
                "cpu-migrations": 197,
                "page-faults": 302270,
                "cycles": 158041456420,
                "instructions": 129280700883,
                "branches": 27623074306,
                "branch-misses": 813343175,
                "max-rss": 5225164,
                "wall-time": 54.849999999999994
            },
            "lencod": {
                "task-clock": 68599.164403,
                "context-switches": 3932,
                "cpu-migrations": 220,
                "page-faults": 230037,
                "cycles": 208789097740,
                "instructions": 194231367451,
                "branches": 40725191674,
                "branch-misses": 797815210,
                "max-rss": 3129536,
                "wall-time": 59.58
            },
            "SPASS": {
                "task-clock": 49000.183924,
                "context-switches": 3816,
                "cpu-migrations": 97,
                "page-faults": 174847,
                "cycles": 148987268020,
                "instructions": 116940794894,
                "branches": 25183476401,
                "branch-misses": 755504930,
                "max-rss": 2830660,
                "wall-time": 42.839999999999996
            },
            "7zip": {
                "task-clock": 146414.499025,
                "context-switches": 12747,
                "cpu-migrations": 355,
                "page-faults": 812077,
                "cycles": 443324158521,
                "instructions": 330402315067,
                "branches": 70741093344,
                "branch-misses": 2140456912,
                "max-rss": 12395084,
                "wall-time": 132.04999999999995
            },
            "geomean": {
                "task-clock": 56679.85421186263,
                "context-switches": 3261.467049326795,
                "cpu-migrations": 102.27686168993372,
                "page-faults": 203375.91367677797,
                "cycles": 172345114646.6782,
                "instructions": 139528930710.6865,
                "branches": 29864844146.88365,
                "branch-misses": 786369898.3906523,
                "max-rss": 2255531.0863779997,
                "wall-time": 56.24262847824027
            }
        },
        "ReleaseLTO-g": {
            "kimwitu++": {
                "task-clock": 45424.52974400001,
                "context-switches": 1119,
                "cpu-migrations": 1,
                "page-faults": 207529,
                "cycles": 138100643706,
                "instructions": 97403513564,
                "branches": 21048443519,
                "branch-misses": 603424303,
                "max-rss": 1440092,
                "wall-time": 45.99
            },
            "sqlite3": {
                "task-clock": 62762.414409000005,
                "context-switches": 512,
                "cpu-migrations": 2,
                "page-faults": 110411,
                "cycles": 188547234208,
                "instructions": 151440183261,
                "branches": 32377898029,
                "branch-misses": 847260872,
                "max-rss": 504480,
                "wall-time": 62.959999999999994
            },
            "consumer-typeset": {
                "task-clock": 39437.231119,
                "context-switches": 1003,
                "cpu-migrations": 3,
                "page-faults": 217085,
                "cycles": 118263055006,
                "instructions": 95344189763,
                "branches": 20212643932,
                "branch-misses": 546817330,
                "max-rss": 2974840,
                "wall-time": 41.339999999999996
            },
            "Bullet": {
                "task-clock": 69463.83415699999,
                "context-switches": 3588,
                "cpu-migrations": 3,
                "page-faults": 562615,
                "cycles": 210611954791,
                "instructions": 157272989790,
                "branches": 33168742852,
                "branch-misses": 858565551,
                "max-rss": 7533124,
                "wall-time": 73.87
            },
            "tramp3d-v4": {
                "task-clock": 113459.079489,
                "context-switches": 536,
                "cpu-migrations": 1,
                "page-faults": 298607,
                "cycles": 342946307286,
                "instructions": 270116382566,
                "branches": 58384546969,
                "branch-misses": 1312269654,
                "max-rss": 1192244,
                "wall-time": 113.6
            },
            "mafft": {
                "task-clock": 22707.445482999992,
                "context-switches": 608,
                "cpu-migrations": 2,
                "page-faults": 126328,
                "cycles": 68247800215,
                "instructions": 68393555306,
                "branches": 14464001690,
                "branch-misses": 338430883,
                "max-rss": 1644384,
                "wall-time": 23.710000000000008
            },