{
    "config": 0,
    "clang_size": [],
    "data": {
        "ReleaseThinLTO": {
            "kimwitu++": {
                "task-clock": 41415.45389,
                "context-switches": 2163,
                "cpu-migrations": 76,
                "page-faults": 147173,
                "cycles": 127376713394,
                "instructions": 93897378224,
                "branches": 20386666506,
                "branch-misses": 577291410,
                "max-rss": 1204596,
                "wall-time": 38.17999999999999
            },
            "sqlite3": {
                "task-clock": 56119.809954,
                "context-switches": 2587,
                "cpu-migrations": 191,
                "page-faults": 61622,
                "cycles": 173236749651,
                "instructions": 142484630925,
                "branches": 30627253723,
                "branch-misses": 814195182,
                "max-rss": 316348,
                "wall-time": 69.48
            },
            "consumer-typeset": {
                "task-clock": 36851.783526000014,
                "context-switches": 2257,
                "cpu-migrations": 109,
                "page-faults": 186558,
                "cycles": 113421123839,
                "instructions": 92901451859,
                "branches": 19786887117,
                "branch-misses": 566305552,
                "max-rss": 2829620,
                "wall-time": 33.26999999999999
            },
            "Bullet": {
                "task-clock": 60983.06184500001,
                "context-switches": 5166,
                "cpu-migrations": 265,
                "page-faults": 496772,
                "cycles": 187709648246,
                "instructions": 139765922794,
                "branches": 29567348366,
                "branch-misses": 782298874,
                "max-rss": 7192068,
                "wall-time": 82.52000000000007
            },
            "tramp3d-v4": {
                "task-clock": 110623.522168,
                "context-switches": 2964,
                "cpu-migrations": 160,
                "page-faults": 128236,
                "cycles": 340818112290,
                "instructions": 291259576059,
                "branches": 63586328482,
                "branch-misses": 1363801899,
                "max-rss": 483180,
                "wall-time": 129.24
            },
            "mafft": {
                "task-clock": 21584.569525000003,
                "context-switches": 782,
                "cpu-migrations": 7,
                "page-faults": 110545,
                "cycles": 66699050784,
                "instructions": 58265309883,
                "branches": 12367256162,
                "branch-misses": 301375368,
                "max-rss": 1547340,
                "wall-time": 17.25
            },
            "ClamAV": {
                "task-clock": 50955.96142799998,
                "context-switches": 3901,
                "cpu-migrations": 207,
                "page-faults": 300816,
                "cycles": 157703669828,
                "instructions": 129618360593,
                "branches": 27621429189,
                "branch-misses": 814274222,
                "max-rss": 5209112,
                "wall-time": 53.95
            },
            "lencod": {
                "task-clock": 67929.49638299999,
                "context-switches": 4274,
                "cpu-migrations": 228,
                "page-faults": 228683,
                "cycles": 209011323829,
                "instructions": 194584827133,
                "branches": 40719886956,
                "branch-misses": 810027736,
                "max-rss": 3119792,
                "wall-time": 58.72
            },
            "SPASS": {
                "task-clock": 48071.922156,
                "context-switches": 3692,
                "cpu-migrations": 105,
                "page-faults": 174587,
                "cycles": 148563124987,
                "instructions": 117484697708,
                "branches": 25285569368,
                "branch-misses": 756326804,
                "max-rss": 2824748,
                "wall-time": 41.88
            },
            "7zip": {
                "task-clock": 143221.17721499997,
                "context-switches": 12381,
                "cpu-migrations": 335,
                "page-faults": 809551,
                "cycles": 441794664844,
                "instructions": 330865700264,
                "branches": 70736796163,
                "branch-misses": 2147204167,
                "max-rss": 12360968,
                "wall-time": 128.76999999999995
            },
            "geomean": {
                "task-clock": 55886.760329462246,
                "context-switches": 3207.4889919125594,
                "cpu-migrations": 122.79697409680914,
                "page-faults": 202482.49867866965,
                "cycles": 172333458436.236,
                "instructions": 139989161024.8151,
                "branches": 29935409730.39062,
                "branch-misses": 787455390.2908558,
                "max-rss": 2247607.4556737994,
                "wall-time": 55.502080978834755
            }
        },
        "ReleaseLTO-g": {
            "kimwitu++": {
                "task-clock": 44731.67347900001,
                "context-switches": 933,
                "cpu-migrations": 1,
                "page-faults": 205799,
                "cycles": 137934993772,
                "instructions": 97422372839,
                "branches": 21059940289,
                "branch-misses": 599084635,
                "max-rss": 1439876,
                "wall-time": 45.31
            },
            "sqlite3": {
                "task-clock": 60455.926336,
                "context-switches": 526,
                "cpu-migrations": 1,
                "page-faults": 110106,
                "cycles": 188909707554,
                "instructions": 151824096406,
                "branches": 32440263891,
                "branch-misses": 846646362,
                "max-rss": 502680,
                "wall-time": 60.6
            },
            "consumer-typeset": {
                "task-clock": 37607.152341999994,
                "context-switches": 764,
                "cpu-migrations": 1,
                "page-faults": 216398,
                "cycles": 118386454954,
                "instructions": 95537560041,
                "branches": 20234058451,
                "branch-misses": 544355465,
                "max-rss": 2965244,
                "wall-time": 39.36999999999998
            },
            "Bullet": {
                "task-clock": 67842.527416,
                "context-switches": 2796,
                "cpu-migrations": 3,
                "page-faults": 561496,
                "cycles": 210455040655,
                "instructions": 157290017914,
                "branches": 33175562329,
                "branch-misses": 856935616,
                "max-rss": 7505580,
                "wall-time": 72.05999999999996
            },
            "tramp3d-v4": {
                "task-clock": 110721.556514,
                "context-switches": 822,
                "cpu-migrations": 2,
                "page-faults": 298239,
                "cycles": 343013807810,
                "instructions": 271014570930,
                "branches": 58571078107,
                "branch-misses": 1304703593,
                "max-rss": 1190136,
                "wall-time": 110.9
            },
            "mafft": {
                "task-clock": 21866.216017,
                "context-switches": 629,
                "cpu-migrations": 0,
                "page-faults": 125977,
                "cycles": 68032786634,
                "instructions": 68652855483,
                "branches": 14495918026,
                "branch-misses": 338848748,
                "max-rss": 1638008,
                "wall-time": 22.839999999999996
            },
            "ClamAV": {
                "task-clock": 58857.37890299999,