{
    "config": 0,
    "clang_size": [],
    "data": {
        "ReleaseThinLTO": {
            "kimwitu++": {
                "task-clock": 42523.685842,
                "context-switches": 2036,
                "cpu-migrations": 118,
                "page-faults": 148515,
                "cycles": 128238276065,
                "instructions": 93605809094,
                "branches": 20333523286,
                "branch-misses": 580902580,
                "max-rss": 1208332,
                "wall-time": 39.110000000000014
            },
            "sqlite3": {
                "task-clock": 58009.69119900001,
                "context-switches": 3194,
                "cpu-migrations": 134,
                "page-faults": 62088,
                "cycles": 174967412907,
                "instructions": 141502905161,
                "branches": 30460130672,
                "branch-misses": 814163583,
                "max-rss": 317760,
                "wall-time": 71.88
            },
            "consumer-typeset": {
                "task-clock": 37935.579952,
                "context-switches": 2430,
                "cpu-migrations": 168,
                "page-faults": 188679,
                "cycles": 114226520385,
                "instructions": 92570976837,
                "branches": 19742738297,
                "branch-misses": 563721594,
                "max-rss": 2838268,
                "wall-time": 34.30999999999999
            },
            "Bullet": {
                "task-clock": 62854.77151999998,
                "context-switches": 5286,
                "cpu-migrations": 253,
                "page-faults": 496592,
                "cycles": 189193015003,
                "instructions": 139728444992,
                "branches": 29578652609,
                "branch-misses": 786635772,
                "max-rss": 7205272,
                "wall-time": 84.59999999999998
            },
            "tramp3d-v4": {
                "task-clock": 113770.03550600001,
                "context-switches": 3295,
                "cpu-migrations": 172,
                "page-faults": 128662,
                "cycles": 343287816090,
                "instructions": 289764672426,
                "branches": 63335947752,
                "branch-misses": 1374881047,
                "max-rss": 488172,
                "wall-time": 132.36
            },
            "mafft": {
                "task-clock": 22149.215780999995,
                "context-switches": 786,
                "cpu-migrations": 7,
                "page-faults": 111466,
                "cycles": 66698827989,
                "instructions": 58014859307,
                "branches": 12328868607,
                "branch-misses": 300288781,
                "max-rss": 1550292,
                "wall-time": 17.86
            },
            "ClamAV": {
                "task-clock": 52616.587246999996,
                "context-switches": 4111,
                "cpu-migrations": 227,
                "page-faults": 300641,
                "cycles": 158626098862,
                "instructions": 129080362593,
                "branches": 27576591566,
                "branch-misses": 814499654,
                "max-rss": 5210196,
                "wall-time": 55.669999999999995
            },
            "lencod": {
                "task-clock": 69818.06486,
                "context-switches": 4392,
                "cpu-migrations": 242,
                "page-faults": 227219,
                "cycles": 210933565013,
                "instructions": 194232815188,
                "branches": 40740821731,
                "branch-misses": 807957569,
                "max-rss": 3114244,
                "wall-time": 61.349999999999994
            },
            "SPASS": {
                "task-clock": 49700.507254,
                "context-switches": 4053,
                "cpu-migrations": 97,
                "page-faults": 175368,
                "cycles": 149571087658,
                "instructions": 117003782376,
                "branches": 25212107520,
                "branch-misses": 760706141,
                "max-rss": 2827132,
                "wall-time": 43.39
            },
            "7zip": {
                "task-clock": 148329.44226700003,
                "context-switches": 13004,
                "cpu-migrations": 336,
                "page-faults": 812402,
                "cycles": 446501254692,
                "instructions": 330384611131,
                "branches": 70758472226,
                "branch-misses": 2153205749,
                "max-rss": 12376076,
                "wall-time": 133.84000000000003
            },
            "geomean": {
                "task-clock": 57591.46617943019,
                "context-switches": 3399.059332947994,
                "cpu-migrations": 130.64702749618036,
                "page-faults": 203296.92859436807,
                "cycles": 173564705254.41507,
                "instructions": 139502342504.20474,
                "branches": 29873503877.205177,
                "branch-misses": 788867289.6540079,
                "max-rss": 2253259.137047544,
                "wall-time": 57.31570708139648
            }
        },
        "ReleaseLTO-g": {
            "kimwitu++": {
                "task-clock": 46204.13926099999,
                "context-switches": 1045,
                "cpu-migrations": 1,
                "page-faults": 205759,
                "cycles": 139141293915,
                "instructions": 97143271756,
                "branches": 21012738126,
                "branch-misses": 595100107,
                "max-rss": 1435668,
                "wall-time": 46.79
            },
            "sqlite3": {
                "task-clock": 62857.424176,
                "context-switches": 549,
                "cpu-migrations": 1,
                "page-faults": 110017,
                "cycles": 189871621120,
                "instructions": 151014933870,
                "branches": 32304517829,
                "branch-misses": 845557509,
                "max-rss": 503480,
                "wall-time": 63.05
            },
            "consumer-typeset": {
                "task-clock": 39516.107601,
                "context-switches": 819,
                "cpu-migrations": 1,
                "page-faults": 216655,
                "cycles": 119045498526,
                "instructions": 95272420137,
                "branches": 20203696632,
                "branch-misses": 545747159,
                "max-rss": 2965004,
                "wall-time": 41.34000000000004
            },
            "Bullet": {
                "task-clock": 69982.78508499998,
                "context-switches": 3366,
                "cpu-migrations": 2,
                "page-faults": 561973,
                "cycles": 210842673439,
                "instructions": 157096343540,
                "branches": 33157058942,
                "branch-misses": 856852986,
                "max-rss": 7518300,
                "wall-time": 74.28999999999999
            },
            "tramp3d-v4": {
                "task-clock": 114333.99315600001,
                "context-switches": 654,
                "cpu-migrations": 1,
                "page-faults": 298710,
                "cycles": 345133241766,
                "instructions": 269930558184,
                "branches": 58412543557,
                "branch-misses": 1305422665,
                "max-rss": 1191100,
                "wall-time": 114.49000000000001
            },
            "mafft": {
                "task-clock": 22697.853607999998,
                "context-switches": 672,
                "cpu-migrations": 2,
                "page-faults": 126438,
                "cycles": 68296427013,
                "instructions": 68337398464,
                "branches": 14450154264,
                "branch-misses": 339210807,
                "max-rss": 1639716,
                "wall-time": 23.7
            },