{
    "config": 0,
    "clang_size": [],
    "data": {
        "ReleaseThinLTO": {
            "kimwitu++": {
                "task-clock": 42126.740259,
                "context-switches": 2107,
                "cpu-migrations": 125,
                "page-faults": 147116,
                "cycles": 127160093172,
                "instructions": 93617513634,
                "branches": 20315701006,
                "branch-misses": 579179796,
                "max-rss": 1205332,
                "wall-time": 38.50000000000001
            },
            "sqlite3": {
                "task-clock": 58123.285315999994,
                "context-switches": 2503,
                "cpu-migrations": 154,
                "page-faults": 61663,
                "cycles": 175247608504,
                "instructions": 141668001380,
                "branches": 30481839480,
                "branch-misses": 817126647,
                "max-rss": 316620,
                "wall-time": 71.33
            },
            "consumer-typeset": {
                "task-clock": 37691.638240999986,
                "context-switches": 2437,
                "cpu-migrations": 110,
                "page-faults": 187049,
                "cycles": 113573731448,
                "instructions": 92579801168,
                "branches": 19734692951,
                "branch-misses": 567790863,
                "max-rss": 2841696,
                "wall-time": 34.61
            },
            "Bullet": {
                "task-clock": 62643.654831,
                "context-switches": 5479,
                "cpu-migrations": 215,
                "page-faults": 497663,
                "cycles": 188548768578,
                "instructions": 139645730139,
                "branches": 29540510155,
                "branch-misses": 787751152,
                "max-rss": 7208820,
                "wall-time": 83.84
            },
            "tramp3d-v4": {
                "task-clock": 111994.052304,
                "context-switches": 3088,
                "cpu-migrations": 208,
                "page-faults": 129608,
                "cycles": 338374551541,
                "instructions": 289414751581,
                "branches": 63195546052,
                "branch-misses": 1366005051,
                "max-rss": 486200,
                "wall-time": 131.32
            },
            "mafft": {
                "task-clock": 22045.023750000004,
                "context-switches": 646,
                "cpu-migrations": 1,
                "page-faults": 110461,
                "cycles": 66294409720,
                "instructions": 58002051881,
                "branches": 12324933357,
                "branch-misses": 298854072,
                "max-rss": 1551576,
                "wall-time": 17.529999999999998
            },
            "ClamAV": {
                "task-clock": 52460.41417699999,
                "context-switches": 3889,
                "cpu-migrations": 230,
                "page-faults": 303057,
                "cycles": 157881211016,
                "instructions": 129020851799,
                "branches": 27572455195,
                "branch-misses": 811560847,
                "max-rss": 5224124,
                "wall-time": 55.19999999999999
            },
            "lencod": {
                "task-clock": 69099.942895,
                "context-switches": 4321,
                "cpu-migrations": 240,
                "page-faults": 227547,
                "cycles": 209143521267,
                "instructions": 194000303048,
                "branches": 40685833169,
                "branch-misses": 804175308,
                "max-rss": 3126728,
                "wall-time": 60.129999999999995
            },
            "SPASS": {
                "task-clock": 49336.143381,
                "context-switches": 3971,
                "cpu-migrations": 117,
                "page-faults": 175465,
                "cycles": 148753346076,
                "instructions": 116855709631,
                "branches": 25160802793,
                "branch-misses": 757158839,
                "max-rss": 2831276,
                "wall-time": 43.33
            },
            "7zip": {
                "task-clock": 147221.54089200002,
                "context-switches": 12769,
                "cpu-migrations": 331,
                "page-faults": 811146,
                "cycles": 443086424512,
                "instructions": 330267968228,
                "branches": 70717322355,
                "branch-misses": 2145617853,
                "max-rss": 12385140,
                "wall-time": 133.28000000000003
            },
            "geomean": {
                "task-clock": 57213.45308237491,
                "context-switches": 3219.6384170677766,
                "cpu-migrations": 107.30694102596894,
                "page-faults": 202969.18353127292,
                "cycles": 172476892380.1254,
                "instructions": 139447762442.24298,
                "branches": 29848061819.046127,
                "branch-misses": 787408846.5422586,
                "max-rss": 2253544.5831473214,
                "wall-time": 56.83400442143339
            }
        },
        "ReleaseLTO-g": {
            "kimwitu++": {
                "task-clock": 45873.024338,
                "context-switches": 888,
                "cpu-migrations": 1,
                "page-faults": 205977,
                "cycles": 138341568283,
                "instructions": 97370020457,
                "branches": 21038711255,
                "branch-misses": 600714012,
                "max-rss": 1436824,
                "wall-time": 46.449999999999996
            },
            "sqlite3": {
                "task-clock": 62375.368682,
                "context-switches": 492,
                "cpu-migrations": 1,
                "page-faults": 110294,
                "cycles": 188842341196,
                "instructions": 151350049665,
                "branches": 32358378346,
                "branch-misses": 846454902,
                "max-rss": 503760,
                "wall-time": 62.540000000000006
            },
            "consumer-typeset": {
                "task-clock": 38981.44398700001,
                "context-switches": 882,
                "cpu-migrations": 1,
                "page-faults": 216914,
                "cycles": 118125881254,
                "instructions": 95329149082,
                "branches": 20208693388,
                "branch-misses": 546511269,
                "max-rss": 2971208,
                "wall-time": 40.88000000000001
            },
            "Bullet": {
                "task-clock": 70330.11858000001,
                "context-switches": 3021,
                "cpu-migrations": 2,
                "page-faults": 562752,
                "cycles": 211334935896,
                "instructions": 157159966657,
                "branches": 33148964851,
                "branch-misses": 862878563,
                "max-rss": 7538704,
                "wall-time": 74.70000000000002
            },
            "tramp3d-v4": {
                "task-clock": 113212.430343,
                "context-switches": 979,
                "cpu-migrations": 1,
                "page-faults": 298659,
                "cycles": 342081484751,
                "instructions": 270160072223,
                "branches": 58415257901,
                "branch-misses": 1311649211,
                "max-rss": 1191436,
                "wall-time": 113.4
            },
            "mafft": {
                "task-clock": 22444.996632000002,
                "context-switches": 624,
                "cpu-migrations": 1,
                "page-faults": 126681,
                "cycles": 67988836257,
                "instructions": 68411934061,
                "branches": 14467029705,
                "branch-misses": 339141974,
                "max-rss": 1644072,
                "wall-time": 23.440000000000005
            },