{
    "config": 0,
    "clang_size": {
        "size-text": 65550594,
        "size-data": 2702800,
        "size-bss": 248464,
        "size-total": 68501858
    },
    "data": {
        "ReleaseThinLTO": {
            "kimwitu++": {
                "task-clock": 30874.893365999997,
                "context-switches": 1772,
                "cpu-migrations": 78,
                "page-faults": 159657,
                "cycles": 103835814003,
                "instructions": 89649170298,
                "branches": 19389045227,
                "branch-misses": 490645935,
                "max-rss": 1136788,
                "wall-time": 28.450000000000003,
                "size-text": 791812,
                "size-data": 25992,
                "size-bss": 12560,
                "size-total": 830364
            },
            "sqlite3": {
                "task-clock": 45527.579509999996,
                "context-switches": 2308,
                "cpu-migrations": 112,
                "page-faults": 62619,
                "cycles": 153300460032,
                "instructions": 140874310996,
                "branches": 30450803044,
                "branch-misses": 763020314,
                "max-rss": 306388,
                "wall-time": 54.82,
                "size-text": 811322,
                "size-data": 3095,
                "size-bss": 624,
                "size-total": 815041
            },
            "consumer-typeset": {
                "task-clock": 28995.578748000004,
                "context-switches": 2540,
                "cpu-migrations": 184,
                "page-faults": 238132,
                "cycles": 97561591303,
                "instructions": 91004071608,
                "branches": 19417402865,
                "branch-misses": 524314441,
                "max-rss": 2624524,
                "wall-time": 27.8,
                "size-text": 687618,
                "size-data": 3768,
                "size-bss": 65200,
                "size-total": 756586
            },
            "Bullet": {
                "task-clock": 46466.28749400001,
                "context-switches": 4312,
                "cpu-migrations": 266,
                "page-faults": 619596,
                "cycles": 156239665453,
                "instructions": 137347595870,
                "branches": 28983293998,
                "branch-misses": 689628971,
                "max-rss": 6670040,
                "wall-time": 64.81999999999998,
                "size-text": 400596,
                "size-data": 403704,
                "size-bss": 43328,
                "size-total": 847628
            },
            "tramp3d-v4": {
                "task-clock": 88569.104491,
                "context-switches": 2581,
                "cpu-migrations": 178,
                "page-faults": 126139,
                "cycles": 298231844505,
                "instructions": 289184215322,
                "branches": 63439516327,
                "branch-misses": 1255122378,
                "max-rss": 477996,
                "wall-time": 105.16,
                "size-text": 901866,
                "size-data": 1800,
                "size-bss": 1848,
                "size-total": 905514
            },
            "mafft": {
                "task-clock": 17280.292698,
                "context-switches": 712,
                "cpu-migrations": 28,
                "page-faults": 136658,
                "cycles": 58214089837,
                "instructions": 58159203885,
                "branches": 12370567677,
                "branch-misses": 283538338,
                "max-rss": 1442004,
                "wall-time": 14.120000000000005,
                "size-text": 280825,
                "size-data": 3052,
                "size-bss": 14911040,
                "size-total": 15194917
            },
            "ClamAV": {
                "task-clock": 40494.486825000015,
                "context-switches": 3728,
                "cpu-migrations": 228,
                "page-faults": 400581,
                "cycles": 136271297424,
                "instructions": 127056526078,
                "branches": 27184827073,
                "branch-misses": 752506607,
                "max-rss": 4832672,
                "wall-time": 43.99,
                "size-text": 793997,
                "size-data": 52872,
                "size-bss": 4752,
                "size-total": 851621
            },
            "lencod": {
                "task-clock": 55872.17742,
                "context-switches": 3418,
                "cpu-migrations": 167,
                "page-faults": 280234,
                "cycles": 188114160930,
                "instructions": 196900478648,
                "branches": 41500259128,
                "branch-misses": 757735392,
                "max-rss": 2888728,
                "wall-time": 47.62,
                "size-text": 969283,
                "size-data": 2144,
                "size-bss": 106176,
                "size-total": 1077603
            },
            "SPASS": {
                "task-clock": 36947.42817300001,
                "context-switches": 3521,
                "cpu-migrations": 111,
                "page-faults": 226590,
                "cycles": 124281819874,
                "instructions": 113652051419,
                "branches": 24500891399,
                "branch-misses": 686158455,
                "max-rss": 2623800,
                "wall-time": 32.660000000000004,
                "size-text": 625776,
                "size-data": 872,
                "size-bss": 346536,
                "size-total": 973184
            },
            "7zip": {
                "task-clock": 110330.87699599998,
                "context-switches": 11098,
                "cpu-migrations": 457,
                "page-faults": 1029007,
                "cycles": 370861137339,
                "instructions": 323539543324,
                "branches": 69217887713,
                "branch-misses": 1916728497,
                "max-rss": 11489280,
                "wall-time": 101.07999999999998,
                "size-text": 1462153,
                "size-data": 4176,
                "size-bss": 29280,
                "size-total": 1495609
            },
            "geomean": {
                "task-clock": 43924.37506596182,
                "context-switches": 2892.4367421125985,
                "cpu-migrations": 145.0267322599949,
                "page-faults": 241166.79632114136,
                "cycles": 147808283735.02457,
                "instructions": 137651243742.37042,
                "branches": 29498648304.604965,
                "branch-misses": 717434470.5558772,
                "max-rss": 2112340.1109646983,
                "wall-time": 44.26174344475008,
                "size-text": 707803.6761335373,
                "size-data": 6987.56535283568,
                "size-bss": 35437.433332268796,
                "size-total": 1230785.368956444
            }
        },
        "O3": {
            "kimwitu++": {
                "task-clock": 23489.225067,
                "context-switches": 863,
                "cpu-migrations": 15,
                "page-faults": 153992,
                "cycles": 79116833491,
                "instructions": 63979410921,
                "branches": 13766870485,
                "branch-misses": 392616635,
                "max-rss": 1163848,
                "wall-time": 24.120000000000005,
                "size-text": 809721,
                "size-data": 31168,
                "size-bss": 12592,
                "size-total": 853481
            },
            "sqlite3": {
                "task-clock": 31901.638929999997,
                "context-switches": 166,
                "cpu-migrations": 3,
                "page-faults": 42285,
                "cycles": 107576939014,
                "instructions": 93284674501,
                "branches": 20012427710,
                "branch-misses": 551772217,
                "max-rss": 248364,