{
    "config": 0,
    "clang_size": [],
    "data": {
        "ReleaseThinLTO": {
            "kimwitu++": {
                "task-clock": 41670.66596200001,
                "context-switches": 1826,
                "cpu-migrations": 82,
                "page-faults": 148351,
                "cycles": 128430694738,
                "instructions": 93935828216,
                "branches": 20405861606,
                "branch-misses": 579965561,
                "max-rss": 1210956,
                "wall-time": 37.86
            },
            "sqlite3": {
                "task-clock": 57598.96073200001,
                "context-switches": 2381,
                "cpu-migrations": 154,
                "page-faults": 61624,
                "cycles": 176619319997,
                "instructions": 142364911014,
                "branches": 30652550901,
                "branch-misses": 816372378,
                "max-rss": 315228,
                "wall-time": 69.96
            },
            "consumer-typeset": {
                "task-clock": 37242.034435,
                "context-switches": 2699,
                "cpu-migrations": 107,
                "page-faults": 188440,
                "cycles": 114227295182,
                "instructions": 92846001637,
                "branches": 19807951045,
                "branch-misses": 569156741,
                "max-rss": 2825596,
                "wall-time": 35.1
            },
            "Bullet": {
                "task-clock": 61488.55540199998,
                "context-switches": 5010,
                "cpu-migrations": 330,
                "page-faults": 497307,
                "cycles": 188962323593,
                "instructions": 139823461428,
                "branches": 29600233323,
                "branch-misses": 784685685,
                "max-rss": 7215560,
                "wall-time": 82.59000000000002
            },
            "tramp3d-v4": {
                "task-clock": 111471.69712,
                "context-switches": 3731,
                "cpu-migrations": 242,
                "page-faults": 126216,
                "cycles": 343388443722,
                "instructions": 291217944828,
                "branches": 63653563036,
                "branch-misses": 1367329963,
                "max-rss": 483448,
                "wall-time": 131.27
            },
            "mafft": {
                "task-clock": 21435.359557999993,
                "context-switches": 703,
                "cpu-migrations": 1,
                "page-faults": 110474,
                "cycles": 65955298891,
                "instructions": 58280736005,
                "branches": 12389400295,
                "branch-misses": 297498446,
                "max-rss": 1552148,
                "wall-time": 17.129999999999995
            },
            "ClamAV": {
                "task-clock": 51739.826880999986,
                "context-switches": 4050,
                "cpu-migrations": 257,
                "page-faults": 302542,
                "cycles": 158505873858,
                "instructions": 129380182618,
                "branches": 27642542745,
                "branch-misses": 813709844,
                "max-rss": 5214808,
                "wall-time": 54.44
            },
            "lencod": {
                "task-clock": 68472.27396299999,
                "context-switches": 3998,
                "cpu-migrations": 234,
                "page-faults": 228536,
                "cycles": 210123673999,
                "instructions": 194340823183,
                "branches": 40764805750,
                "branch-misses": 803854163,
                "max-rss": 3120524,
                "wall-time": 58.92999999999999
            },
            "SPASS": {
                "task-clock": 48727.317463,
                "context-switches": 3883,
                "cpu-migrations": 101,
                "page-faults": 174578,
                "cycles": 149353276121,
                "instructions": 117535933013,
                "branches": 25335739364,
                "branch-misses": 755961488,
                "max-rss": 2823016,
                "wall-time": 42.88
            },
            "7zip": {
                "task-clock": 144727.29660300002,
                "context-switches": 12457,
                "cpu-migrations": 374,
                "page-faults": 809901,
                "cycles": 443991159434,
                "instructions": 330694440681,
                "branches": 70822166285,
                "branch-misses": 2147407774,
                "max-rss": 12374524,
                "wall-time": 131.20999999999995
            },
            "geomean": {
                "task-clock": 56442.08958615157,
                "context-switches": 3222.52282486007,
                "cpu-migrations": 109.38026251318404,
                "page-faults": 202645.71583233008,
                "cycles": 173340360125.02826,
                "instructions": 139937786351.62695,
                "branches": 29970883169.604595,
                "branch-misses": 787161270.6283947,
                "max-rss": 2249636.682058468,
                "wall-time": 56.15215278760671
            }
        },
        "ReleaseLTO-g": {
            "kimwitu++": {
                "task-clock": 45279.517787000004,
                "context-switches": 1032,
                "cpu-migrations": 1,
                "page-faults": 205838,
                "cycles": 139354124573,
                "instructions": 97433677004,
                "branches": 21077905214,
                "branch-misses": 598221947,
                "max-rss": 1436908,
                "wall-time": 45.89
            },
            "sqlite3": {
                "task-clock": 62313.715704999995,
                "context-switches": 562,
                "cpu-migrations": 1,
                "page-faults": 110081,
                "cycles": 192599226838,
                "instructions": 151685357839,
                "branches": 32456846120,
                "branch-misses": 845883695,
                "max-rss": 503840,
                "wall-time": 62.480000000000004
            },
            "consumer-typeset": {
                "task-clock": 38747.35090500001,
                "context-switches": 912,
                "cpu-migrations": 1,
                "page-faults": 216426,
                "cycles": 119291350968,
                "instructions": 95519607594,
                "branches": 20262565558,
                "branch-misses": 543723818,
                "max-rss": 2967552,
                "wall-time": 40.59
            },
            "Bullet": {
                "task-clock": 68803.00939699999,
                "context-switches": 2650,
                "cpu-migrations": 1,
                "page-faults": 561754,
                "cycles": 211124892510,
                "instructions": 157292234502,
                "branches": 33200486912,
                "branch-misses": 854518334,
                "max-rss": 7522688,
                "wall-time": 73.30999999999999
            },
            "tramp3d-v4": {
                "task-clock": 113309.735147,
                "context-switches": 715,
                "cpu-migrations": 1,
                "page-faults": 298656,
                "cycles": 349263693270,
                "instructions": 270863178389,
                "branches": 58615080347,
                "branch-misses": 1307221682,
                "max-rss": 1191572,
                "wall-time": 113.5
            },
            "mafft": {
                "task-clock": 22280.676830999997,
                "context-switches": 622,
                "cpu-migrations": 0,
                "page-faults": 126801,
                "cycles": 68595527715,
                "instructions": 68587490345,
                "branches": 14508249753,
                "branch-misses": 339912773,
                "max-rss": 1642408,
                "wall-time": 23.25
            },
            "ClamAV": {
                "task-clock": 59425.59651499994,