{
    "config": 0,
    "clang_size": [],
    "data": {
        "ReleaseThinLTO": {
            "kimwitu++": {
                "task-clock": 42399.852134,
                "context-switches": 2035,
                "cpu-migrations": 207,
                "page-faults": 148435,
                "cycles": 128708223314,
                "instructions": 93972315412,
                "branches": 20416792660,
                "branch-misses": 580655296,
                "max-rss": 1206296,
                "wall-time": 39.03000000000001
            },
            "sqlite3": {
                "task-clock": 58339.210623000006,
                "context-switches": 3213,
                "cpu-migrations": 167,
                "page-faults": 61477,
                "cycles": 177829963186,
                "instructions": 142379594264,
                "branches": 30656957015,
                "branch-misses": 814056600,
                "max-rss": 314844,
                "wall-time": 71.94
            },
            "consumer-typeset": {
                "task-clock": 37376.86964200001,
                "context-switches": 2320,
                "cpu-migrations": 123,
                "page-faults": 187008,
                "cycles": 114185601272,
                "instructions": 92852935337,
                "branches": 19809213099,
                "branch-misses": 562339119,
                "max-rss": 2828956,
                "wall-time": 34.01999999999998
            },
            "Bullet": {
                "task-clock": 62768.86943699999,
                "context-switches": 5120,
                "cpu-migrations": 209,
                "page-faults": 497564,
                "cycles": 189655459274,
                "instructions": 139835566328,
                "branches": 29604960313,
                "branch-misses": 784970807,
                "max-rss": 7210628,
                "wall-time": 84.46000000000001
            },
            "tramp3d-v4": {
                "task-clock": 114134.035906,
                "context-switches": 3223,
                "cpu-migrations": 204,
                "page-faults": 133305,
                "cycles": 346109630731,
                "instructions": 291178128618,
                "branches": 63649196824,
                "branch-misses": 1363583832,
                "max-rss": 483824,
                "wall-time": 133.85
            },
            "mafft": {
                "task-clock": 21891.312259000006,
                "context-switches": 945,
                "cpu-migrations": 8,
                "page-faults": 111493,
                "cycles": 66958450372,
                "instructions": 58280962421,
                "branches": 12389889683,
                "branch-misses": 300415911,
                "max-rss": 1551952,
                "wall-time": 17.899999999999995
            },
            "ClamAV": {
                "task-clock": 52363.331378000024,
                "context-switches": 4015,
                "cpu-migrations": 260,
                "page-faults": 302413,
                "cycles": 159224398111,
                "instructions": 129406944053,
                "branches": 27649982431,
                "branch-misses": 813162327,
                "max-rss": 5215748,
                "wall-time": 55.79999999999998
            },
            "lencod": {
                "task-clock": 69320.37447000001,
                "context-switches": 4095,
                "cpu-migrations": 190,
                "page-faults": 230344,
                "cycles": 210569469758,
                "instructions": 194368985333,
                "branches": 40772218163,
                "branch-misses": 800504769,
                "max-rss": 3117732,
                "wall-time": 59.730000000000004
            },
            "SPASS": {
                "task-clock": 49367.826528000005,
                "context-switches": 3759,
                "cpu-migrations": 82,
                "page-faults": 175455,
                "cycles": 149892449605,
                "instructions": 117526860235,
                "branches": 25333693770,
                "branch-misses": 756597477,
                "max-rss": 2827444,
                "wall-time": 42.76
            },
            "7zip": {
                "task-clock": 147892.27200100006,
                "context-switches": 12672,
                "cpu-migrations": 329,
                "page-faults": 810343,
                "cycles": 446175708743,
                "instructions": 330521429101,
                "branches": 70791326135,
                "branch-misses": 2144718597,
                "max-rss": 12391972,
                "wall-time": 133.66000000000003
            },
            "geomean": {
                "task-clock": 57340.790394774405,
                "context-switches": 3363.397634990997,
                "cpu-migrations": 134.46817379403905,
                "page-faults": 204026.422945041,
                "cycles": 174216694836.9034,
                "instructions": 139941580076.75372,
                "branches": 29973305494.930687,
                "branch-misses": 786249884.882082,
                "max-rss": 2249263.8850961397,
                "wall-time": 57.09645760589149
            }
        },
        "ReleaseLTO-g": {
            "kimwitu++": {
                "task-clock": 45598.063151999995,
                "context-switches": 1145,
                "cpu-migrations": 1,
                "page-faults": 205774,
                "cycles": 139773328562,
                "instructions": 97533645837,
                "branches": 21104313613,
                "branch-misses": 595827683,
                "max-rss": 1438664,
                "wall-time": 46.22000000000001
            },
            "sqlite3": {
                "task-clock": 62267.571526,
                "context-switches": 273,
                "cpu-migrations": 1,
                "page-faults": 110056,
                "cycles": 191969983779,
                "instructions": 151740010368,
                "branches": 32471014384,
                "branch-misses": 843790537,
                "max-rss": 503116,
                "wall-time": 62.41
            },
            "consumer-typeset": {
                "task-clock": 39035.76563899999,
                "context-switches": 891,
                "cpu-migrations": 2,
                "page-faults": 216628,
                "cycles": 119962476880,
                "instructions": 95494578366,
                "branches": 20256873846,
                "branch-misses": 545017471,
                "max-rss": 2967448,
                "wall-time": 40.9
            },
            "Bullet": {
                "task-clock": 68860.214197,
                "context-switches": 3529,
                "cpu-migrations": 2,
                "page-faults": 562056,
                "cycles": 211346097975,
                "instructions": 157315366496,
                "branches": 33207434104,
                "branch-misses": 853456339,
                "max-rss": 7534508,
                "wall-time": 73.32999999999998
            },
            "tramp3d-v4": {
                "task-clock": 114762.18849100001,
                "context-switches": 490,
                "cpu-migrations": 1,
                "page-faults": 298706,
                "cycles": 352122751081,
                "instructions": 270974651059,
                "branches": 58639237208,
                "branch-misses": 1308623781,
                "max-rss": 1192048,
                "wall-time": 114.89
            },
            "mafft": {
                "task-clock": 22363.339198999995,
                "context-switches": 625,
                "cpu-migrations": 2,
                "page-faults": 126067,
                "cycles": 68732421026,
                "instructions": 68586060524,
                "branches": 14507724696,
                "branch-misses": 338934228,
                "max-rss": 1639916,
                "wall-time": 23.31
            },