{
    "config": 0,
    "clang_size": [],
    "data": {
        "ReleaseThinLTO": {
            "kimwitu++": {
                "task-clock": 41644.537478,
                "context-switches": 2612,
                "cpu-migrations": 72,
                "page-faults": 147189,
                "cycles": 126591445382,
                "instructions": 93307219558,
                "branches": 20247560382,
                "branch-misses": 577370941,
                "max-rss": 1205420,
                "wall-time": 37.60999999999999
            },
            "sqlite3": {
                "task-clock": 55879.594076,
                "context-switches": 2640,
                "cpu-migrations": 151,
                "page-faults": 61938,
                "cycles": 170730572094,
                "instructions": 139944256457,
                "branches": 30119391308,
                "branch-misses": 806770360,
                "max-rss": 317248,
                "wall-time": 68.69
            },
            "consumer-typeset": {
                "task-clock": 36636.88496899999,
                "context-switches": 2452,
                "cpu-migrations": 119,
                "page-faults": 188894,
                "cycles": 112012797958,
                "instructions": 91528636450,
                "branches": 19506359982,
                "branch-misses": 559252941,
                "max-rss": 2836052,
                "wall-time": 33.62
            },
            "Bullet": {
                "task-clock": 61475.824167,
                "context-switches": 5321,
                "cpu-migrations": 237,
                "page-faults": 497496,
                "cycles": 186991555105,
                "instructions": 139086100188,
                "branches": 29421269784,
                "branch-misses": 783918946,
                "max-rss": 7216424,
                "wall-time": 82.97000000000003
            },
            "tramp3d-v4": {
                "task-clock": 110122.410317,
                "context-switches": 3005,
                "cpu-migrations": 199,
                "page-faults": 129554,
                "cycles": 336001709991,
                "instructions": 286656559374,
                "branches": 62614173788,
                "branch-misses": 1354589392,
                "max-rss": 488528,
                "wall-time": 129.29000000000002
            },
            "mafft": {
                "task-clock": 21375.863413000003,
                "context-switches": 618,
                "cpu-migrations": 2,
                "page-faults": 110689,
                "cycles": 65371317588,
                "instructions": 57375520358,
                "branches": 12198021792,
                "branch-misses": 297028130,
                "max-rss": 1555516,
                "wall-time": 17.01
            },
            "ClamAV": {
                "task-clock": 50531.60406699997,
                "context-switches": 3831,
                "cpu-migrations": 188,
                "page-faults": 300461,
                "cycles": 154135187976,
                "instructions": 126221549308,
                "branches": 26980338825,
                "branch-misses": 804631275,
                "max-rss": 5229548,
                "wall-time": 53.3
            },
            "lencod": {
                "task-clock": 67506.498691,
                "context-switches": 4247,
                "cpu-migrations": 218,
                "page-faults": 230345,
                "cycles": 206172233655,
                "instructions": 190644134877,
                "branches": 39997204113,
                "branch-misses": 793446982,
                "max-rss": 3126088,
                "wall-time": 58.620000000000005
            },
            "SPASS": {
                "task-clock": 48136.78323,
                "context-switches": 3886,
                "cpu-migrations": 122,
                "page-faults": 174995,
                "cycles": 147216756131,
                "instructions": 115829997907,
                "branches": 24952303745,
                "branch-misses": 753683949,
                "max-rss": 2832252,
                "wall-time": 42.06999999999999
            },
            "7zip": {
                "task-clock": 144124.43893200002,
                "context-switches": 12535,
                "cpu-migrations": 333,
                "page-faults": 812274,
                "cycles": 436672910499,
                "instructions": 325793922321,
                "branches": 69782876901,
                "branch-misses": 2137839805,
                "max-rss": 12401244,
                "wall-time": 129.85999999999999
            },
            "geomean": {
                "task-clock": 55787.34488471441,
                "context-switches": 3252.3294545253298,
                "cpu-migrations": 107.34717579226853,
                "page-faults": 203342.9252586935,
                "cycles": 170128843057.31747,
                "instructions": 137877073051.57712,
                "branches": 29518583629.62091,
                "branch-misses": 781082448.8726678,
                "max-rss": 2256004.677738291,
                "wall-time": 55.363123350287225
            }
        },
        "ReleaseLTO-g": {
            "kimwitu++": {
                "task-clock": 44693.156938,
                "context-switches": 1120,
                "cpu-migrations": 1,
                "page-faults": 205975,
                "cycles": 137043613967,
                "instructions": 96849090081,
                "branches": 20934214127,
                "branch-misses": 597088992,
                "max-rss": 1440228,
                "wall-time": 45.309999999999995
            },
            "sqlite3": {
                "task-clock": 61141.901408000005,
                "context-switches": 718,
                "cpu-migrations": 1,
                "page-faults": 110310,
                "cycles": 186429140648,
                "instructions": 149409996326,
                "branches": 31955812189,
                "branch-misses": 843155322,
                "max-rss": 503952,
                "wall-time": 61.32
            },
            "consumer-typeset": {
                "task-clock": 38268.359718,
                "context-switches": 769,
                "cpu-migrations": 2,
                "page-faults": 217083,
                "cycles": 116600514217,
                "instructions": 94107309516,
                "branches": 19947362590,
                "branch-misses": 543155728,
                "max-rss": 2976704,
                "wall-time": 40.08
            },
            "Bullet": {
                "task-clock": 68377.53693,
                "context-switches": 3596,
                "cpu-migrations": 1,
                "page-faults": 562868,
                "cycles": 209454866269,
                "instructions": 156512939806,
                "branches": 33008251432,
                "branch-misses": 858163828,
                "max-rss": 7535480,
                "wall-time": 72.71
            },
            "tramp3d-v4": {
                "task-clock": 110961.980974,
                "context-switches": 592,
                "cpu-migrations": 1,
                "page-faults": 298866,
                "cycles": 339899178960,
                "instructions": 267379605393,
                "branches": 57821240652,
                "branch-misses": 1304229427,
                "max-rss": 1192476,
                "wall-time": 111.15
            },
            "mafft": {
                "task-clock": 22013.977329999998,
                "context-switches": 588,
                "cpu-migrations": 0,
                "page-faults": 126565,
                "cycles": 67008531242,
                "instructions": 67360163226,
                "branches": 14251644571,
                "branch-misses": 338112502,
                "max-rss": 1643708,
                "wall-time": 22.999999999999996
            },
            "ClamAV": {
                "task-clock": 58219.127156,