{
    "config": 0,
    "clang_size": [],
    "data": {
        "ReleaseThinLTO": {
            "kimwitu++": {
                "task-clock": 42579.03493200001,
                "context-switches": 2099,
                "cpu-migrations": 71,
                "page-faults": 147145,
                "cycles": 127499540233,
                "instructions": 93589720091,
                "branches": 20328194743,
                "branch-misses": 581509130,
                "max-rss": 1204164,
                "wall-time": 38.18
            },
            "sqlite3": {
                "task-clock": 57742.788155,
                "context-switches": 2960,
                "cpu-migrations": 133,
                "page-faults": 61973,
                "cycles": 173026853832,
                "instructions": 141663965675,
                "branches": 30497504723,
                "branch-misses": 812959714,
                "max-rss": 317472,
                "wall-time": 70.75999999999999
            },
            "consumer-typeset": {
                "task-clock": 37977.709342999995,
                "context-switches": 2394,
                "cpu-migrations": 126,
                "page-faults": 188043,
                "cycles": 113640760274,
                "instructions": 92568967688,
                "branches": 19746336829,
                "branch-misses": 566784660,
                "max-rss": 2833408,
                "wall-time": 34.599999999999994
            },
            "Bullet": {
                "task-clock": 62962.81087999999,
                "context-switches": 5163,
                "cpu-migrations": 268,
                "page-faults": 496168,
                "cycles": 188001451944,
                "instructions": 139700364624,
                "branches": 29573245604,
                "branch-misses": 786583651,
                "max-rss": 7199452,
                "wall-time": 84.98000000000002
            },
            "tramp3d-v4": {
                "task-clock": 112832.39984599999,
                "context-switches": 3395,
                "cpu-migrations": 281,
                "page-faults": 128597,
                "cycles": 338136295777,
                "instructions": 289759858727,
                "branches": 63326127473,
                "branch-misses": 1366911893,
                "max-rss": 484164,
                "wall-time": 132.28
            },
            "mafft": {
                "task-clock": 22068.100600000005,
                "context-switches": 701,
                "cpu-migrations": 2,
                "page-faults": 111185,
                "cycles": 66074083899,
                "instructions": 58018581595,
                "branches": 12330967918,
                "branch-misses": 298710388,
                "max-rss": 1556420,
                "wall-time": 17.490000000000002
            },
            "ClamAV": {
                "task-clock": 52525.06871300004,
                "context-switches": 4079,
                "cpu-migrations": 210,
                "page-faults": 299155,
                "cycles": 157545681830,
                "instructions": 129011012717,
                "branches": 27565826184,
                "branch-misses": 815154996,
                "max-rss": 5228324,
                "wall-time": 56.240000000000016
            },
            "lencod": {
                "task-clock": 69995.82867599999,
                "context-switches": 4261,
                "cpu-migrations": 317,
                "page-faults": 229188,
                "cycles": 209585273448,
                "instructions": 194227226342,
                "branches": 40741925738,
                "branch-misses": 806096838,
                "max-rss": 3119356,
                "wall-time": 61.510000000000005
            },
            "SPASS": {
                "task-clock": 49577.169348999996,
                "context-switches": 3802,
                "cpu-migrations": 92,
                "page-faults": 175312,
                "cycles": 148689862251,
                "instructions": 116987059532,
                "branches": 25209214990,
                "branch-misses": 761190448,
                "max-rss": 2822944,
                "wall-time": 43.17999999999999
            },
            "7zip": {
                "task-clock": 148476.64632300002,
                "context-switches": 12693,
                "cpu-migrations": 388,
                "page-faults": 810467,
                "cycles": 442630556129,
                "instructions": 330342588576,
                "branches": 70750945506,
                "branch-misses": 2146739792,
                "max-rss": 12373972,
                "wall-time": 134.11999999999995
            },
            "geomean": {
                "task-clock": 57515.962037785255,
                "context-switches": 3300.296698474838,
                "cpu-migrations": 115.59125405224191,
                "page-faults": 202943.25002289176,
                "cycles": 172168240952.60312,
                "instructions": 139501703757.63538,
                "branches": 29874681822.911713,
                "branch-misses": 788075735.9307873,
                "max-rss": 2251519.8219547216,
                "wall-time": 57.09614400887385
            }
        },
        "ReleaseLTO-g": {
            "kimwitu++": {
                "task-clock": 45951.66354,
                "context-switches": 1155,
                "cpu-migrations": 1,
                "page-faults": 205786,
                "cycles": 137334419153,
                "instructions": 97316007033,
                "branches": 21043641640,
                "branch-misses": 597302263,
                "max-rss": 1440452,
                "wall-time": 46.56
            },
            "sqlite3": {
                "task-clock": 62801.63101,
                "context-switches": 565,
                "cpu-migrations": 1,
                "page-faults": 109015,
                "cycles": 187509184486,
                "instructions": 150983928311,
                "branches": 32297385168,
                "branch-misses": 847568333,
                "max-rss": 499084,
                "wall-time": 62.97
            },
            "consumer-typeset": {
                "task-clock": 39558.832475999996,
                "context-switches": 781,
                "cpu-migrations": 2,
                "page-faults": 216644,
                "cycles": 118139965024,
                "instructions": 95217387624,
                "branches": 20198362713,
                "branch-misses": 547129428,
                "max-rss": 2966520,
                "wall-time": 41.440000000000005
            },
            "Bullet": {
                "task-clock": 70335.94525399999,
                "context-switches": 3301,
                "cpu-migrations": 1,
                "page-faults": 562045,
                "cycles": 210048456759,
                "instructions": 157187896180,
                "branches": 33175253561,
                "branch-misses": 858827937,
                "max-rss": 7526464,
                "wall-time": 74.9
            },
            "tramp3d-v4": {
                "task-clock": 114471.62997800001,
                "context-switches": 551,
                "cpu-migrations": 2,
                "page-faults": 298562,
                "cycles": 342220487138,
                "instructions": 270244044059,
                "branches": 58463344964,
                "branch-misses": 1308496986,
                "max-rss": 1191664,
                "wall-time": 114.61
            },
            "mafft": {
                "task-clock": 22711.535862,
                "context-switches": 628,
                "cpu-migrations": 0,
                "page-faults": 128047,
                "cycles": 67854145032,
                "instructions": 68352444278,
                "branches": 14456368013,
                "branch-misses": 338603643,
                "max-rss": 1644440,
                "wall-time": 23.71
            },