{
    "config": 0,
    "clang_size": {
        "size-text": 65552058,
        "size-data": 2702800,
        "size-bss": 248464,
        "size-total": 68503322
    },
    "data": {
        "ReleaseThinLTO": {
            "kimwitu++": {
                "task-clock": 30868.31510499999,
                "context-switches": 1614,
                "cpu-migrations": 55,
                "page-faults": 159124,
                "cycles": 103962661233,
                "instructions": 89596201178,
                "branches": 19376907728,
                "branch-misses": 490420050,
                "max-rss": 1137396,
                "wall-time": 28.39,
                "size-text": 791812,
                "size-data": 25992,
                "size-bss": 12560,
                "size-total": 830364
            },
            "sqlite3": {
                "task-clock": 45842.117714,
                "context-switches": 1757,
                "cpu-migrations": 73,
                "page-faults": 62842,
                "cycles": 154292369267,
                "instructions": 140978640823,
                "branches": 30475418313,
                "branch-misses": 762614443,
                "max-rss": 306128,
                "wall-time": 54.94,
                "size-text": 811322,
                "size-data": 3095,
                "size-bss": 624,
                "size-total": 815041
            },
            "consumer-typeset": {
                "task-clock": 29104.857070999995,
                "context-switches": 2263,
                "cpu-migrations": 127,
                "page-faults": 239403,
                "cycles": 97929068001,
                "instructions": 91086806503,
                "branches": 19435015361,
                "branch-misses": 523499700,
                "max-rss": 2624208,
                "wall-time": 27.52,
                "size-text": 687618,
                "size-data": 3768,
                "size-bss": 65200,
                "size-total": 756586
            },
            "Bullet": {
                "task-clock": 46424.12928999998,
                "context-switches": 4539,
                "cpu-migrations": 252,
                "page-faults": 619385,
                "cycles": 155976090293,
                "instructions": 137417222163,
                "branches": 28996418961,
                "branch-misses": 689688878,
                "max-rss": 6675752,
                "wall-time": 64.63000000000002,
                "size-text": 400596,
                "size-data": 403704,
                "size-bss": 43328,
                "size-total": 847628
            },
            "tramp3d-v4": {
                "task-clock": 88604.217458,
                "context-switches": 2325,
                "cpu-migrations": 110,
                "page-faults": 126183,
                "cycles": 298451676919,
                "instructions": 289319288281,
                "branches": 63467357865,
                "branch-misses": 1250434834,
                "max-rss": 476616,
                "wall-time": 102.82,
                "size-text": 901866,
                "size-data": 1800,
                "size-bss": 1848,
                "size-total": 905514
            },
            "mafft": {
                "task-clock": 17360.409329,
                "context-switches": 727,
                "cpu-migrations": 29,
                "page-faults": 136422,
                "cycles": 58426618748,
                "instructions": 58168627335,
                "branches": 12372592293,
                "branch-misses": 286521328,
                "max-rss": 1441076,
                "wall-time": 14.100000000000003,
                "size-text": 280825,
                "size-data": 3052,
                "size-bss": 14911040,
                "size-total": 15194917
            },
            "ClamAV": {
                "task-clock": 40625.080233999994,
                "context-switches": 3654,
                "cpu-migrations": 245,
                "page-faults": 398903,
                "cycles": 136717512571,
                "instructions": 127018089699,
                "branches": 27174646724,
                "branch-misses": 751115930,
                "max-rss": 4822924,
                "wall-time": 44.57999999999999,
                "size-text": 793997,
                "size-data": 52872,
                "size-bss": 4752,
                "size-total": 851621
            },
            "lencod": {
                "task-clock": 55977.67569599999,
                "context-switches": 4079,
                "cpu-migrations": 246,
                "page-faults": 279558,
                "cycles": 188410283175,
                "instructions": 196893962963,
                "branches": 41499696471,
                "branch-misses": 764612490,
                "max-rss": 2882168,
                "wall-time": 50.08999999999999,
                "size-text": 969283,
                "size-data": 2144,
                "size-bss": 106176,
                "size-total": 1077603
            },
            "SPASS": {
                "task-clock": 37058.483513,
                "context-switches": 3507,
                "cpu-migrations": 120,
                "page-faults": 226567,
                "cycles": 124608105523,
                "instructions": 113631220260,
                "branches": 24494480907,
                "branch-misses": 686683593,
                "max-rss": 2622024,
                "wall-time": 32.85,
                "size-text": 625776,
                "size-data": 872,
                "size-bss": 346536,
                "size-total": 973184
            },
            "7zip": {
                "task-clock": 109987.91203300003,
                "context-switches": 11473,
                "cpu-migrations": 469,
                "page-faults": 1029356,
                "cycles": 369651492255,
                "instructions": 323517529438,
                "branches": 69215441164,
                "branch-misses": 1918152777,
                "max-rss": 11496332,
                "wall-time": 100.98000000000003,
                "size-text": 1462153,
                "size-data": 4176,
                "size-bss": 29280,
                "size-total": 1495609
            },
            "geomean": {
                "task-clock": 44010.29589302952,
                "context-switches": 2799.1182153790005,
                "cpu-migrations": 130.11086899043482,
                "page-faults": 241105.0295400127,
                "cycles": 148079308337.53983,
                "instructions": 137673363410.80356,
                "branches": 29502951008.457394,
                "branch-misses": 718364586.907065,
                "max-rss": 2110762.8279970484,
                "wall-time": 44.40271421415553,
                "size-text": 707803.6761335373,
                "size-data": 6987.56535283568,
                "size-bss": 35437.433332268796,
                "size-total": 1230785.368956444
            }
        },
        "O3": {
            "kimwitu++": {
                "task-clock": 23384.255722,
                "context-switches": 782,
                "cpu-migrations": 15,
                "page-faults": 153997,
                "cycles": 78758159314,
                "instructions": 63960227497,
                "branches": 13762030180,
                "branch-misses": 389962298,
                "max-rss": 1162852,
                "wall-time": 23.979999999999997,
                "size-text": 809721,
                "size-data": 31168,
                "size-bss": 12592,
                "size-total": 853481
            },
            "sqlite3": {
                "task-clock": 31795.779213,
                "context-switches": 108,
                "cpu-migrations": 5,
                "page-faults": 42196,
                "cycles": 107174870947,
                "instructions": 93339439089,
                "branches": 20022589437,
                "branch-misses": 552365205,
                "max-rss": 247908,