{
    "config": 0,
    "clang_size": {
        "size-text": 66682633,
        "size-data": 2766192,
        "size-bss": 253104,
        "size-total": 69701929
    },
    "data": {
        "O3": {
            "kimwitu++": {
                "task-clock": 24507.905352999995,
                "context-switches": 868,
                "cpu-migrations": 15,
                "page-faults": 155507,
                "cycles": 82524937129,
                "instructions": 65989348552,
                "branches": 14188494693,
                "branch-misses": 403851352,
                "max-rss": 1179588,
                "wall-time": 25.119999999999997,
                "size-text": 805325,
                "size-data": 31168,
                "size-bss": 12592,
                "size-total": 849085
            },
            "sqlite3": {
                "task-clock": 33247.426799,
                "context-switches": 213,
                "cpu-migrations": 4,
                "page-faults": 42176,
                "cycles": 112096706856,
                "instructions": 95450534350,
                "branches": 20456080669,
                "branch-misses": 562702403,
                "max-rss": 249592,
                "wall-time": 33.39,
                "size-text": 744376,
                "size-data": 3095,
                "size-bss": 704,
                "size-total": 748175
            },
            "consumer-typeset": {
                "task-clock": 20329.148464,
                "context-switches": 913,
                "cpu-migrations": 53,
                "page-faults": 270556,
                "cycles": 68447024023,
                "instructions": 61424194135,
                "branches": 12999268352,
                "branch-misses": 357658278,
                "max-rss": 2996616,
                "wall-time": 22.309999999999995,
                "size-text": 576090,
                "size-data": 3768,
                "size-bss": 65232,
                "size-total": 645090
            },
            "Bullet": {
                "task-clock": 50270.881691,
                "context-switches": 3018,
                "cpu-migrations": 123,
                "page-faults": 667310,
                "cycles": 169201112063,
                "instructions": 144459450286,
                "branches": 30350818232,
                "branch-misses": 782132624,
                "max-rss": 7428532,
                "wall-time": 55.04,
                "size-text": 910157,
                "size-data": 747360,
                "size-bss": 45424,
                "size-total": 1702941
            },
            "tramp3d-v4": {
                "task-clock": 49371.909959,
                "context-switches": 180,
                "cpu-migrations": 2,
                "page-faults": 92662,
                "cycles": 166373666284,
                "instructions": 143676095072,
                "branches": 31026277107,
                "branch-misses": 766090007,
                "max-rss": 359928,
                "wall-time": 49.47,
                "size-text": 912906,
                "size-data": 1856,
                "size-bss": 2048,
                "size-total": 916810
            },
            "mafft": {
                "task-clock": 19683.134511000004,
                "context-switches": 596,
                "cpu-migrations": 27,
                "page-faults": 161806,
                "cycles": 66278016300,
                "instructions": 63156029123,
                "branches": 13311699897,
                "branch-misses": 358937919,
                "max-rss": 1660028,
                "wall-time": 20.779999999999994,
                "size-text": 536425,
                "size-data": 8981,
                "size-bss": 132716880,
                "size-total": 133262286
            },
            "ClamAV": {
                "task-clock": 29474.358086,
                "context-switches": 1666,
                "cpu-migrations": 107,
                "page-faults": 458461,
                "cycles": 99229374501,
                "instructions": 89510156680,
                "branches": 18924241013,
                "branch-misses": 546467036,
                "max-rss": 5508784,
                "wall-time": 33.28999999999999,
                "size-text": 724886,
                "size-data": 58332,
                "size-bss": 4760,
                "size-total": 787978
            },
            "lencod": {
                "task-clock": 35551.959297,
                "context-switches": 1197,
                "cpu-migrations": 56,
                "page-faults": 309049,
                "cycles": 119727407820,
                "instructions": 120958194898,
                "branches": 25360865854,
                "branch-misses": 543238783,
                "max-rss": 3231508,
                "wall-time": 37.70000000000002,
                "size-text": 893987,
                "size-data": 14768,
                "size-bss": 108768,
                "size-total": 1017523
            },
            "SPASS": {
                "task-clock": 25518.379506000005,
                "context-switches": 1077,
                "cpu-migrations": 55,
                "page-faults": 247683,
                "cycles": 85885211364,
                "instructions": 74136625995,
                "branches": 15887852516,
                "branch-misses": 491688021,
                "max-rss": 2940012,
                "wall-time": 27.51,
                "size-text": 601946,
                "size-data": 880,
                "size-bss": 358728,
                "size-total": 961554
            },
            "7zip": {
                "task-clock": 79520.78234899993,
                "context-switches": 4892,
                "cpu-migrations": 224,
                "page-faults": 1135467,
                "cycles": 267570748557,
                "instructions": 220853022799,
                "branches": 46722609406,
                "branch-misses": 1362612008,
                "max-rss": 12868608,
                "wall-time": 88.02999999999989,
                "size-text": 1269831,
                "size-data": 5200,
                "size-bss": 29376,
                "size-total": 1304407
            },
            "geomean": {
                "task-clock": 33386.55236487503,
                "context-switches": 946.0366042840346,
                "cpu-migrations": 33.05908661793421,
                "page-faults": 242644.0734563923,
                "cycles": 112423752831.29245,
                "instructions": 98941405226.4917,
                "branches": 21021253449.894524,
                "branch-misses": 567696832.1891389,
                "max-rss": 2198450.9478358366,
                "wall-time": 35.54330383723484,
                "size-text": 773073.8158287274,
                "size-data": 10596.507668331473,
                "size-bss": 45609.31598464766,
                "size-total": 1560704.203083892
            }
        }
    }
}