{
    "config": 0,
    "clang_size": [],
    "data": {
        "ReleaseThinLTO": {
            "kimwitu++": {
                "task-clock": 42607.674763,
                "context-switches": 2322,
                "cpu-migrations": 105,
                "page-faults": 147168,
                "cycles": 128318930349,
                "instructions": 93936203817,
                "branches": 20406492375,
                "branch-misses": 576721195,
                "max-rss": 1205308,
                "wall-time": 39.08
            },
            "sqlite3": {
                "task-clock": 58303.16203000001,
                "context-switches": 2411,
                "cpu-migrations": 110,
                "page-faults": 62015,
                "cycles": 176304905581,
                "instructions": 142388589561,
                "branches": 30660703011,
                "branch-misses": 813738721,
                "max-rss": 318020,
                "wall-time": 70.83
            },
            "consumer-typeset": {
                "task-clock": 37859.22893399999,
                "context-switches": 2538,
                "cpu-migrations": 139,
                "page-faults": 188512,
                "cycles": 114512470742,
                "instructions": 92863076385,
                "branches": 19811304627,
                "branch-misses": 566305680,
                "max-rss": 2832856,
                "wall-time": 35.03999999999999
            },
            "Bullet": {
                "task-clock": 62905.91653700001,
                "context-switches": 5288,
                "cpu-migrations": 234,
                "page-faults": 497099,
                "cycles": 188792508368,
                "instructions": 139853529847,
                "branches": 29607714371,
                "branch-misses": 785328081,
                "max-rss": 7218800,
                "wall-time": 84.53000000000003
            },
            "tramp3d-v4": {
                "task-clock": 114104.59264799999,
                "context-switches": 3455,
                "cpu-migrations": 265,
                "page-faults": 128668,
                "cycles": 343143346621,
                "instructions": 291173549503,
                "branches": 63643521491,
                "branch-misses": 1359161170,
                "max-rss": 485484,
                "wall-time": 133.96
            },
            "mafft": {
                "task-clock": 21966.04887699999,
                "context-switches": 690,
                "cpu-migrations": 1,
                "page-faults": 110565,
                "cycles": 66552856652,
                "instructions": 58263186376,
                "branches": 12385473630,
                "branch-misses": 298282758,
                "max-rss": 1553056,
                "wall-time": 17.419999999999998
            },
            "ClamAV": {
                "task-clock": 52885.92991700002,
                "context-switches": 4201,
                "cpu-migrations": 275,
                "page-faults": 303234,
                "cycles": 159304311345,
                "instructions": 129445185860,
                "branches": 27656730167,
                "branch-misses": 815057619,
                "max-rss": 5216084,
                "wall-time": 56.70999999999997
            },
            "lencod": {
                "task-clock": 69810.749255,
                "context-switches": 4138,
                "cpu-migrations": 209,
                "page-faults": 228572,
                "cycles": 210092603156,
                "instructions": 194396239013,
                "branches": 40780033982,
                "branch-misses": 800588117,
                "max-rss": 3117984,
                "wall-time": 60.30000000000001
            },
            "SPASS": {
                "task-clock": 49661.580643999994,
                "context-switches": 3874,
                "cpu-migrations": 101,
                "page-faults": 175322,
                "cycles": 149686473882,
                "instructions": 117508930529,
                "branches": 25329559629,
                "branch-misses": 759738596,
                "max-rss": 2827316,
                "wall-time": 43.25
            },
            "7zip": {
                "task-clock": 148201.60178699996,
                "context-switches": 12585,
                "cpu-migrations": 329,
                "page-faults": 811858,
                "cycles": 445664341466,
                "instructions": 330607715282,
                "branches": 70803875343,
                "branch-misses": 2149694650,
                "max-rss": 12386816,
                "wall-time": 133.70999999999998
            },
            "geomean": {
                "task-clock": 57613.388036281875,
                "context-switches": 3297.0805975783314,
                "cpu-migrations": 106.63640041644103,
                "page-faults": 203202.83657335633,
                "cycles": 173654630774.50333,
                "instructions": 139943537083.11368,
                "branches": 29972766700.940647,
                "branch-misses": 786156566.7136418,
                "max-rss": 2252763.7620343515,
                "wall-time": 57.25187327194134
            }
        },
        "ReleaseLTO-g": {
            "kimwitu++": {
                "task-clock": 46309.310871,
                "context-switches": 1085,
                "cpu-migrations": 1,
                "page-faults": 205802,
                "cycles": 139790699776,
                "instructions": 97498331334,
                "branches": 21091731378,
                "branch-misses": 599432948,
                "max-rss": 1438788,
                "wall-time": 46.900000000000006
            },
            "sqlite3": {
                "task-clock": 63292.197261,
                "context-switches": 461,
                "cpu-migrations": 1,
                "page-faults": 108906,
                "cycles": 191768762676,
                "instructions": 151739068464,
                "branches": 32468304351,
                "branch-misses": 844885520,
                "max-rss": 499180,
                "wall-time": 63.49
            },
            "consumer-typeset": {
                "task-clock": 39166.13315499999,
                "context-switches": 1024,
                "cpu-migrations": 1,
                "page-faults": 216686,
                "cycles": 118940919920,
                "instructions": 95496752514,
                "branches": 20256927582,
                "branch-misses": 544017812,
                "max-rss": 2967404,
                "wall-time": 41.04000000000001
            },
            "Bullet": {
                "task-clock": 69909.417637,
                "context-switches": 3357,
                "cpu-migrations": 2,
                "page-faults": 562153,
                "cycles": 211010413895,
                "instructions": 157294716368,
                "branches": 33203359629,
                "branch-misses": 857743570,
                "max-rss": 7532428,
                "wall-time": 74.39999999999999
            },
            "tramp3d-v4": {
                "task-clock": 115899.08288999999,
                "context-switches": 616,
                "cpu-migrations": 1,
                "page-faults": 298621,
                "cycles": 349795154979,
                "instructions": 271209128197,
                "branches": 58700932519,
                "branch-misses": 1309379039,
                "max-rss": 1191172,
                "wall-time": 116.06
            },
            "mafft": {
                "task-clock": 22690.773180000004,
                "context-switches": 532,
                "cpu-migrations": 0,
                "page-faults": 126481,
                "cycles": 68816904942,
                "instructions": 68600507107,
                "branches": 14510234004,
                "branch-misses": 339192832,
                "max-rss": 1640864,
                "wall-time": 23.670000000000005
            },