{
    "config": 0,
    "clang_size": {
        "size-text": 70087336,
        "size-data": 2889384,
        "size-bss": 311720,
        "size-total": 73288440
    },
    "data": {
        "O0-g": {
            "kimwitu++": {
                "task-clock": 12114.52951,
                "context-switches": 596,
                "cpu-migrations": 1,
                "page-faults": 156093,
                "cycles": 40602687440,
                "instructions": 30068841956,
                "branches": 6248867189,
                "branch-misses": 158780763,
                "max-rss": 1213488,
                "wall-time": 12.710000000000003,
                "size-text": 1430110,
                "size-data": 31288,
                "size-bss": 12608,
                "size-total": 1474006
            },
            "sqlite3": {
                "task-clock": 2198.527016,
                "context-switches": 69,
                "cpu-migrations": 1,
                "page-faults": 32881,
                "cycles": 7389611749,
                "instructions": 6380768737,
                "branches": 1317332391,
                "branch-misses": 28248851,
                "max-rss": 223360,
                "wall-time": 2.33,
                "size-text": 534059,
                "size-data": 3280,
                "size-bss": 696,
                "size-total": 538035
            },
            "consumer-typeset": {
                "task-clock": 5064.644246999998,
                "context-switches": 484,
                "cpu-migrations": 13,
                "page-faults": 175124,
                "cycles": 16977010864,
                "instructions": 14990056628,
                "branches": 3040445529,
                "branch-misses": 57642842,
                "max-rss": 2756060,
                "wall-time": 7.04,
                "size-text": 1035501,
                "size-data": 7512,
                "size-bss": 65264,
                "size-total": 1108277
            },
            "Bullet": {
                "task-clock": 26259.770997,
                "context-switches": 2079,
                "cpu-migrations": 6,
                "page-faults": 529065,
                "cycles": 88136567007,
                "instructions": 71054045132,
                "branches": 14466690444,
                "branch-misses": 322566918,
                "max-rss": 7223492,
                "wall-time": 31.010000000000005,
                "size-text": 1232272,
                "size-data": 747920,
                "size-bss": 45552,
                "size-total": 2025744
            },
            "tramp3d-v4": {
                "task-clock": 11668.738178000001,
                "context-switches": 230,
                "cpu-migrations": 1,
                "page-faults": 128677,
                "cycles": 39316868677,
                "instructions": 28816336211,
                "branches": 6192818885,
                "branch-misses": 150844596,
                "max-rss": 512448,
                "wall-time": 11.76,
                "size-text": 1393987,
                "size-data": 1464,
                "size-bss": 2136,
                "size-total": 1397587
            },
            "mafft": {
                "task-clock": 2776.7080099999985,
                "context-switches": 276,
                "cpu-migrations": 5,
                "page-faults": 94686,
                "cycles": 9314405956,
                "instructions": 8199938309,
                "branches": 1664149466,
                "branch-misses": 32764469,
                "max-rss": 1478052,
                "wall-time": 3.900000000000001,
                "size-text": 449332,
                "size-data": 8941,
                "size-bss": 132727168,
                "size-total": 133185441
            },
            "ClamAV": {
                "task-clock": 6466.8683470000005,
                "context-switches": 725,
                "cpu-migrations": 19,
                "page-faults": 278046,
                "cycles": 21653081195,
                "instructions": 17439036186,
                "branches": 3516950823,
                "branch-misses": 78127516,
                "max-rss": 5011604,
                "wall-time": 10.299999999999999,
                "size-text": 889711,
                "size-data": 62788,
                "size-bss": 4768,
                "size-total": 957267
            },
            "lencod": {
                "task-clock": 5433.527259000001,
                "context-switches": 568,
                "cpu-migrations": 12,
                "page-faults": 187410,
                "cycles": 18210170639,
                "instructions": 15644379667,
                "branches": 3160938977,
                "branch-misses": 61497325,
                "max-rss": 2957848,
                "wall-time": 7.510000000000002,
                "size-text": 918941,
                "size-data": 16632,
                "size-bss": 109408,
                "size-total": 1044981
            },
            "SPASS": {
                "task-clock": 6765.121620999999,
                "context-switches": 618,
                "cpu-migrations": 6,
                "page-faults": 178016,
                "cycles": 22669364843,
                "instructions": 18409745559,
                "branches": 3805168593,
                "branch-misses": 85168136,
                "max-rss": 2727836,
                "wall-time": 8.740000000000002,
                "size-text": 917907,
                "size-data": 920,
                "size-bss": 358776,
                "size-total": 1277603
            },
            "7zip": {
                "task-clock": 33198.28691500002,
                "context-switches": 3041,
                "cpu-migrations": 12,
                "page-faults": 821613,
                "cycles": 111345278514,
                "instructions": 82018059667,
                "branches": 16875262894,
                "branch-misses": 416297967,
                "max-rss": 12120044,
                "wall-time": 41.46,
                "size-text": 1390888,
                "size-data": 7832,
                "size-bss": 29440,
                "size-total": 1428160
            },
            "geomean": {
                "task-clock": 7865.02214719202,
                "context-switches": 538.0372393875825,
                "cpu-migrations": 4.7932843700890615,
                "page-faults": 183865.63226903358,
                "cycles": 26386833214.262043,
                "instructions": 21373070772.62617,
                "branches": 4390854688.853435,
                "branch-misses": 96525896.66625391,
                "max-rss": 2138794.861217591,
                "wall-time": 9.816723794982693,
                "size-text": 955931.8434038078,
                "size-data": 11896.716642703963,
                "size-bss": 45815.70955039673,
                "size-total": 1897445.2512133552
            }
        }
    }
}