{
    "config": 0,
    "clang_size": {
        "size-text": 65548090,
        "size-data": 2702800,
        "size-bss": 248464,
        "size-total": 68499354
    },
    "data": {
        "ReleaseThinLTO": {
            "kimwitu++": {
                "task-clock": 30951.578338999996,
                "context-switches": 1680,
                "cpu-migrations": 80,
                "page-faults": 159574,
                "cycles": 104108976954,
                "instructions": 89659511846,
                "branches": 19389282866,
                "branch-misses": 487081416,
                "max-rss": 1133404,
                "wall-time": 28.64,
                "size-text": 791812,
                "size-data": 25992,
                "size-bss": 12560,
                "size-total": 830364
            },
            "sqlite3": {
                "task-clock": 46064.633748,
                "context-switches": 2112,
                "cpu-migrations": 106,
                "page-faults": 62537,
                "cycles": 155128649241,
                "instructions": 141033838700,
                "branches": 30487937180,
                "branch-misses": 762005978,
                "max-rss": 305444,
                "wall-time": 56.269999999999996,
                "size-text": 811322,
                "size-data": 3095,
                "size-bss": 624,
                "size-total": 815041
            },
            "consumer-typeset": {
                "task-clock": 29025.520008999996,
                "context-switches": 2198,
                "cpu-migrations": 111,
                "page-faults": 238571,
                "cycles": 97699349318,
                "instructions": 91004833832,
                "branches": 19416789737,
                "branch-misses": 520989382,
                "max-rss": 2629964,
                "wall-time": 26.90000000000001,
                "size-text": 687618,
                "size-data": 3768,
                "size-bss": 65200,
                "size-total": 756586
            },
            "Bullet": {
                "task-clock": 46657.274823,
                "context-switches": 4677,
                "cpu-migrations": 261,
                "page-faults": 619501,
                "cycles": 156854570606,
                "instructions": 137337993012,
                "branches": 28981171945,
                "branch-misses": 686450761,
                "max-rss": 6666500,
                "wall-time": 65.3,
                "size-text": 400596,
                "size-data": 403704,
                "size-bss": 43328,
                "size-total": 847628
            },
            "tramp3d-v4": {
                "task-clock": 89516.092085,
                "context-switches": 2331,
                "cpu-migrations": 114,
                "page-faults": 127033,
                "cycles": 301620400615,
                "instructions": 289468777107,
                "branches": 63509276168,
                "branch-misses": 1249742808,
                "max-rss": 475532,
                "wall-time": 103.86999999999999,
                "size-text": 901866,
                "size-data": 1800,
                "size-bss": 1848,
                "size-total": 905514
            },
            "mafft": {
                "task-clock": 17406.801518,
                "context-switches": 767,
                "cpu-migrations": 29,
                "page-faults": 136466,
                "cycles": 58598312094,
                "instructions": 58168458076,
                "branches": 12372851832,
                "branch-misses": 284953676,
                "max-rss": 1437824,
                "wall-time": 14.180000000000001,
                "size-text": 280825,
                "size-data": 3052,
                "size-bss": 14911040,
                "size-total": 15194917
            },
            "ClamAV": {
                "task-clock": 40691.727549,
                "context-switches": 3696,
                "cpu-migrations": 274,
                "page-faults": 402314,
                "cycles": 136822077930,
                "instructions": 127117294360,
                "branches": 27198441005,
                "branch-misses": 751504415,
                "max-rss": 4827752,
                "wall-time": 44.360000000000014,
                "size-text": 793997,
                "size-data": 52872,
                "size-bss": 4752,
                "size-total": 851621
            },
            "lencod": {
                "task-clock": 56140.877646999994,
                "context-switches": 3918,
                "cpu-migrations": 168,
                "page-faults": 280254,
                "cycles": 189053518028,
                "instructions": 196855272188,
                "branches": 41490489562,
                "branch-misses": 757085686,
                "max-rss": 2885388,
                "wall-time": 49.459999999999994,
                "size-text": 969283,
                "size-data": 2144,
                "size-bss": 106176,
                "size-total": 1077603
            },
            "SPASS": {
                "task-clock": 37249.406318,
                "context-switches": 3566,
                "cpu-migrations": 115,
                "page-faults": 226374,
                "cycles": 125257328146,
                "instructions": 113618031734,
                "branches": 24492666663,
                "branch-misses": 687874605,
                "max-rss": 2623100,
                "wall-time": 32.989999999999995,
                "size-text": 625776,
                "size-data": 872,
                "size-bss": 346536,
                "size-total": 973184
            },
            "7zip": {
                "task-clock": 110169.29736100003,
                "context-switches": 11305,
                "cpu-migrations": 461,
                "page-faults": 1029336,
                "cycles": 370386174195,
                "instructions": 323555300037,
                "branches": 69224206468,
                "branch-misses": 1910607886,
                "max-rss": 11474968,
                "wall-time": 101.02000000000001,
                "size-text": 1462153,
                "size-data": 4176,
                "size-bss": 29280,
                "size-total": 1495609
            },
            "geomean": {
                "task-clock": 44160.45254569222,
                "context-switches": 2871.166770756223,
                "cpu-migrations": 134.80688694846808,
                "page-faults": 241390.43240149305,
                "cycles": 148597454993.25046,
                "instructions": 137683266298.72302,
                "branches": 29505819154.968307,
                "branch-misses": 715871466.6103642,
                "max-rss": 2108902.495251492,
                "wall-time": 44.505297470270776,
                "size-text": 707803.6761335373,
                "size-data": 6987.56535283568,
                "size-bss": 35437.433332268796,
                "size-total": 1230785.368956444
            }
        },
        "O3": {
            "kimwitu++": {
                "task-clock": 23528.793749,
                "context-switches": 847,
                "cpu-migrations": 15,
                "page-faults": 155157,
                "cycles": 79213535420,
                "instructions": 63963580580,
                "branches": 13763262769,
                "branch-misses": 389007346,
                "max-rss": 1163784,
                "wall-time": 24.109999999999992,
                "size-text": 809721,
                "size-data": 31168,
                "size-bss": 12592,
                "size-total": 853481
            },
            "sqlite3": {
                "task-clock": 32069.438923,
                "context-switches": 184,
                "cpu-migrations": 6,
                "page-faults": 42253,
                "cycles": 107998417177,
                "instructions": 93351083711,
                "branches": 20026821211,
                "branch-misses": 552020401,