{
    "config": 0,
    "clang_size": {
        "size-text": 66883075,
        "size-data": 2785656,
        "size-bss": 284144,
        "size-total": 69952875
    },
    "data": {
        "ReleaseThinLTO": {
            "kimwitu++": {
                "task-clock": 31915.416946999998,
                "context-switches": 1819,
                "cpu-migrations": 62,
                "page-faults": 161344,
                "cycles": 107460150292,
                "instructions": 92241509798,
                "branches": 19911154434,
                "branch-misses": 506175200,
                "max-rss": 1153468,
                "wall-time": 29.459999999999994,
                "size-text": 787080,
                "size-data": 25960,
                "size-bss": 12560,
                "size-total": 825600
            },
            "sqlite3": {
                "task-clock": 48220.142621000006,
                "context-switches": 2262,
                "cpu-migrations": 121,
                "page-faults": 62776,
                "cycles": 162320202843,
                "instructions": 145054061069,
                "branches": 31250314791,
                "branch-misses": 787580706,
                "max-rss": 307140,
                "wall-time": 58.72,
                "size-text": 781474,
                "size-data": 3095,
                "size-bss": 624,
                "size-total": 785193
            },
            "consumer-typeset": {
                "task-clock": 30289.884143999992,
                "context-switches": 2361,
                "cpu-migrations": 129,
                "page-faults": 243998,
                "cycles": 101931289807,
                "instructions": 93755785950,
                "branches": 19935483781,
                "branch-misses": 537241638,
                "max-rss": 2678984,
                "wall-time": 28.3,
                "size-text": 677634,
                "size-data": 3768,
                "size-bss": 65200,
                "size-total": 746602
            },
            "Bullet": {
                "task-clock": 47646.68557899998,
                "context-switches": 4541,
                "cpu-migrations": 292,
                "page-faults": 627508,
                "cycles": 160193057344,
                "instructions": 139621059230,
                "branches": 29443352091,
                "branch-misses": 701511096,
                "max-rss": 6801752,
                "wall-time": 65.98,
                "size-text": 393144,
                "size-data": 403696,
                "size-bss": 43328,
                "size-total": 840168
            },
            "tramp3d-v4": {
                "task-clock": 91805.219594,
                "context-switches": 2678,
                "cpu-migrations": 184,
                "page-faults": 123183,
                "cycles": 309043476856,
                "instructions": 294560616922,
                "branches": 64451983335,
                "branch-misses": 1289907450,
                "max-rss": 479188,
                "wall-time": 108.5,
                "size-text": 885858,
                "size-data": 1800,
                "size-bss": 1848,
                "size-total": 889506
            },
            "mafft": {
                "task-clock": 17925.107614,
                "context-switches": 853,
                "cpu-migrations": 31,
                "page-faults": 139546,
                "cycles": 60328568036,
                "instructions": 59279215869,
                "branches": 12591590597,
                "branch-misses": 292001804,
                "max-rss": 1468664,
                "wall-time": 14.530000000000003,
                "size-text": 275169,
                "size-data": 3052,
                "size-bss": 14911040,
                "size-total": 15189261
            },
            "ClamAV": {
                "task-clock": 42512.60050300003,
                "context-switches": 3576,
                "cpu-migrations": 263,
                "page-faults": 414834,
                "cycles": 142779001951,
                "instructions": 131532625541,
                "branches": 28037866485,
                "branch-misses": 776407515,
                "max-rss": 4935280,
                "wall-time": 45.15000000000001,
                "size-text": 774253,
                "size-data": 52872,
                "size-bss": 4752,
                "size-total": 831877
            },
            "lencod": {
                "task-clock": 56620.671452,
                "context-switches": 3670,
                "cpu-migrations": 214,
                "page-faults": 283979,
                "cycles": 190610885136,
                "instructions": 197619404648,
                "branches": 41597364492,
                "branch-misses": 773559309,
                "max-rss": 2938952,
                "wall-time": 48.980000000000004,
                "size-text": 958131,
                "size-data": 2144,
                "size-bss": 106176,
                "size-total": 1066451
            },
            "SPASS": {
                "task-clock": 38068.850899000005,
                "context-switches": 3521,
                "cpu-migrations": 111,
                "page-faults": 231867,
                "cycles": 128035870954,
                "instructions": 116224783691,
                "branches": 24978395419,
                "branch-misses": 700319172,
                "max-rss": 2680832,
                "wall-time": 33.6,
                "size-text": 607600,
                "size-data": 872,
                "size-bss": 346536,
                "size-total": 955008
            },
            "7zip": {
                "task-clock": 113395.54903200004,
                "context-switches": 12046,
                "cpu-migrations": 479,
                "page-faults": 1049211,
                "cycles": 381217767123,
                "instructions": 333478202224,
                "branches": 71175639146,
                "branch-misses": 1979805548,
                "max-rss": 11698704,
                "wall-time": 103.86000000000001,
                "size-text": 1436409,
                "size-data": 4160,
                "size-bss": 29280,
                "size-total": 1469849
            },
            "geomean": {
                "task-clock": 45494.05966995515,
                "context-switches": 2984.6298975587392,
                "cpu-migrations": 147.34510590188987,
                "page-faults": 244516.54518512424,
                "cycles": 153053429777.99277,
                "instructions": 140887080848.31616,
                "branches": 30120268854.9643,
                "branch-misses": 736757579.8701797,
                "max-rss": 2145493.9135326277,
                "wall-time": 45.64967626374488,
                "size-text": 693848.660065021,
                "size-data": 6984.009238215472,
                "size-bss": 35437.433332268796,
                "size-total": 1212039.2022614183
            }
        },
        "O3": {
            "kimwitu++": {
                "task-clock": 24272.179614999994,
                "context-switches": 901,
                "cpu-migrations": 15,
                "page-faults": 155780,
                "cycles": 81735264261,
                "instructions": 66160593342,
                "branches": 14215192402,
                "branch-misses": 405413422,
                "max-rss": 1181592,
                "wall-time": 24.919999999999995,
                "size-text": 805325,
                "size-data": 31168,
                "size-bss": 12592,
                "size-total": 849085
            },
            "sqlite3": {
                "task-clock": 32607.330795,
                "context-switches": 155,
                "cpu-migrations": 2,
                "page-faults": 42270,
                "cycles": 109931703391,
                "instructions": 95853173049,
                "branches": 20509424928,
                "branch-misses": 566881592,
                "max-rss": 249216,