{
    "config": 0,
    "clang_size": {
        "size-text": 65550602,
        "size-data": 2702800,
        "size-bss": 248464,
        "size-total": 68501866
    },
    "data": {
        "ReleaseThinLTO": {
            "kimwitu++": {
                "task-clock": 30663.173843,
                "context-switches": 1544,
                "cpu-migrations": 64,
                "page-faults": 159065,
                "cycles": 103226805084,
                "instructions": 89674738973,
                "branches": 19395318353,
                "branch-misses": 489700382,
                "max-rss": 1137692,
                "wall-time": 28.389999999999997,
                "size-text": 791812,
                "size-data": 25992,
                "size-bss": 12560,
                "size-total": 830364
            },
            "sqlite3": {
                "task-clock": 45875.096141999995,
                "context-switches": 1980,
                "cpu-migrations": 109,
                "page-faults": 62774,
                "cycles": 154520065092,
                "instructions": 140783242052,
                "branches": 30427013748,
                "branch-misses": 762314597,
                "max-rss": 306160,
                "wall-time": 55.6,
                "size-text": 811322,
                "size-data": 3095,
                "size-bss": 624,
                "size-total": 815041
            },
            "consumer-typeset": {
                "task-clock": 29082.128417000007,
                "context-switches": 2239,
                "cpu-migrations": 164,
                "page-faults": 239444,
                "cycles": 97906814691,
                "instructions": 91005940535,
                "branches": 19417169059,
                "branch-misses": 521914336,
                "max-rss": 2636772,
                "wall-time": 27.25,
                "size-text": 687618,
                "size-data": 3768,
                "size-bss": 65200,
                "size-total": 756586
            },
            "Bullet": {
                "task-clock": 46417.25945000001,
                "context-switches": 4718,
                "cpu-migrations": 250,
                "page-faults": 619311,
                "cycles": 156081033471,
                "instructions": 137420630760,
                "branches": 28998352135,
                "branch-misses": 687784045,
                "max-rss": 6674252,
                "wall-time": 64.88,
                "size-text": 400596,
                "size-data": 403704,
                "size-bss": 43328,
                "size-total": 847628
            },
            "tramp3d-v4": {
                "task-clock": 89374.451695,
                "context-switches": 2506,
                "cpu-migrations": 104,
                "page-faults": 127237,
                "cycles": 300956711623,
                "instructions": 289325379344,
                "branches": 63475304850,
                "branch-misses": 1258127720,
                "max-rss": 475440,
                "wall-time": 104.22,
                "size-text": 901866,
                "size-data": 1800,
                "size-bss": 1848,
                "size-total": 905514
            },
            "mafft": {
                "task-clock": 17306.228761,
                "context-switches": 698,
                "cpu-migrations": 31,
                "page-faults": 136148,
                "cycles": 58297501326,
                "instructions": 58151262455,
                "branches": 12368584793,
                "branch-misses": 283984776,
                "max-rss": 1443368,
                "wall-time": 14.050000000000004,
                "size-text": 280825,
                "size-data": 3052,
                "size-bss": 14911040,
                "size-total": 15194917
            },
            "ClamAV": {
                "task-clock": 40617.68031699999,
                "context-switches": 3463,
                "cpu-migrations": 229,
                "page-faults": 402870,
                "cycles": 136722307444,
                "instructions": 127034462982,
                "branches": 27178007116,
                "branch-misses": 751360965,
                "max-rss": 4826472,
                "wall-time": 44.499999999999986,
                "size-text": 793997,
                "size-data": 52872,
                "size-bss": 4752,
                "size-total": 851621
            },
            "lencod": {
                "task-clock": 56027.178511000006,
                "context-switches": 3596,
                "cpu-migrations": 195,
                "page-faults": 279415,
                "cycles": 188689031936,
                "instructions": 196848597911,
                "branches": 41488244736,
                "branch-misses": 757486070,
                "max-rss": 2879904,
                "wall-time": 48.89,
                "size-text": 969283,
                "size-data": 2144,
                "size-bss": 106176,
                "size-total": 1077603
            },
            "SPASS": {
                "task-clock": 37151.787233,
                "context-switches": 3522,
                "cpu-migrations": 115,
                "page-faults": 227046,
                "cycles": 124931416706,
                "instructions": 113659651700,
                "branches": 24501768593,
                "branch-misses": 686284745,
                "max-rss": 2625844,
                "wall-time": 32.78,
                "size-text": 625776,
                "size-data": 872,
                "size-bss": 346536,
                "size-total": 973184
            },
            "7zip": {
                "task-clock": 109913.11107599997,
                "context-switches": 11125,
                "cpu-migrations": 482,
                "page-faults": 1029533,
                "cycles": 369591400578,
                "instructions": 323598587045,
                "branches": 69233252883,
                "branch-misses": 1916313112,
                "max-rss": 11500324,
                "wall-time": 100.81,
                "size-text": 1462153,
                "size-data": 4176,
                "size-bss": 29280,
                "size-total": 1495609
            },
            "geomean": {
                "task-clock": 44015.523218539136,
                "context-switches": 2779.91972540524,
                "cpu-migrations": 136.72251336545924,
                "page-faults": 241504.96545171883,
                "cycles": 148151957945.7332,
                "instructions": 137656120592.94467,
                "branches": 29499150668.922623,
                "branch-misses": 716857756.5663733,
                "max-rss": 2111984.8188388813,
                "wall-time": 44.340823411117235,
                "size-text": 707803.6761335373,
                "size-data": 6987.56535283568,
                "size-bss": 35437.433332268796,
                "size-total": 1230785.368956444
            }
        },
        "O3": {
            "kimwitu++": {
                "task-clock": 23468.679129,
                "context-switches": 737,
                "cpu-migrations": 15,
                "page-faults": 154117,
                "cycles": 79040811759,
                "instructions": 64050295816,
                "branches": 13779122373,
                "branch-misses": 389894436,
                "max-rss": 1165356,
                "wall-time": 24.069999999999997,
                "size-text": 809721,
                "size-data": 31168,
                "size-bss": 12592,
                "size-total": 853481
            },
            "sqlite3": {
                "task-clock": 32147.081152,
                "context-switches": 238,
                "cpu-migrations": 2,
                "page-faults": 42321,
                "cycles": 108341149390,
                "instructions": 93281525628,
                "branches": 20010327460,
                "branch-misses": 550623706,
                "max-rss": 248152,
                "wall-time": 32.28,