{
    "config": 0,
    "clang_size": {
        "size-text": 68508006,
        "size-data": 2842408,
        "size-bss": 290408,
        "size-total": 71640822
    },
    "data": {
        "ReleaseThinLTO": {
            "kimwitu++": {
                "task-clock": 31439.072756999998,
                "context-switches": 1560,
                "cpu-migrations": 56,
                "page-faults": 144021,
                "cycles": 105923272023,
                "instructions": 91925240954,
                "branches": 19999441665,
                "branch-misses": 507120677,
                "max-rss": 1172048,
                "wall-time": 28.709999999999997,
                "size-text": 786980,
                "size-data": 25960,
                "size-bss": 12560,
                "size-total": 825500
            },
            "sqlite3": {
                "task-clock": 46606.062687,
                "context-switches": 1921,
                "cpu-migrations": 128,
                "page-faults": 59617,
                "cycles": 156752600950,
                "instructions": 144240217042,
                "branches": 31056283859,
                "branch-misses": 766522057,
                "max-rss": 307664,
                "wall-time": 56.78,
                "size-text": 780826,
                "size-data": 3095,
                "size-bss": 624,
                "size-total": 784545
            },
            "consumer-typeset": {
                "task-clock": 29590.468596000006,
                "context-switches": 2154,
                "cpu-migrations": 108,
                "page-faults": 182206,
                "cycles": 99625719390,
                "instructions": 93195756885,
                "branches": 19872052997,
                "branch-misses": 526389231,
                "max-rss": 2742332,
                "wall-time": 27.679999999999996,
                "size-text": 667954,
                "size-data": 3768,
                "size-bss": 65200,
                "size-total": 736922
            },
            "Bullet": {
                "task-clock": 47012.74351,
                "context-switches": 4370,
                "cpu-migrations": 212,
                "page-faults": 483683,
                "cycles": 158122657368,
                "instructions": 140360918254,
                "branches": 29774367077,
                "branch-misses": 699637228,
                "max-rss": 6973104,
                "wall-time": 65.09,
                "size-text": 394152,
                "size-data": 403696,
                "size-bss": 43328,
                "size-total": 841176
            },
            "tramp3d-v4": {
                "task-clock": 90260.38748,
                "context-switches": 2929,
                "cpu-migrations": 244,
                "page-faults": 125752,
                "cycles": 304063592376,
                "instructions": 296041464861,
                "branches": 64784312707,
                "branch-misses": 1266810927,
                "max-rss": 480340,
                "wall-time": 108.3,
                "size-text": 885402,
                "size-data": 1800,
                "size-bss": 1848,
                "size-total": 889050
            },
            "mafft": {
                "task-clock": 17744.166555999996,
                "context-switches": 610,
                "cpu-migrations": 0,
                "page-faults": 106938,
                "cycles": 59781427815,
                "instructions": 59844918365,
                "branches": 12714187482,
                "branch-misses": 287070806,
                "max-rss": 1504340,
                "wall-time": 14.310000000000002,
                "size-text": 275609,
                "size-data": 3052,
                "size-bss": 14911040,
                "size-total": 15189701
            },
            "ClamAV": {
                "task-clock": 41070.03726099999,
                "context-switches": 3070,
                "cpu-migrations": 204,
                "page-faults": 292599,
                "cycles": 138233652837,
                "instructions": 130022936825,
                "branches": 27761159498,
                "branch-misses": 759732134,
                "max-rss": 5052084,
                "wall-time": 43.20000000000002,
                "size-text": 773613,
                "size-data": 52872,
                "size-bss": 4752,
                "size-total": 831237
            },
            "lencod": {
                "task-clock": 57309.92106000001,
                "context-switches": 3536,
                "cpu-migrations": 121,
                "page-faults": 223607,
                "cycles": 192986621504,
                "instructions": 202175098965,
                "branches": 42398312290,
                "branch-misses": 763068112,
                "max-rss": 3019244,
                "wall-time": 48.92,
                "size-text": 957979,
                "size-data": 2144,
                "size-bss": 106176,
                "size-total": 1066299
            },
            "SPASS": {
                "task-clock": 37783.97644,
                "context-switches": 3193,
                "cpu-migrations": 70,
                "page-faults": 171146,
                "cycles": 127105775123,
                "instructions": 116664278742,
                "branches": 25186478051,
                "branch-misses": 695044700,
                "max-rss": 2733744,
                "wall-time": 33.50000000000001,
                "size-text": 608440,
                "size-data": 872,
                "size-bss": 346536,
                "size-total": 955848
            },
            "7zip": {
                "task-clock": 110695.91368,
                "context-switches": 10157,
                "cpu-migrations": 284,
                "page-faults": 793805,
                "cycles": 372257505512,
                "instructions": 329405742094,
                "branches": 70591233162,
                "branch-misses": 1937955607,
                "max-rss": 12005808,
                "wall-time": 100.91999999999999,
                "size-text": 1433841,
                "size-data": 4160,
                "size-bss": 29280,
                "size-total": 1467281
            },
            "geomean": {
                "task-clock": 44740.6875643605,
                "context-switches": 2660.1390030087828,
                "cpu-migrations": 0,
                "page-faults": 197533.39190834097,
                "cycles": 150600084588.73254,
                "instructions": 140992496647.5945,
                "branches": 30211448503.936813,
                "branch-misses": 725955010.7212698,
                "max-rss": 2186241.340403439,
                "wall-time": 44.79369898961814,
                "size-text": 692940.6905911259,
                "size-data": 6984.009238215472,
                "size-bss": 35437.433332268796,
                "size-total": 1210214.8400807409
            }
        },
        "O3": {
            "kimwitu++": {
                "task-clock": 24395.148416999997,
                "context-switches": 848,
                "cpu-migrations": 1,
                "page-faults": 139983,
                "cycles": 82104270357,
                "instructions": 66619358948,
                "branches": 14437037826,
                "branch-misses": 411562408,
                "max-rss": 1202256,
                "wall-time": 25.029999999999998,
                "size-text": 805309,
                "size-data": 31168,
                "size-bss": 12592,
                "size-total": 849069
            },
            "sqlite3": {
                "task-clock": 32423.372675000002,
                "context-switches": 236,
                "cpu-migrations": 1,
                "page-faults": 39345,
                "cycles": 109263783587,
                "instructions": 96381431968,
                "branches": 20614665657,
                "branch-misses": 561358721,
                "max-rss": 250400,