{
    "config": 0,
    "clang_size": {
        "size-text": 66874800,
        "size-data": 2785592,
        "size-bss": 284144,
        "size-total": 69944536
    },
    "data": {
        "ReleaseThinLTO": {
            "kimwitu++": {
                "task-clock": 31822.4779,
                "context-switches": 1980,
                "cpu-migrations": 145,
                "page-faults": 161466,
                "cycles": 106358401061,
                "instructions": 92182199129,
                "branches": 19898370684,
                "branch-misses": 506609103,
                "max-rss": 1151568,
                "wall-time": 29.769999999999992,
                "size-text": 787080,
                "size-data": 25960,
                "size-bss": 12560,
                "size-total": 825600
            },
            "sqlite3": {
                "task-clock": 47578.621059,
                "context-switches": 2701,
                "cpu-migrations": 103,
                "page-faults": 62803,
                "cycles": 159573424030,
                "instructions": 145139877577,
                "branches": 31266835136,
                "branch-misses": 791937057,
                "max-rss": 307736,
                "wall-time": 58.18000000000001,
                "size-text": 781474,
                "size-data": 3095,
                "size-bss": 624,
                "size-total": 785193
            },
            "consumer-typeset": {
                "task-clock": 29980.66385100002,
                "context-switches": 2197,
                "cpu-migrations": 116,
                "page-faults": 243686,
                "cycles": 100465422293,
                "instructions": 93776201943,
                "branches": 19938291963,
                "branch-misses": 538970611,
                "max-rss": 2685360,
                "wall-time": 27.65000000000001,
                "size-text": 677634,
                "size-data": 3768,
                "size-bss": 65200,
                "size-total": 746602
            },
            "Bullet": {
                "task-clock": 47469.85613899999,
                "context-switches": 4618,
                "cpu-migrations": 201,
                "page-faults": 628607,
                "cycles": 158987607526,
                "instructions": 139575160880,
                "branches": 29433033871,
                "branch-misses": 701935597,
                "max-rss": 6804592,
                "wall-time": 64.66999999999999,
                "size-text": 393144,
                "size-data": 403696,
                "size-bss": 43328,
                "size-total": 840168
            },
            "tramp3d-v4": {
                "task-clock": 91364.25797199999,
                "context-switches": 2387,
                "cpu-migrations": 137,
                "page-faults": 127433,
                "cycles": 306484618035,
                "instructions": 294439364485,
                "branches": 64420513838,
                "branch-misses": 1282027603,
                "max-rss": 478532,
                "wall-time": 106.25,
                "size-text": 885858,
                "size-data": 1800,
                "size-bss": 1848,
                "size-total": 889506
            },
            "mafft": {
                "task-clock": 17992.157402000004,
                "context-switches": 741,
                "cpu-migrations": 31,
                "page-faults": 139319,
                "cycles": 60043776578,
                "instructions": 59277601481,
                "branches": 12590166935,
                "branch-misses": 293760204,
                "max-rss": 1466744,
                "wall-time": 14.610000000000003,
                "size-text": 275169,
                "size-data": 3052,
                "size-bss": 14911040,
                "size-total": 15189261
            },
            "ClamAV": {
                "task-clock": 42331.29103700001,
                "context-switches": 3751,
                "cpu-migrations": 202,
                "page-faults": 415472,
                "cycles": 141562437974,
                "instructions": 131516490146,
                "branches": 28030946588,
                "branch-misses": 777973722,
                "max-rss": 4933740,
                "wall-time": 45.79000000000001,
                "size-text": 774253,
                "size-data": 52872,
                "size-bss": 4752,
                "size-total": 831877
            },
            "lencod": {
                "task-clock": 57166.78141000001,
                "context-switches": 3814,
                "cpu-migrations": 247,
                "page-faults": 283141,
                "cycles": 190475010215,
                "instructions": 197613089780,
                "branches": 41592307441,
                "branch-misses": 774880282,
                "max-rss": 2937108,
                "wall-time": 50.39,
                "size-text": 958131,
                "size-data": 2144,
                "size-bss": 106176,
                "size-total": 1066451
            },
            "SPASS": {
                "task-clock": 38191.175224000006,
                "context-switches": 3568,
                "cpu-migrations": 134,
                "page-faults": 231165,
                "cycles": 127578561140,
                "instructions": 116259915183,
                "branches": 24982747131,
                "branch-misses": 705248412,
                "max-rss": 2677076,
                "wall-time": 33.900000000000006,
                "size-text": 607600,
                "size-data": 872,
                "size-bss": 346536,
                "size-total": 955008
            },
            "7zip": {
                "task-clock": 114075.02024700001,
                "context-switches": 12223,
                "cpu-migrations": 507,
                "page-faults": 1050354,
                "cycles": 381832666431,
                "instructions": 333452575535,
                "branches": 71166787418,
                "branch-misses": 1987251820,
                "max-rss": 11717152,
                "wall-time": 105.44,
                "size-text": 1436409,
                "size-data": 4160,
                "size-bss": 29280,
                "size-total": 1469849
            },
            "geomean": {
                "task-clock": 45417.40757787139,
                "context-switches": 3004.190578091035,
                "cpu-migrations": 147.91433369140623,
                "page-faults": 245265.56721832522,
                "cycles": 151929663307.88736,
                "instructions": 140879599539.02527,
                "branches": 30116523853.23916,
                "branch-misses": 738569025.6774821,
                "max-rss": 2145416.786313772,
                "wall-time": 45.69040209130982,
                "size-text": 693848.660065021,
                "size-data": 6984.009238215472,
                "size-bss": 35437.433332268796,
                "size-total": 1212039.2022614183
            }
        },
        "O3": {
            "kimwitu++": {
                "task-clock": 24584.255490999996,
                "context-switches": 855,
                "cpu-migrations": 15,
                "page-faults": 156984,
                "cycles": 82217075221,
                "instructions": 66162208856,
                "branches": 14216913358,
                "branch-misses": 407560801,
                "max-rss": 1181092,
                "wall-time": 25.2,
                "size-text": 805325,
                "size-data": 31168,
                "size-bss": 12592,
                "size-total": 849085
            },
            "sqlite3": {
                "task-clock": 33093.431322,
                "context-switches": 274,
                "cpu-migrations": 2,
                "page-faults": 42346,
                "cycles": 111503179674,
                "instructions": 95874687157,
                "branches": 20512713710,
                "branch-misses": 568961871,
                "max-rss": 249464,