{
    "config": 0,
    "clang_size": {
        "size-text": 68535302,
        "size-data": 2842408,
        "size-bss": 290408,
        "size-total": 71668118
    },
    "data": {
        "ReleaseThinLTO": {
            "kimwitu++": {
                "task-clock": 31389.323494000004,
                "context-switches": 1851,
                "cpu-migrations": 70,
                "page-faults": 142966,
                "cycles": 105725888426,
                "instructions": 91916808342,
                "branches": 19996770177,
                "branch-misses": 505713009,
                "max-rss": 1169024,
                "wall-time": 29.65,
                "size-text": 786980,
                "size-data": 25960,
                "size-bss": 12560,
                "size-total": 825500
            },
            "sqlite3": {
                "task-clock": 46827.905681000004,
                "context-switches": 2471,
                "cpu-migrations": 121,
                "page-faults": 59876,
                "cycles": 156044731167,
                "instructions": 144250940118,
                "branches": 31059572102,
                "branch-misses": 766923428,
                "max-rss": 307912,
                "wall-time": 57.78,
                "size-text": 780826,
                "size-data": 3095,
                "size-bss": 624,
                "size-total": 784545
            },
            "consumer-typeset": {
                "task-clock": 29799.434069000006,
                "context-switches": 2159,
                "cpu-migrations": 67,
                "page-faults": 182841,
                "cycles": 99298753270,
                "instructions": 93194927813,
                "branches": 19871545780,
                "branch-misses": 524836402,
                "max-rss": 2738272,
                "wall-time": 27.76,
                "size-text": 667954,
                "size-data": 3768,
                "size-bss": 65200,
                "size-total": 736922
            },
            "Bullet": {
                "task-clock": 47075.69671000001,
                "context-switches": 4601,
                "cpu-migrations": 172,
                "page-faults": 484433,
                "cycles": 158360959767,
                "instructions": 140366928482,
                "branches": 29774523880,
                "branch-misses": 700288939,
                "max-rss": 6966868,
                "wall-time": 65.86999999999999,
                "size-text": 394152,
                "size-data": 403696,
                "size-bss": 43328,
                "size-total": 841176
            },
            "tramp3d-v4": {
                "task-clock": 90512.639397,
                "context-switches": 2763,
                "cpu-migrations": 142,
                "page-faults": 123981,
                "cycles": 303656162962,
                "instructions": 296054708095,
                "branches": 64790222577,
                "branch-misses": 1268963521,
                "max-rss": 478772,
                "wall-time": 106.65,
                "size-text": 885402,
                "size-data": 1800,
                "size-bss": 1848,
                "size-total": 889050
            },
            "mafft": {
                "task-clock": 18023.931284000002,
                "context-switches": 724,
                "cpu-migrations": 4,
                "page-faults": 107010,
                "cycles": 60172297318,
                "instructions": 59832316340,
                "branches": 12711060729,
                "branch-misses": 289653725,
                "max-rss": 1504200,
                "wall-time": 14.610000000000001,
                "size-text": 275609,
                "size-data": 3052,
                "size-bss": 14911040,
                "size-total": 15189701
            },
            "ClamAV": {
                "task-clock": 41376.913579999986,
                "context-switches": 3274,
                "cpu-migrations": 111,
                "page-faults": 292292,
                "cycles": 137951493217,
                "instructions": 130003744267,
                "branches": 27758965945,
                "branch-misses": 761384414,
                "max-rss": 5053728,
                "wall-time": 44.70000000000003,
                "size-text": 773613,
                "size-data": 52872,
                "size-bss": 4752,
                "size-total": 831237
            },
            "lencod": {
                "task-clock": 57448.797169,
                "context-switches": 3741,
                "cpu-migrations": 166,
                "page-faults": 223039,
                "cycles": 192704475517,
                "instructions": 202132105290,
                "branches": 42391916936,
                "branch-misses": 768681906,
                "max-rss": 3014652,
                "wall-time": 50.41,
                "size-text": 957979,
                "size-data": 2144,
                "size-bss": 106176,
                "size-total": 1066299
            },
            "SPASS": {
                "task-clock": 37927.072235,
                "context-switches": 3301,
                "cpu-migrations": 81,
                "page-faults": 169963,
                "cycles": 127205629322,
                "instructions": 116640258966,
                "branches": 25182354611,
                "branch-misses": 696138937,
                "max-rss": 2733744,
                "wall-time": 33.78,
                "size-text": 608440,
                "size-data": 872,
                "size-bss": 346536,
                "size-total": 955848
            },
            "7zip": {
                "task-clock": 110702.13178,
                "context-switches": 10590,
                "cpu-migrations": 261,
                "page-faults": 794577,
                "cycles": 372359380177,
                "instructions": 329419358484,
                "branches": 70595018709,
                "branch-misses": 1939393982,
                "max-rss": 11992928,
                "wall-time": 101.28000000000002,
                "size-text": 1433841,
                "size-data": 4160,
                "size-bss": 29280,
                "size-total": 1467281
            },
            "geomean": {
                "task-clock": 44936.521924016066,
                "context-switches": 2877.472195804001,
                "cpu-migrations": 85.79049207901284,
                "page-faults": 197117.8923565781,
                "cycles": 150518121738.14542,
                "instructions": 140982991048.9114,
                "branches": 30209809027.447918,
                "branch-misses": 727276946.2826563,
                "max-rss": 2184102.74997175,
                "wall-time": 45.45197922110005,
                "size-text": 692940.6905911259,
                "size-data": 6984.009238215472,
                "size-bss": 35437.433332268796,
                "size-total": 1210214.8400807409
            }
        },
        "O3": {
            "kimwitu++": {
                "task-clock": 24735.124275000002,
                "context-switches": 788,
                "cpu-migrations": 1,
                "page-faults": 139122,
                "cycles": 82143548552,
                "instructions": 66581397451,
                "branches": 14430023375,
                "branch-misses": 411585289,
                "max-rss": 1203160,
                "wall-time": 25.359999999999992,
                "size-text": 805309,
                "size-data": 31168,
                "size-bss": 12592,
                "size-total": 849069
            },
            "sqlite3": {
                "task-clock": 32626.012462,
                "context-switches": 196,
                "cpu-migrations": 1,
                "page-faults": 39330,
                "cycles": 108977238409,
                "instructions": 96300110308,
                "branches": 20599386924,
                "branch-misses": 560933059,
                "max-rss": 250672,
                "wall-time": 32.82,