{
    "config": 0,
    "clang_size": [],
    "data": {
        "ReleaseThinLTO": {
            "kimwitu++": {
                "task-clock": 42683.570379000004,
                "context-switches": 2146,
                "cpu-migrations": 57,
                "page-faults": 149324,
                "cycles": 129135882199,
                "instructions": 93573586793,
                "branches": 20303075627,
                "branch-misses": 580248127,
                "max-rss": 1201884,
                "wall-time": 38.88999999999999
            },
            "sqlite3": {
                "task-clock": 58093.584832,
                "context-switches": 3250,
                "cpu-migrations": 147,
                "page-faults": 61685,
                "cycles": 176082425998,
                "instructions": 141669957691,
                "branches": 30467977319,
                "branch-misses": 813019267,
                "max-rss": 314840,
                "wall-time": 71.27
            },
            "consumer-typeset": {
                "task-clock": 37658.674003000015,
                "context-switches": 2368,
                "cpu-migrations": 116,
                "page-faults": 188937,
                "cycles": 114160894338,
                "instructions": 92534825950,
                "branches": 19720576865,
                "branch-misses": 566404659,
                "max-rss": 2813692,
                "wall-time": 34.29
            },
            "Bullet": {
                "task-clock": 62652.75078300002,
                "context-switches": 5321,
                "cpu-migrations": 247,
                "page-faults": 498159,
                "cycles": 190072198335,
                "instructions": 139654243106,
                "branches": 29541742233,
                "branch-misses": 785536866,
                "max-rss": 7142704,
                "wall-time": 84.16
            },
            "tramp3d-v4": {
                "task-clock": 112991.40999399999,
                "context-switches": 3304,
                "cpu-migrations": 201,
                "page-faults": 128173,
                "cycles": 342550587425,
                "instructions": 289605467974,
                "branches": 63205486758,
                "branch-misses": 1369040272,
                "max-rss": 482940,
                "wall-time": 132.78
            },
            "mafft": {
                "task-clock": 21860.231816999996,
                "context-switches": 688,
                "cpu-migrations": 0,
                "page-faults": 110464,
                "cycles": 66469632989,
                "instructions": 58000918936,
                "branches": 12320871895,
                "branch-misses": 297750233,
                "max-rss": 1541996,
                "wall-time": 17.419999999999998
            },
            "ClamAV": {
                "task-clock": 52415.31270399997,
                "context-switches": 4224,
                "cpu-migrations": 247,
                "page-faults": 302947,
                "cycles": 158809020601,
                "instructions": 128953379936,
                "branches": 27540460757,
                "branch-misses": 810449406,
                "max-rss": 5172520,
                "wall-time": 55.84999999999998
            },
            "lencod": {
                "task-clock": 69463.650205,
                "context-switches": 4692,
                "cpu-migrations": 238,
                "page-faults": 231211,
                "cycles": 210572444109,
                "instructions": 194151307809,
                "branches": 40692685160,
                "branch-misses": 806273483,
                "max-rss": 3099768,
                "wall-time": 60.27000000000001
            },
            "SPASS": {
                "task-clock": 49350.017173,
                "context-switches": 3807,
                "cpu-migrations": 100,
                "page-faults": 175591,
                "cycles": 149576050881,
                "instructions": 116927477303,
                "branches": 25169257098,
                "branch-misses": 754666780,
                "max-rss": 2802568,
                "wall-time": 43.120000000000005
            },
            "7zip": {
                "task-clock": 147161.861435,
                "context-switches": 12621,
                "cpu-migrations": 326,
                "page-faults": 810323,
                "cycles": 445913595312,
                "instructions": 330293789720,
                "branches": 70696745369,
                "branch-misses": 2146264759,
                "max-rss": 12257844,
                "wall-time": 133.14000000000001
            },
            "geomean": {
                "task-clock": 57308.529361375404,
                "context-switches": 3372.3101284251698,
                "cpu-migrations": 0,
                "page-faults": 203589.18608705208,
                "cycles": 173737528280.20474,
                "instructions": 139457606079.68835,
                "branches": 29839495523.528965,
                "branch-misses": 786488382.7103186,
                "max-rss": 2235666.251173967,
                "wall-time": 56.92867033575922
            }
        },
        "ReleaseLTO-g": {
            "kimwitu++": {
                "task-clock": 46077.303444,
                "context-switches": 875,
                "cpu-migrations": 1,
                "page-faults": 205911,
                "cycles": 139954943521,
                "instructions": 97207498198,
                "branches": 21002570285,
                "branch-misses": 595565767,
                "max-rss": 1429828,
                "wall-time": 46.669999999999995
            },
            "sqlite3": {
                "task-clock": 63095.747865,
                "context-switches": 446,
                "cpu-migrations": 2,
                "page-faults": 110288,
                "cycles": 191518391133,
                "instructions": 150942654793,
                "branches": 32264950772,
                "branch-misses": 845822661,
                "max-rss": 502972,
                "wall-time": 63.269999999999996
            },
            "consumer-typeset": {
                "task-clock": 39355.375142,
                "context-switches": 834,
                "cpu-migrations": 1,
                "page-faults": 216851,
                "cycles": 119340369278,
                "instructions": 95163788249,
                "branches": 20169381126,
                "branch-misses": 545245901,
                "max-rss": 2944624,
                "wall-time": 41.240000000000016
            },
            "Bullet": {
                "task-clock": 70207.32879700001,
                "context-switches": 3322,
                "cpu-migrations": 2,
                "page-faults": 562602,
                "cycles": 212919768847,
                "instructions": 157059266685,
                "branches": 33125601431,
                "branch-misses": 855942556,
                "max-rss": 7461680,
                "wall-time": 74.58
            },
            "tramp3d-v4": {
                "task-clock": 115332.313561,
                "context-switches": 1071,
                "cpu-migrations": 1,
                "page-faults": 298524,
                "cycles": 350612901633,
                "instructions": 269587083662,
                "branches": 58251301705,
                "branch-misses": 1308769712,
                "max-rss": 1190360,
                "wall-time": 115.50999999999999
            },
            "mafft": {
                "task-clock": 22694.652898999997,
                "context-switches": 592,
                "cpu-migrations": 2,
                "page-faults": 126543,
                "cycles": 68720662239,
                "instructions": 68351126853,
                "branches": 14447151489,
                "branch-misses": 338754941,
                "max-rss": 1628536,
                "wall-time": 23.68
            },