{
    "config": 0,
    "clang_size": [],
    "data": {
        "ReleaseThinLTO": {
            "kimwitu++": {
                "task-clock": 41927.458761,
                "context-switches": 2070,
                "cpu-migrations": 73,
                "page-faults": 148613,
                "cycles": 127628383459,
                "instructions": 93600773025,
                "branches": 20312766088,
                "branch-misses": 576643098,
                "max-rss": 1208828,
                "wall-time": 38.57000000000001
            },
            "sqlite3": {
                "task-clock": 56889.077171,
                "context-switches": 2648,
                "cpu-migrations": 122,
                "page-faults": 62199,
                "cycles": 173035914493,
                "instructions": 141745963083,
                "branches": 30494236083,
                "branch-misses": 814783220,
                "max-rss": 318288,
                "wall-time": 69.16
            },
            "consumer-typeset": {
                "task-clock": 37350.614143,
                "context-switches": 2348,
                "cpu-migrations": 108,
                "page-faults": 189099,
                "cycles": 113318151526,
                "instructions": 92635838647,
                "branches": 19746256297,
                "branch-misses": 568272987,
                "max-rss": 2840476,
                "wall-time": 34.09999999999999
            },
            "Bullet": {
                "task-clock": 62206.13129599998,
                "context-switches": 5516,
                "cpu-migrations": 252,
                "page-faults": 497721,
                "cycles": 188904304961,
                "instructions": 139690085860,
                "branches": 29551015057,
                "branch-misses": 784868639,
                "max-rss": 7218796,
                "wall-time": 83.99000000000002
            },
            "tramp3d-v4": {
                "task-clock": 110985.586638,
                "context-switches": 3245,
                "cpu-migrations": 164,
                "page-faults": 127262,
                "cycles": 338108887872,
                "instructions": 289557910513,
                "branches": 63223516062,
                "branch-misses": 1358265433,
                "max-rss": 484284,
                "wall-time": 130.07
            },
            "mafft": {
                "task-clock": 21559.232405000006,
                "context-switches": 761,
                "cpu-migrations": 1,
                "page-faults": 112796,
                "cycles": 65985684407,
                "instructions": 58045934937,
                "branches": 12335072255,
                "branch-misses": 297557439,
                "max-rss": 1552992,
                "wall-time": 17.11
            },
            "ClamAV": {
                "task-clock": 51921.27426699999,
                "context-switches": 4116,
                "cpu-migrations": 202,
                "page-faults": 301749,
                "cycles": 158061571312,
                "instructions": 129096826650,
                "branches": 27586372186,
                "branch-misses": 813724427,
                "max-rss": 5229992,
                "wall-time": 55.42
            },
            "lencod": {
                "task-clock": 68936.578737,
                "context-switches": 4110,
                "cpu-migrations": 182,
                "page-faults": 230500,
                "cycles": 210086322673,
                "instructions": 194032078570,
                "branches": 40690567838,
                "branch-misses": 800134175,
                "max-rss": 3124056,
                "wall-time": 59.38999999999999
            },
            "SPASS": {
                "task-clock": 48889.25998999999,
                "context-switches": 4156,
                "cpu-migrations": 106,
                "page-faults": 175502,
                "cycles": 148897854182,
                "instructions": 116883775910,
                "branches": 25166681909,
                "branch-misses": 757382105,
                "max-rss": 2827276,
                "wall-time": 43.16
            },
            "7zip": {
                "task-clock": 146043.80436999997,
                "context-switches": 12325,
                "cpu-migrations": 318,
                "page-faults": 811132,
                "cycles": 443456146235,
                "instructions": 330327222705,
                "branches": 70725355993,
                "branch-misses": 2143122040,
                "max-rss": 12379668,
                "wall-time": 131.61999999999995
            },
            "geomean": {
                "task-clock": 56624.57970590038,
                "context-switches": 3297.3038441007407,
                "cpu-migrations": 93.16454296081638,
                "page-faults": 203807.3404749842,
                "cycles": 172349265235.23434,
                "instructions": 139499602567.1295,
                "branches": 29858320707.96073,
                "branch-misses": 785572141.7301995,
                "max-rss": 2254554.3271566527,
                "wall-time": 56.263881571523854
            }
        },
        "ReleaseLTO-g": {
            "kimwitu++": {
                "task-clock": 45131.63214999998,
                "context-switches": 1135,
                "cpu-migrations": 1,
                "page-faults": 206232,
                "cycles": 138044019733,
                "instructions": 97435552107,
                "branches": 21049567761,
                "branch-misses": 599426784,
                "max-rss": 1437264,
                "wall-time": 45.75000000000001
            },
            "sqlite3": {
                "task-clock": 61622.30633,
                "context-switches": 449,
                "cpu-migrations": 1,
                "page-faults": 110252,
                "cycles": 187827889956,
                "instructions": 151514560810,
                "branches": 32392521616,
                "branch-misses": 845341448,
                "max-rss": 503972,
                "wall-time": 61.79
            },
            "consumer-typeset": {
                "task-clock": 38870.147665000026,
                "context-switches": 916,
                "cpu-migrations": 1,
                "page-faults": 216903,
                "cycles": 118386010431,
                "instructions": 95370527259,
                "branches": 20216706017,
                "branch-misses": 546405303,
                "max-rss": 2971532,
                "wall-time": 40.730000000000004
            },
            "Bullet": {
                "task-clock": 68981.676485,
                "context-switches": 3174,
                "cpu-migrations": 1,
                "page-faults": 562666,
                "cycles": 210852066231,
                "instructions": 157208818713,
                "branches": 33156108519,
                "branch-misses": 858083512,
                "max-rss": 7525772,
                "wall-time": 73.42
            },
            "tramp3d-v4": {
                "task-clock": 112083.018713,
                "context-switches": 457,
                "cpu-migrations": 1,
                "page-faults": 298782,
                "cycles": 342548652611,
                "instructions": 270010259748,
                "branches": 58357175553,
                "branch-misses": 1310418657,
                "max-rss": 1191552,
                "wall-time": 112.19
            },
            "mafft": {
                "task-clock": 22293.150919000003,
                "context-switches": 603,
                "cpu-migrations": 0,
                "page-faults": 126214,
                "cycles": 67932835860,
                "instructions": 68359789110,
                "branches": 14455281160,
                "branch-misses": 339298385,
                "max-rss": 1644244,
                "wall-time": 23.230000000000008
            },
            "ClamAV": {
                "task-clock": 59266.60862800002,