{
    "config": 0,
    "clang_size": [],
    "data": {
        "ReleaseThinLTO": {
            "kimwitu++": {
                "task-clock": 42178.346697,
                "context-switches": 2086,
                "cpu-migrations": 66,
                "page-faults": 148627,
                "cycles": 127644513108,
                "instructions": 93585682006,
                "branches": 20307851846,
                "branch-misses": 579246645,
                "max-rss": 1211160,
                "wall-time": 38.46000000000001
            },
            "sqlite3": {
                "task-clock": 57923.35363,
                "context-switches": 2377,
                "cpu-migrations": 115,
                "page-faults": 62003,
                "cycles": 175004861739,
                "instructions": 141827765615,
                "branches": 30509756523,
                "branch-misses": 816580479,
                "max-rss": 317452,
                "wall-time": 71.41999999999999
            },
            "consumer-typeset": {
                "task-clock": 37586.138164,
                "context-switches": 2404,
                "cpu-migrations": 103,
                "page-faults": 187062,
                "cycles": 113677872736,
                "instructions": 92600585115,
                "branches": 19742283454,
                "branch-misses": 567406565,
                "max-rss": 2840768,
                "wall-time": 34.15
            },
            "Bullet": {
                "task-clock": 62570.502066999994,
                "context-switches": 5293,
                "cpu-migrations": 325,
                "page-faults": 498611,
                "cycles": 188757537018,
                "instructions": 139731239399,
                "branches": 29557320918,
                "branch-misses": 785877874,
                "max-rss": 7213212,
                "wall-time": 84.43000000000004
            },
            "tramp3d-v4": {
                "task-clock": 113258.166242,
                "context-switches": 3170,
                "cpu-migrations": 190,
                "page-faults": 129065,
                "cycles": 342245571954,
                "instructions": 289478091520,
                "branches": 63206742586,
                "branch-misses": 1367892204,
                "max-rss": 485204,
                "wall-time": 133.37
            },
            "mafft": {
                "task-clock": 21963.450499000006,
                "context-switches": 852,
                "cpu-migrations": 6,
                "page-faults": 111473,
                "cycles": 66422570977,
                "instructions": 58023773360,
                "branches": 12329974606,
                "branch-misses": 300234904,
                "max-rss": 1555288,
                "wall-time": 17.709999999999997
            },
            "ClamAV": {
                "task-clock": 52404.182721,
                "context-switches": 4192,
                "cpu-migrations": 203,
                "page-faults": 301001,
                "cycles": 158330436925,
                "instructions": 129241176073,
                "branches": 27613540930,
                "branch-misses": 811392303,
                "max-rss": 5229944,
                "wall-time": 55.44999999999998
            },
            "lencod": {
                "task-clock": 69494.178305,
                "context-switches": 4350,
                "cpu-migrations": 170,
                "page-faults": 229904,
                "cycles": 210083994390,
                "instructions": 194270195314,
                "branches": 40732066962,
                "branch-misses": 806210516,
                "max-rss": 3129328,
                "wall-time": 60.14999999999999
            },
            "SPASS": {
                "task-clock": 49232.943346,
                "context-switches": 4075,
                "cpu-migrations": 114,
                "page-faults": 175764,
                "cycles": 148708033048,
                "instructions": 116934208200,
                "branches": 25181065788,
                "branch-misses": 755896851,
                "max-rss": 2832216,
                "wall-time": 43.169999999999995
            },
            "7zip": {
                "task-clock": 148184.689586,
                "context-switches": 12592,
                "cpu-migrations": 422,
                "page-faults": 811510,
                "cycles": 446670250704,
                "instructions": 330486873518,
                "branches": 70758325958,
                "branch-misses": 2148292828,
                "max-rss": 12392932,
                "wall-time": 133.35000000000002
            },
            "geomean": {
                "task-clock": 57272.80060248198,
                "context-switches": 3313.3030167123466,
                "cpu-migrations": 117.00460302127007,
                "page-faults": 203543.5893812704,
                "cycles": 173043976229.2533,
                "instructions": 139540490536.8658,
                "branches": 29866208843.97387,
                "branch-misses": 787745688.7294875,
                "max-rss": 2256019.144606425,
                "wall-time": 56.95482983208674
            }
        },
        "ReleaseLTO-g": {
            "kimwitu++": {
                "task-clock": 46291.478381,
                "context-switches": 1225,
                "cpu-migrations": 1,
                "page-faults": 206088,
                "cycles": 139556060209,
                "instructions": 97516035323,
                "branches": 21072292943,
                "branch-misses": 603843501,
                "max-rss": 1440272,
                "wall-time": 46.89
            },
            "sqlite3": {
                "task-clock": 62950.74879,
                "context-switches": 450,
                "cpu-migrations": 1,
                "page-faults": 110239,
                "cycles": 190083994595,
                "instructions": 151481019988,
                "branches": 32386854925,
                "branch-misses": 847782865,
                "max-rss": 504012,
                "wall-time": 63.129999999999995
            },
            "consumer-typeset": {
                "task-clock": 39238.20564799998,
                "context-switches": 902,
                "cpu-migrations": 1,
                "page-faults": 216955,
                "cycles": 118752232849,
                "instructions": 95357653618,
                "branches": 20217891072,
                "branch-misses": 545447375,
                "max-rss": 2975064,
                "wall-time": 41.080000000000005
            },
            "Bullet": {
                "task-clock": 70026.180181,
                "context-switches": 3476,
                "cpu-migrations": 1,
                "page-faults": 562973,
                "cycles": 211298426026,
                "instructions": 157279681801,
                "branches": 33170260247,
                "branch-misses": 857532009,
                "max-rss": 7534352,
                "wall-time": 74.59000000000002
            },
            "tramp3d-v4": {
                "task-clock": 114366.534441,
                "context-switches": 554,
                "cpu-migrations": 1,
                "page-faults": 298761,
                "cycles": 346453756706,
                "instructions": 269789575204,
                "branches": 58319544799,
                "branch-misses": 1316133684,
                "max-rss": 1191432,
                "wall-time": 114.55
            },
            "mafft": {
                "task-clock": 22731.298873000003,
                "context-switches": 635,
                "cpu-migrations": 1,
                "page-faults": 127867,
                "cycles": 68619355991,
                "instructions": 68393683602,
                "branches": 14463285845,
                "branch-misses": 339891437,
                "max-rss": 1643832,
                "wall-time": 23.730000000000004
            },