{
    "config": 0,
    "clang_size": [],
    "data": {
        "ReleaseThinLTO": {
            "kimwitu++": {
                "task-clock": 42255.286266999996,
                "context-switches": 1735,
                "cpu-migrations": 55,
                "page-faults": 148845,
                "cycles": 127663824065,
                "instructions": 93501479659,
                "branches": 20289697145,
                "branch-misses": 581844621,
                "max-rss": 1208360,
                "wall-time": 38.14
            },
            "sqlite3": {
                "task-clock": 56995.360671,
                "context-switches": 2746,
                "cpu-migrations": 137,
                "page-faults": 61708,
                "cycles": 172372889937,
                "instructions": 141555638387,
                "branches": 30459098872,
                "branch-misses": 815869162,
                "max-rss": 316100,
                "wall-time": 70.19
            },
            "consumer-typeset": {
                "task-clock": 37478.105258999996,
                "context-switches": 2424,
                "cpu-migrations": 160,
                "page-faults": 186725,
                "cycles": 113412670114,
                "instructions": 92476741858,
                "branches": 19715274294,
                "branch-misses": 569273852,
                "max-rss": 2838356,
                "wall-time": 34.18
            },
            "Bullet": {
                "task-clock": 62498.38019100002,
                "context-switches": 5428,
                "cpu-migrations": 262,
                "page-faults": 497872,
                "cycles": 188555320752,
                "instructions": 139625411976,
                "branches": 29541306701,
                "branch-misses": 785707668,
                "max-rss": 7205440,
                "wall-time": 83.78000000000003
            },
            "tramp3d-v4": {
                "task-clock": 111924.893967,
                "context-switches": 3915,
                "cpu-migrations": 197,
                "page-faults": 128672,
                "cycles": 338060995515,
                "instructions": 289503570280,
                "branches": 63198608541,
                "branch-misses": 1360690310,
                "max-rss": 488600,
                "wall-time": 131.57999999999998
            },
            "mafft": {
                "task-clock": 21776.550983,
                "context-switches": 705,
                "cpu-migrations": 1,
                "page-faults": 110644,
                "cycles": 65899263610,
                "instructions": 58003362945,
                "branches": 12326726534,
                "branch-misses": 299329828,
                "max-rss": 1553252,
                "wall-time": 17.349999999999998
            },
            "ClamAV": {
                "task-clock": 52208.70196399999,
                "context-switches": 3969,
                "cpu-migrations": 209,
                "page-faults": 303195,
                "cycles": 157843166638,
                "instructions": 128960908529,
                "branches": 27549943270,
                "branch-misses": 815583125,
                "max-rss": 5221284,
                "wall-time": 55.16
            },
            "lencod": {
                "task-clock": 69648.69652599999,
                "context-switches": 4324,
                "cpu-migrations": 255,
                "page-faults": 229603,
                "cycles": 209879837385,
                "instructions": 194085114086,
                "branches": 40692405757,
                "branch-misses": 809621192,
                "max-rss": 3121476,
                "wall-time": 60.83
            },
            "SPASS": {
                "task-clock": 49210.974992,
                "context-switches": 3735,
                "cpu-migrations": 114,
                "page-faults": 174693,
                "cycles": 148873223750,
                "instructions": 116852605238,
                "branches": 25166661133,
                "branch-misses": 760632046,
                "max-rss": 2826748,
                "wall-time": 43.07
            },
            "7zip": {
                "task-clock": 146777.642407,
                "context-switches": 12348,
                "cpu-migrations": 338,
                "page-faults": 811496,
                "cycles": 443061632574,
                "instructions": 330259134832,
                "branches": 70705035867,
                "branch-misses": 2152033917,
                "max-rss": 12383296,
                "wall-time": 132.41999999999996
            },
            "geomean": {
                "task-clock": 56985.72128897411,
                "context-switches": 3263.28298187755,
                "cpu-migrations": 102.48206728747529,
                "page-faults": 203192.15160933556,
                "cycles": 172186462909.2843,
                "instructions": 139405314063.95395,
                "branches": 29837954281.59655,
                "branch-misses": 788985984.8343117,
                "max-rss": 2253826.213154857,
                "wall-time": 56.55784112399488
            }
        },
        "ReleaseLTO-g": {
            "kimwitu++": {
                "task-clock": 45592.697846999996,
                "context-switches": 1070,
                "cpu-migrations": 1,
                "page-faults": 205953,
                "cycles": 138123020136,
                "instructions": 97122751864,
                "branches": 20987317414,
                "branch-misses": 599858594,
                "max-rss": 1439236,
                "wall-time": 46.190000000000005
            },
            "sqlite3": {
                "task-clock": 61963.786789000005,
                "context-switches": 394,
                "cpu-migrations": 2,
                "page-faults": 110211,
                "cycles": 187170093679,
                "instructions": 150835497587,
                "branches": 32250769530,
                "branch-misses": 845429955,
                "max-rss": 503660,
                "wall-time": 62.099999999999994
            },
            "consumer-typeset": {
                "task-clock": 39151.31434299998,
                "context-switches": 884,
                "cpu-migrations": 2,
                "page-faults": 216512,
                "cycles": 118225251071,
                "instructions": 95160396266,
                "branches": 20173116433,
                "branch-misses": 547090128,
                "max-rss": 2972944,
                "wall-time": 41.07
            },
            "Bullet": {
                "task-clock": 69725.817094,
                "context-switches": 2911,
                "cpu-migrations": 2,
                "page-faults": 562390,
                "cycles": 210866970102,
                "instructions": 157087204376,
                "branches": 33138651198,
                "branch-misses": 858476212,
                "max-rss": 7524528,
                "wall-time": 74.01
            },
            "tramp3d-v4": {
                "task-clock": 112615.547148,
                "context-switches": 605,
                "cpu-migrations": 2,
                "page-faults": 298145,
                "cycles": 340857908423,
                "instructions": 269699377654,
                "branches": 58300979310,
                "branch-misses": 1303057398,
                "max-rss": 1189180,
                "wall-time": 112.73
            },
            "mafft": {
                "task-clock": 22482.218294,
                "context-switches": 655,
                "cpu-migrations": 0,
                "page-faults": 126448,
                "cycles": 67895260755,
                "instructions": 68285975328,
                "branches": 14439389410,
                "branch-misses": 338803454,
                "max-rss": 1642292,
                "wall-time": 23.450000000000003
            },
            "ClamAV": {
                "task-clock": 59556.42303300002,