{
    "config": 0,
    "clang_size": {
        "size-text": 68535198,
        "size-data": 2842408,
        "size-bss": 290408,
        "size-total": 71668014
    },
    "data": {
        "ReleaseThinLTO": {
            "kimwitu++": {
                "task-clock": 31873.797175,
                "context-switches": 1813,
                "cpu-migrations": 31,
                "page-faults": 144135,
                "cycles": 106962656471,
                "instructions": 91913017458,
                "branches": 19995255885,
                "branch-misses": 509513873,
                "max-rss": 1168788,
                "wall-time": 29.229999999999997,
                "size-text": 786980,
                "size-data": 25960,
                "size-bss": 12560,
                "size-total": 825500
            },
            "sqlite3": {
                "task-clock": 46647.675422,
                "context-switches": 2166,
                "cpu-migrations": 169,
                "page-faults": 59956,
                "cycles": 156831438082,
                "instructions": 144224723751,
                "branches": 31053790542,
                "branch-misses": 765641711,
                "max-rss": 307112,
                "wall-time": 56.89,
                "size-text": 780826,
                "size-data": 3095,
                "size-bss": 624,
                "size-total": 784545
            },
            "consumer-typeset": {
                "task-clock": 29718.742004000003,
                "context-switches": 2108,
                "cpu-migrations": 77,
                "page-faults": 182959,
                "cycles": 99763799395,
                "instructions": 93177849607,
                "branches": 19868002268,
                "branch-misses": 525604583,
                "max-rss": 2738772,
                "wall-time": 27.350000000000005,
                "size-text": 667954,
                "size-data": 3768,
                "size-bss": 65200,
                "size-total": 736922
            },
            "Bullet": {
                "task-clock": 47478.569682,
                "context-switches": 4127,
                "cpu-migrations": 190,
                "page-faults": 483838,
                "cycles": 159393978281,
                "instructions": 140363285116,
                "branches": 29773781820,
                "branch-misses": 700716584,
                "max-rss": 6966916,
                "wall-time": 65.46999999999997,
                "size-text": 394152,
                "size-data": 403696,
                "size-bss": 43328,
                "size-total": 841176
            },
            "tramp3d-v4": {
                "task-clock": 90820.809619,
                "context-switches": 2646,
                "cpu-migrations": 140,
                "page-faults": 125385,
                "cycles": 304966347679,
                "instructions": 295988981494,
                "branches": 64778197770,
                "branch-misses": 1265928816,
                "max-rss": 478296,
                "wall-time": 106.07,
                "size-text": 885402,
                "size-data": 1800,
                "size-bss": 1848,
                "size-total": 889050
            },
            "mafft": {
                "task-clock": 17836.733066,
                "context-switches": 608,
                "cpu-migrations": 1,
                "page-faults": 108386,
                "cycles": 59903403315,
                "instructions": 59855297973,
                "branches": 12715925879,
                "branch-misses": 287554474,
                "max-rss": 1501084,
                "wall-time": 14.370000000000001,
                "size-text": 275609,
                "size-data": 3052,
                "size-bss": 14911040,
                "size-total": 15189701
            },
            "ClamAV": {
                "task-clock": 41185.81520200003,
                "context-switches": 3246,
                "cpu-migrations": 227,
                "page-faults": 291918,
                "cycles": 138282069094,
                "instructions": 129985989619,
                "branches": 27756060318,
                "branch-misses": 758892465,
                "max-rss": 5059204,
                "wall-time": 44.56999999999999,
                "size-text": 773613,
                "size-data": 52872,
                "size-bss": 4752,
                "size-total": 831237
            },
            "lencod": {
                "task-clock": 57507.975257000006,
                "context-switches": 3744,
                "cpu-migrations": 130,
                "page-faults": 223920,
                "cycles": 193344086217,
                "instructions": 202106000527,
                "branches": 42384122861,
                "branch-misses": 767150657,
                "max-rss": 3017380,
                "wall-time": 50.89999999999999,
                "size-text": 957979,
                "size-data": 2144,
                "size-bss": 106176,
                "size-total": 1066299
            },
            "SPASS": {
                "task-clock": 37930.805714,
                "context-switches": 3320,
                "cpu-migrations": 71,
                "page-faults": 170662,
                "cycles": 127469316349,
                "instructions": 116624297502,
                "branches": 25177503248,
                "branch-misses": 695617374,
                "max-rss": 2738344,
                "wall-time": 33.84,
                "size-text": 608440,
                "size-data": 872,
                "size-bss": 346536,
                "size-total": 955848
            },
            "7zip": {
                "task-clock": 111531.73812300003,
                "context-switches": 10188,
                "cpu-migrations": 248,
                "page-faults": 793510,
                "cycles": 374370037329,
                "instructions": 329390442914,
                "branches": 70593893485,
                "branch-misses": 1936730216,
                "max-rss": 11981720,
                "wall-time": 102.15999999999997,
                "size-text": 1433841,
                "size-data": 4160,
                "size-bss": 29280,
                "size-total": 1467281
            },
            "geomean": {
                "task-clock": 45000.34904857286,
                "context-switches": 2725.1889082017124,
                "cpu-migrations": 74.92556040474,
                "page-faults": 197875.38023823258,
                "cycles": 151133837996.93146,
                "instructions": 140972268260.54913,
                "branches": 30207497314.210464,
                "branch-misses": 726609882.5783683,
                "max-rss": 2183458.841699951,
                "wall-time": 45.2000110803764,
                "size-text": 692940.6905911259,
                "size-data": 6984.009238215472,
                "size-bss": 35437.433332268796,
                "size-total": 1210214.8400807409
            }
        },
        "O3": {
            "kimwitu++": {
                "task-clock": 24621.778034999996,
                "context-switches": 752,
                "cpu-migrations": 1,
                "page-faults": 139187,
                "cycles": 82905838940,
                "instructions": 66614538662,
                "branches": 14435183883,
                "branch-misses": 410611521,
                "max-rss": 1202700,
                "wall-time": 25.25,
                "size-text": 805309,
                "size-data": 31168,
                "size-bss": 12592,
                "size-total": 849069
            },
            "sqlite3": {
                "task-clock": 32820.704943000004,
                "context-switches": 188,
                "cpu-migrations": 1,
                "page-faults": 39384,
                "cycles": 110151948532,
                "instructions": 96324296924,
                "branches": 20604143653,
                "branch-misses": 560266137,
                "max-rss": 250204,