{
    "config": 0,
    "clang_size": [],
    "data": {
        "ReleaseThinLTO": {
            "kimwitu++": {
                "task-clock": 42200.17678500002,
                "context-switches": 2238,
                "cpu-migrations": 68,
                "page-faults": 148629,
                "cycles": 128039981171,
                "instructions": 93175097240,
                "branches": 20221127226,
                "branch-misses": 577303157,
                "max-rss": 1208924,
                "wall-time": 38.230000000000004
            },
            "sqlite3": {
                "task-clock": 57983.067192,
                "context-switches": 2724,
                "cpu-migrations": 208,
                "page-faults": 61511,
                "cycles": 175566756736,
                "instructions": 140011747557,
                "branches": 30130493381,
                "branch-misses": 807228466,
                "max-rss": 315376,
                "wall-time": 72.27000000000001
            },
            "consumer-typeset": {
                "task-clock": 37379.249296999995,
                "context-switches": 2385,
                "cpu-migrations": 110,
                "page-faults": 188827,
                "cycles": 113097223036,
                "instructions": 91505201368,
                "branches": 19497364614,
                "branch-misses": 558305756,
                "max-rss": 2833520,
                "wall-time": 34.150000000000006
            },
            "Bullet": {
                "task-clock": 62065.776479999986,
                "context-switches": 5176,
                "cpu-migrations": 252,
                "page-faults": 498025,
                "cycles": 188441984370,
                "instructions": 139165497442,
                "branches": 29432965703,
                "branch-misses": 783207496,
                "max-rss": 7218700,
                "wall-time": 83.53
            },
            "tramp3d-v4": {
                "task-clock": 112434.50267,
                "context-switches": 3061,
                "cpu-migrations": 180,
                "page-faults": 129319,
                "cycles": 341604786658,
                "instructions": 287079596113,
                "branches": 62706565878,
                "branch-misses": 1354907827,
                "max-rss": 488384,
                "wall-time": 130.94
            },
            "mafft": {
                "task-clock": 21984.451085999997,
                "context-switches": 925,
                "cpu-migrations": 16,
                "page-faults": 112706,
                "cycles": 66446809291,
                "instructions": 57371674680,
                "branches": 12195289229,
                "branch-misses": 299775417,
                "max-rss": 1553340,
                "wall-time": 18.19
            },
            "ClamAV": {
                "task-clock": 51687.089887999995,
                "context-switches": 3704,
                "cpu-migrations": 158,
                "page-faults": 302557,
                "cycles": 156442870594,
                "instructions": 126345264582,
                "branches": 27005049883,
                "branch-misses": 806654610,
                "max-rss": 5226700,
                "wall-time": 54.16999999999997
            },
            "lencod": {
                "task-clock": 68164.604628,
                "context-switches": 4488,
                "cpu-migrations": 325,
                "page-faults": 229550,
                "cycles": 206845026099,
                "instructions": 190697583474,
                "branches": 40006187742,
                "branch-misses": 794537392,
                "max-rss": 3129772,
                "wall-time": 60.4
            },
            "SPASS": {
                "task-clock": 48853.757903000005,
                "context-switches": 4012,
                "cpu-migrations": 103,
                "page-faults": 175765,
                "cycles": 147895782753,
                "instructions": 115872177457,
                "branches": 24957155067,
                "branch-misses": 753617077,
                "max-rss": 2832092,
                "wall-time": 42.81
            },
            "7zip": {
                "task-clock": 145428.47845399997,
                "context-switches": 12443,
                "cpu-migrations": 339,
                "page-faults": 811443,
                "cycles": 441206724325,
                "instructions": 325830973233,
                "branches": 69783402468,
                "branch-misses": 2133671061,
                "max-rss": 12398852,
                "wall-time": 131.20000000000002
            },
            "geomean": {
                "task-clock": 56827.71438434388,
                "context-switches": 3347.7766432318417,
                "cpu-migrations": 135.0932137274971,
                "page-faults": 203885.1464190145,
                "cycles": 172227078577.28793,
                "instructions": 137911894199.15192,
                "branches": 29523279872.325623,
                "branch-misses": 781796148.8537608,
                "max-rss": 2254898.499870139,
                "wall-time": 56.725396667678574
            }
        },
        "ReleaseLTO-g": {
            "kimwitu++": {
                "task-clock": 45972.614733,
                "context-switches": 1067,
                "cpu-migrations": 1,
                "page-faults": 206237,
                "cycles": 139401376109,
                "instructions": 96860811035,
                "branches": 20930957524,
                "branch-misses": 598002865,
                "max-rss": 1440868,
                "wall-time": 46.59
            },
            "sqlite3": {
                "task-clock": 62586.214110999994,
                "context-switches": 324,
                "cpu-migrations": 2,
                "page-faults": 110319,
                "cycles": 189934496304,
                "instructions": 149374644676,
                "branches": 31942863262,
                "branch-misses": 839428297,
                "max-rss": 505144,
                "wall-time": 62.739999999999995
            },
            "consumer-typeset": {
                "task-clock": 38934.060385000004,
                "context-switches": 918,
                "cpu-migrations": 2,
                "page-faults": 216812,
                "cycles": 118118291231,
                "instructions": 94126361693,
                "branches": 19948534838,
                "branch-misses": 541263729,
                "max-rss": 2976048,
                "wall-time": 40.89
            },
            "Bullet": {
                "task-clock": 69416.488086,
                "context-switches": 3399,
                "cpu-migrations": 2,
                "page-faults": 562901,
                "cycles": 210736747107,
                "instructions": 156437731749,
                "branches": 32987854880,
                "branch-misses": 855244337,
                "max-rss": 7537164,
                "wall-time": 73.87
            },
            "tramp3d-v4": {
                "task-clock": 114037.118916,
                "context-switches": 787,
                "cpu-migrations": 1,
                "page-faults": 298550,
                "cycles": 346513571003,
                "instructions": 267225790624,
                "branches": 57775332059,
                "branch-misses": 1300368187,
                "max-rss": 1191508,
                "wall-time": 114.19999999999999
            },
            "mafft": {
                "task-clock": 22333.429428,
                "context-switches": 566,
                "cpu-migrations": 0,
                "page-faults": 126227,
                "cycles": 67823173325,
                "instructions": 67340804370,
                "branches": 14246935933,
                "branch-misses": 337429274,
                "max-rss": 1644744,
                "wall-time": 23.29
            },
            "ClamAV": {
                "task-clock": 59161.21406699997,