{
    "config": 0,
    "clang_size": [],
    "data": {
        "ReleaseThinLTO": {
            "kimwitu++": {
                "task-clock": 41911.458685,
                "context-switches": 2139,
                "cpu-migrations": 57,
                "page-faults": 148575,
                "cycles": 126581324355,
                "instructions": 93227677106,
                "branches": 20232232200,
                "branch-misses": 578074175,
                "max-rss": 1209520,
                "wall-time": 38.57000000000001
            },
            "sqlite3": {
                "task-clock": 56998.509505,
                "context-switches": 3693,
                "cpu-migrations": 121,
                "page-faults": 61968,
                "cycles": 171813969128,
                "instructions": 139950359223,
                "branches": 30121802531,
                "branch-misses": 810666757,
                "max-rss": 318024,
                "wall-time": 75.05
            },
            "consumer-typeset": {
                "task-clock": 37471.838704999995,
                "context-switches": 4071,
                "cpu-migrations": 114,
                "page-faults": 188905,
                "cycles": 112823734984,
                "instructions": 91565171389,
                "branches": 19511612676,
                "branch-misses": 564971312,
                "max-rss": 2835100,
                "wall-time": 40.03999999999999
            },
            "Bullet": {
                "task-clock": 62181.11961400002,
                "context-switches": 5211,
                "cpu-migrations": 258,
                "page-faults": 498135,
                "cycles": 187555470904,
                "instructions": 139112602454,
                "branches": 29423817475,
                "branch-misses": 787281020,
                "max-rss": 7219556,
                "wall-time": 83.23999999999998
            },
            "tramp3d-v4": {
                "task-clock": 110259.61570200001,
                "context-switches": 3455,
                "cpu-migrations": 192,
                "page-faults": 126977,
                "cycles": 333079027607,
                "instructions": 286657511963,
                "branches": 62610084359,
                "branch-misses": 1357461285,
                "max-rss": 484224,
                "wall-time": 128.26999999999998
            },
            "mafft": {
                "task-clock": 21665.460958,
                "context-switches": 720,
                "cpu-migrations": 1,
                "page-faults": 110719,
                "cycles": 65484545897,
                "instructions": 57365132181,
                "branches": 12195348085,
                "branch-misses": 297401990,
                "max-rss": 1555512,
                "wall-time": 17.200000000000003
            },
            "ClamAV": {
                "task-clock": 51554.10443600002,
                "context-switches": 4207,
                "cpu-migrations": 221,
                "page-faults": 301695,
                "cycles": 155274626675,
                "instructions": 126300186593,
                "branches": 26997822612,
                "branch-misses": 810391961,
                "max-rss": 5222356,
                "wall-time": 55.17999999999998
            },
            "lencod": {
                "task-clock": 68159.97635699999,
                "context-switches": 4499,
                "cpu-migrations": 287,
                "page-faults": 228121,
                "cycles": 205729788909,
                "instructions": 190642973724,
                "branches": 39995512719,
                "branch-misses": 799957617,
                "max-rss": 3125492,
                "wall-time": 60.4
            },
            "SPASS": {
                "task-clock": 48877.55654900001,
                "context-switches": 3935,
                "cpu-migrations": 106,
                "page-faults": 175279,
                "cycles": 147045118503,
                "instructions": 115874810232,
                "branches": 24960203481,
                "branch-misses": 756956912,
                "max-rss": 2830736,
                "wall-time": 42.68
            },
            "7zip": {
                "task-clock": 145352.749005,
                "context-switches": 12719,
                "cpu-migrations": 333,
                "page-faults": 811492,
                "cycles": 437962067000,
                "instructions": 325786595850,
                "branches": 69781266819,
                "branch-misses": 2140751316,
                "max-rss": 12388100,
                "wall-time": 131.57
            },
            "geomean": {
                "task-clock": 56507.61323462914,
                "context-switches": 3627.838141821329,
                "cpu-migrations": 98.63953769102979,
                "page-faults": 203067.230339578,
                "cycles": 170409154104.06137,
                "instructions": 137885120758.04953,
                "branches": 29519448606.15202,
                "branch-misses": 784594557.629328,
                "max-rss": 2254633.9557512472,
                "wall-time": 57.5477030254435
            }
        },
        "ReleaseLTO-g": {
            "kimwitu++": {
                "task-clock": 45274.02999500001,
                "context-switches": 1044,
                "cpu-migrations": 1,
                "page-faults": 206087,
                "cycles": 136604311965,
                "instructions": 96826383971,
                "branches": 20926432663,
                "branch-misses": 602276797,
                "max-rss": 1440116,
                "wall-time": 45.86000000000001
            },
            "sqlite3": {
                "task-clock": 61670.540907999995,
                "context-switches": 411,
                "cpu-migrations": 1,
                "page-faults": 110354,
                "cycles": 185946042015,
                "instructions": 149391001260,
                "branches": 31953031151,
                "branch-misses": 843277150,
                "max-rss": 504352,
                "wall-time": 61.81
            },
            "consumer-typeset": {
                "task-clock": 38544.24346500001,
                "context-switches": 863,
                "cpu-migrations": 1,
                "page-faults": 217108,
                "cycles": 116327414803,
                "instructions": 94091032606,
                "branches": 19943477842,
                "branch-misses": 541981432,
                "max-rss": 2975888,
                "wall-time": 40.38999999999997
            },
            "Bullet": {
                "task-clock": 69303.04692800001,
                "context-switches": 3718,
                "cpu-migrations": 1,
                "page-faults": 562749,
                "cycles": 209054281605,
                "instructions": 156447613334,
                "branches": 32992925106,
                "branch-misses": 859488269,
                "max-rss": 7536736,
                "wall-time": 73.74999999999999
            },
            "tramp3d-v4": {
                "task-clock": 111934.493841,
                "context-switches": 652,
                "cpu-migrations": 2,
                "page-faults": 298995,
                "cycles": 337668840786,
                "instructions": 267377811253,
                "branches": 57802369391,
                "branch-misses": 1308550422,
                "max-rss": 1192108,
                "wall-time": 112.08000000000001
            },
            "mafft": {
                "task-clock": 22277.953365999998,
                "context-switches": 616,
                "cpu-migrations": 1,
                "page-faults": 126295,
                "cycles": 67301375518,
                "instructions": 67355598333,
                "branches": 14252058298,
                "branch-misses": 338158051,
                "max-rss": 1641036,
                "wall-time": 23.239999999999995
            },