{
    "config": 0,
    "clang_size": {
        "size-text": 65550442,
        "size-data": 2702800,
        "size-bss": 248464,
        "size-total": 68501706
    },
    "data": {
        "ReleaseThinLTO": {
            "kimwitu++": {
                "task-clock": 30768.404866999997,
                "context-switches": 1504,
                "cpu-migrations": 51,
                "page-faults": 157433,
                "cycles": 103583805111,
                "instructions": 89570036951,
                "branches": 19373352930,
                "branch-misses": 490551074,
                "max-rss": 1129652,
                "wall-time": 27.779999999999998,
                "size-text": 791812,
                "size-data": 25992,
                "size-bss": 12560,
                "size-total": 830364
            },
            "sqlite3": {
                "task-clock": 45829.292577,
                "context-switches": 2186,
                "cpu-migrations": 88,
                "page-faults": 62676,
                "cycles": 154252163651,
                "instructions": 140862623720,
                "branches": 30446339669,
                "branch-misses": 763243770,
                "max-rss": 307096,
                "wall-time": 55.370000000000005,
                "size-text": 811322,
                "size-data": 3095,
                "size-bss": 624,
                "size-total": 815041
            },
            "consumer-typeset": {
                "task-clock": 28962.721114000007,
                "context-switches": 2259,
                "cpu-migrations": 119,
                "page-faults": 238941,
                "cycles": 97456210753,
                "instructions": 91023293431,
                "branches": 19420427615,
                "branch-misses": 522821380,
                "max-rss": 2628740,
                "wall-time": 27.46,
                "size-text": 687618,
                "size-data": 3768,
                "size-bss": 65200,
                "size-total": 756586
            },
            "Bullet": {
                "task-clock": 46465.638388,
                "context-switches": 4743,
                "cpu-migrations": 224,
                "page-faults": 619074,
                "cycles": 156277548541,
                "instructions": 137379868096,
                "branches": 28987993986,
                "branch-misses": 687760812,
                "max-rss": 6672064,
                "wall-time": 64.57,
                "size-text": 400596,
                "size-data": 403704,
                "size-bss": 43328,
                "size-total": 847628
            },
            "tramp3d-v4": {
                "task-clock": 89278.769904,
                "context-switches": 2505,
                "cpu-migrations": 136,
                "page-faults": 127508,
                "cycles": 300813569522,
                "instructions": 289324426708,
                "branches": 63473805935,
                "branch-misses": 1253670742,
                "max-rss": 476236,
                "wall-time": 106.47,
                "size-text": 901866,
                "size-data": 1800,
                "size-bss": 1848,
                "size-total": 905514
            },
            "mafft": {
                "task-clock": 17333.40414,
                "context-switches": 721,
                "cpu-migrations": 29,
                "page-faults": 137239,
                "cycles": 58364438724,
                "instructions": 58163350565,
                "branches": 12370818645,
                "branch-misses": 283790355,
                "max-rss": 1440384,
                "wall-time": 14.060000000000004,
                "size-text": 280825,
                "size-data": 3052,
                "size-bss": 14911040,
                "size-total": 15194917
            },
            "ClamAV": {
                "task-clock": 40520.932936,
                "context-switches": 3612,
                "cpu-migrations": 182,
                "page-faults": 403022,
                "cycles": 136370843034,
                "instructions": 127040890930,
                "branches": 27179110162,
                "branch-misses": 749877291,
                "max-rss": 4830340,
                "wall-time": 43.160000000000004,
                "size-text": 793997,
                "size-data": 52872,
                "size-bss": 4752,
                "size-total": 851621
            },
            "lencod": {
                "task-clock": 55670.02678100001,
                "context-switches": 3874,
                "cpu-migrations": 187,
                "page-faults": 279249,
                "cycles": 187505169666,
                "instructions": 196886872045,
                "branches": 41499552205,
                "branch-misses": 755665183,
                "max-rss": 2878360,
                "wall-time": 48.61,
                "size-text": 969283,
                "size-data": 2144,
                "size-bss": 106176,
                "size-total": 1077603
            },
            "SPASS": {
                "task-clock": 36870.847353,
                "context-switches": 3212,
                "cpu-migrations": 123,
                "page-faults": 227250,
                "cycles": 124010459294,
                "instructions": 113679920863,
                "branches": 24506001614,
                "branch-misses": 686700350,
                "max-rss": 2629368,
                "wall-time": 32.35,
                "size-text": 625776,
                "size-data": 872,
                "size-bss": 346536,
                "size-total": 973184
            },
            "7zip": {
                "task-clock": 109932.73768100004,
                "context-switches": 11198,
                "cpu-migrations": 419,
                "page-faults": 1029424,
                "cycles": 369663741226,
                "instructions": 323595492297,
                "branches": 69229772235,
                "branch-misses": 1918693295,
                "max-rss": 11477192,
                "wall-time": 100.72,
                "size-text": 1462153,
                "size-data": 4176,
                "size-bss": 29280,
                "size-total": 1495609
            },
            "geomean": {
                "task-clock": 43943.662393430015,
                "context-switches": 2821.911375281597,
                "cpu-migrations": 123.53262963123824,
                "page-faults": 241416.18491495238,
                "cycles": 147899767568.03308,
                "instructions": 137654850812.3411,
                "branches": 29498870098.68276,
                "branch-misses": 716706235.1662154,
                "max-rss": 2110248.9918770758,
                "wall-time": 44.11383066906529,
                "size-text": 707803.6761335373,
                "size-data": 6987.56535283568,
                "size-bss": 35437.433332268796,
                "size-total": 1230785.368956444
            }
        },
        "O3": {
            "kimwitu++": {
                "task-clock": 23488.615169999994,
                "context-switches": 836,
                "cpu-migrations": 15,
                "page-faults": 154331,
                "cycles": 79129851627,
                "instructions": 63993047691,
                "branches": 13766959681,
                "branch-misses": 390364832,
                "max-rss": 1164076,
                "wall-time": 24.139999999999997,
                "size-text": 809721,
                "size-data": 31168,
                "size-bss": 12592,
                "size-total": 853481
            },
            "sqlite3": {
                "task-clock": 31908.743584,
                "context-switches": 167,
                "cpu-migrations": 1,
                "page-faults": 42177,
                "cycles": 107613845445,
                "instructions": 93231195353,
                "branches": 19997615348,
                "branch-misses": 549998896,
                "max-rss": 247276,
                "wall-time": 32.04,