{
    "config": 0,
    "clang_size": [],
    "data": {
        "ReleaseThinLTO": {
            "kimwitu++": {
                "task-clock": 42082.59962600001,
                "context-switches": 2213,
                "cpu-migrations": 127,
                "page-faults": 149224,
                "cycles": 127627447367,
                "instructions": 93505986623,
                "branches": 20293442244,
                "branch-misses": 576269044,
                "max-rss": 1208336,
                "wall-time": 39.03999999999999
            },
            "sqlite3": {
                "task-clock": 56788.299824999995,
                "context-switches": 2974,
                "cpu-migrations": 211,
                "page-faults": 62213,
                "cycles": 172771839696,
                "instructions": 141639640807,
                "branches": 30491252626,
                "branch-misses": 815810131,
                "max-rss": 317828,
                "wall-time": 70.54
            },
            "consumer-typeset": {
                "task-clock": 37268.123164999975,
                "context-switches": 2484,
                "cpu-migrations": 148,
                "page-faults": 188885,
                "cycles": 113697476972,
                "instructions": 92599339633,
                "branches": 19745915699,
                "branch-misses": 569051721,
                "max-rss": 2833652,
                "wall-time": 33.87
            },
            "Bullet": {
                "task-clock": 62550.95292099999,
                "context-switches": 5422,
                "cpu-migrations": 267,
                "page-faults": 497923,
                "cycles": 188745816254,
                "instructions": 139678112404,
                "branches": 29553712940,
                "branch-misses": 785895341,
                "max-rss": 7201348,
                "wall-time": 84.54000000000002
            },
            "tramp3d-v4": {
                "task-clock": 110861.523107,
                "context-switches": 3088,
                "cpu-migrations": 238,
                "page-faults": 128483,
                "cycles": 337472121848,
                "instructions": 289403417318,
                "branches": 63207480161,
                "branch-misses": 1364879680,
                "max-rss": 484848,
                "wall-time": 129.48
            },
            "mafft": {
                "task-clock": 21829.064096000013,
                "context-switches": 787,
                "cpu-migrations": 8,
                "page-faults": 110599,
                "cycles": 66607766734,
                "instructions": 57990459531,
                "branches": 12327198282,
                "branch-misses": 301314425,
                "max-rss": 1553288,
                "wall-time": 17.540000000000003
            },
            "ClamAV": {
                "task-clock": 52104.292712,
                "context-switches": 3904,
                "cpu-migrations": 167,
                "page-faults": 303995,
                "cycles": 157487048935,
                "instructions": 129078674689,
                "branches": 27595418633,
                "branch-misses": 810541086,
                "max-rss": 5220136,
                "wall-time": 54.53999999999998
            },
            "lencod": {
                "task-clock": 68315.95585500001,
                "context-switches": 4170,
                "cpu-migrations": 242,
                "page-faults": 228976,
                "cycles": 208723003234,
                "instructions": 193984467035,
                "branches": 40694387164,
                "branch-misses": 804360105,
                "max-rss": 3129648,
                "wall-time": 59.47999999999999
            },
            "SPASS": {
                "task-clock": 49091.377114,
                "context-switches": 4010,
                "cpu-migrations": 99,
                "page-faults": 176164,
                "cycles": 148571296182,
                "instructions": 116819762456,
                "branches": 25165935794,
                "branch-misses": 758270622,
                "max-rss": 2829688,
                "wall-time": 43.08999999999999
            },
            "7zip": {
                "task-clock": 147017.610141,
                "context-switches": 12253,
                "cpu-migrations": 295,
                "page-faults": 811367,
                "cycles": 443419060625,
                "instructions": 330224701341,
                "branches": 70727211796,
                "branch-misses": 2147935493,
                "max-rss": 12394052,
                "wall-time": 132.01000000000002
            },
            "geomean": {
                "task-clock": 56748.175926492,
                "context-switches": 3339.118391981633,
                "cpu-migrations": 137.2939861824483,
                "page-faults": 203773.04049991607,
                "cycles": 172280943169.17462,
                "instructions": 139430184305.69156,
                "branches": 29853993197.74354,
                "branch-misses": 787574443.9832517,
                "max-rss": 2253786.0974580897,
                "wall-time": 56.48230872594245
            }
        },
        "ReleaseLTO-g": {
            "kimwitu++": {
                "task-clock": 45490.22371500001,
                "context-switches": 1175,
                "cpu-migrations": 1,
                "page-faults": 206196,
                "cycles": 138284237187,
                "instructions": 97325505093,
                "branches": 21029923888,
                "branch-misses": 602647209,
                "max-rss": 1438392,
                "wall-time": 46.09
            },
            "sqlite3": {
                "task-clock": 61519.591931,
                "context-switches": 393,
                "cpu-migrations": 2,
                "page-faults": 110371,
                "cycles": 187725753187,
                "instructions": 151313007913,
                "branches": 32361785169,
                "branch-misses": 845570216,
                "max-rss": 504104,
                "wall-time": 61.66
            },
            "consumer-typeset": {
                "task-clock": 38747.418401999996,
                "context-switches": 887,
                "cpu-migrations": 1,
                "page-faults": 216605,
                "cycles": 118113952104,
                "instructions": 95303542128,
                "branches": 20208233918,
                "branch-misses": 545763276,
                "max-rss": 2971216,
                "wall-time": 40.53999999999999
            },
            "Bullet": {
                "task-clock": 69380.10184699998,
                "context-switches": 3073,
                "cpu-migrations": 1,
                "page-faults": 562520,
                "cycles": 211190088337,
                "instructions": 157117796393,
                "branches": 33142878449,
                "branch-misses": 861165985,
                "max-rss": 7532292,
                "wall-time": 73.68999999999998
            },
            "tramp3d-v4": {
                "task-clock": 112304.231172,
                "context-switches": 769,
                "cpu-migrations": 2,
                "page-faults": 298675,
                "cycles": 341261533073,
                "instructions": 269776447372,
                "branches": 58335789898,
                "branch-misses": 1311013368,
                "max-rss": 1190772,
                "wall-time": 112.46000000000001
            },
            "mafft": {
                "task-clock": 22339.922478,
                "context-switches": 647,
                "cpu-migrations": 0,
                "page-faults": 126364,
                "cycles": 67924975353,
                "instructions": 68362527434,
                "branches": 14461974000,
                "branch-misses": 339033434,
                "max-rss": 1644608,
                "wall-time": 23.280000000000005
            },