{
    "config": 0,
    "clang_size": [],
    "data": {
        "ReleaseThinLTO": {
            "kimwitu++": {
                "task-clock": 42351.43473899999,
                "context-switches": 1590,
                "cpu-migrations": 37,
                "page-faults": 147125,
                "cycles": 128552662255,
                "instructions": 93599572361,
                "branches": 20329558747,
                "branch-misses": 581385492,
                "max-rss": 1205720,
                "wall-time": 38.34
            },
            "sqlite3": {
                "task-clock": 57713.362293,
                "context-switches": 2789,
                "cpu-migrations": 166,
                "page-faults": 62039,
                "cycles": 175296339501,
                "instructions": 141659756900,
                "branches": 30495061958,
                "branch-misses": 814895227,
                "max-rss": 317068,
                "wall-time": 70.77
            },
            "consumer-typeset": {
                "task-clock": 37501.768865,
                "context-switches": 2341,
                "cpu-migrations": 90,
                "page-faults": 188568,
                "cycles": 113872506640,
                "instructions": 92640311255,
                "branches": 19757651705,
                "branch-misses": 567183944,
                "max-rss": 2831600,
                "wall-time": 34.160000000000004
            },
            "Bullet": {
                "task-clock": 62428.074066999994,
                "context-switches": 5211,
                "cpu-migrations": 314,
                "page-faults": 497344,
                "cycles": 189028553168,
                "instructions": 139715011590,
                "branches": 29575503869,
                "branch-misses": 781122797,
                "max-rss": 7203040,
                "wall-time": 85.22
            },
            "tramp3d-v4": {
                "task-clock": 112705.370022,
                "context-switches": 3517,
                "cpu-migrations": 225,
                "page-faults": 126630,
                "cycles": 342236702580,
                "instructions": 289769375764,
                "branches": 63330316573,
                "branch-misses": 1367475498,
                "max-rss": 484100,
                "wall-time": 132.18
            },
            "mafft": {
                "task-clock": 21750.686261000006,
                "context-switches": 735,
                "cpu-migrations": 2,
                "page-faults": 111358,
                "cycles": 66122197098,
                "instructions": 58040160051,
                "branches": 12335859386,
                "branch-misses": 297937615,
                "max-rss": 1553580,
                "wall-time": 17.289999999999996
            },
            "ClamAV": {
                "task-clock": 52390.548674,
                "context-switches": 4195,
                "cpu-migrations": 236,
                "page-faults": 302260,
                "cycles": 159098275784,
                "instructions": 129056719435,
                "branches": 27570255392,
                "branch-misses": 814917213,
                "max-rss": 5219536,
                "wall-time": 55.92999999999997
            },
            "lencod": {
                "task-clock": 69254.84648899999,
                "context-switches": 4208,
                "cpu-migrations": 215,
                "page-faults": 230746,
                "cycles": 210640351840,
                "instructions": 194262542242,
                "branches": 40748466154,
                "branch-misses": 803965074,
                "max-rss": 3123564,
                "wall-time": 60.2
            },
            "SPASS": {
                "task-clock": 49093.66499599999,
                "context-switches": 3822,
                "cpu-migrations": 97,
                "page-faults": 176209,
                "cycles": 149187394110,
                "instructions": 116976208691,
                "branches": 25207390644,
                "branch-misses": 755287312,
                "max-rss": 2828484,
                "wall-time": 42.88000000000001
            },
            "7zip": {
                "task-clock": 146596.734568,
                "context-switches": 12460,
                "cpu-migrations": 353,
                "page-faults": 810799,
                "cycles": 444849704200,
                "instructions": 330391755969,
                "branches": 70760265502,
                "branch-misses": 2142855102,
                "max-rss": 12374184,
                "wall-time": 131.59
            },
            "geomean": {
                "task-clock": 57066.950225382236,
                "context-switches": 3213.8412851618527,
                "cpu-migrations": 103.10011236219886,
                "page-faults": 203244.60773590108,
                "cycles": 173285672083.878,
                "instructions": 139528875858.46964,
                "branches": 29879102076.74011,
                "branch-misses": 786594628.5237211,
                "max-rss": 2251421.4087047805,
                "wall-time": 56.692295363034354
            }
        },
        "ReleaseLTO-g": {
            "kimwitu++": {
                "task-clock": 45968.54100799999,
                "context-switches": 828,
                "cpu-migrations": 1,
                "page-faults": 205942,
                "cycles": 139329955724,
                "instructions": 97286226896,
                "branches": 21040678771,
                "branch-misses": 600720263,
                "max-rss": 1437844,
                "wall-time": 46.580000000000005
            },
            "sqlite3": {
                "task-clock": 62888.879609,
                "context-switches": 420,
                "cpu-migrations": 1,
                "page-faults": 109033,
                "cycles": 190529389115,
                "instructions": 150998221487,
                "branches": 32296531294,
                "branch-misses": 844732264,
                "max-rss": 499320,
                "wall-time": 63.05
            },
            "consumer-typeset": {
                "task-clock": 39290.071951,
                "context-switches": 919,
                "cpu-migrations": 1,
                "page-faults": 216729,
                "cycles": 118985036700,
                "instructions": 95313695636,
                "branches": 20212741122,
                "branch-misses": 545073441,
                "max-rss": 2968640,
                "wall-time": 41.160000000000004
            },
            "Bullet": {
                "task-clock": 69690.40479100001,
                "context-switches": 2651,
                "cpu-migrations": 1,
                "page-faults": 562237,
                "cycles": 211021547460,
                "instructions": 157159267774,
                "branches": 33165056446,
                "branch-misses": 853430705,
                "max-rss": 7528576,
                "wall-time": 74.07000000000001
            },
            "tramp3d-v4": {
                "task-clock": 114151.750681,
                "context-switches": 1094,
                "cpu-migrations": 1,
                "page-faults": 297918,
                "cycles": 346477976033,
                "instructions": 270355617169,
                "branches": 58492150631,
                "branch-misses": 1307720682,
                "max-rss": 1189860,
                "wall-time": 114.31
            },
            "mafft": {
                "task-clock": 22653.957623999995,
                "context-switches": 597,
                "cpu-migrations": 0,
                "page-faults": 126046,
                "cycles": 68603587832,
                "instructions": 68388430647,
                "branches": 14461766611,
                "branch-misses": 339111252,
                "max-rss": 1645032,
                "wall-time": 23.609999999999996
            },
            "ClamAV": {
                "task-clock": 59951.843176,