{
    "config": 0,
    "clang_size": [],
    "data": {
        "ReleaseThinLTO": {
            "kimwitu++": {
                "task-clock": 42186.129264999996,
                "context-switches": 2184,
                "cpu-migrations": 67,
                "page-faults": 147376,
                "cycles": 127191424120,
                "instructions": 93285484598,
                "branches": 20240798682,
                "branch-misses": 579589901,
                "max-rss": 1205796,
                "wall-time": 38.7
            },
            "sqlite3": {
                "task-clock": 56670.432489,
                "context-switches": 2677,
                "cpu-migrations": 144,
                "page-faults": 61646,
                "cycles": 171362996225,
                "instructions": 139957558183,
                "branches": 30121101465,
                "branch-misses": 812147779,
                "max-rss": 316160,
                "wall-time": 69.85
            },
            "consumer-typeset": {
                "task-clock": 37101.56672599999,
                "context-switches": 2467,
                "cpu-migrations": 144,
                "page-faults": 186916,
                "cycles": 112214264853,
                "instructions": 91536920404,
                "branches": 19505821862,
                "branch-misses": 565446752,
                "max-rss": 2838400,
                "wall-time": 33.94999999999999
            },
            "Bullet": {
                "task-clock": 62572.70931999998,
                "context-switches": 5208,
                "cpu-migrations": 205,
                "page-faults": 498040,
                "cycles": 188336506492,
                "instructions": 139159400884,
                "branches": 29431673011,
                "branch-misses": 787109736,
                "max-rss": 7209476,
                "wall-time": 84.63999999999996
            },
            "tramp3d-v4": {
                "task-clock": 110851.281468,
                "context-switches": 3135,
                "cpu-migrations": 163,
                "page-faults": 128496,
                "cycles": 334507860630,
                "instructions": 286625449587,
                "branches": 62608912284,
                "branch-misses": 1350940631,
                "max-rss": 483656,
                "wall-time": 129.07999999999998
            },
            "mafft": {
                "task-clock": 21765.547386,
                "context-switches": 780,
                "cpu-migrations": 2,
                "page-faults": 110636,
                "cycles": 65724830420,
                "instructions": 57372537043,
                "branches": 12195864144,
                "branch-misses": 298266638,
                "max-rss": 1552620,
                "wall-time": 17.339999999999996
            },
            "ClamAV": {
                "task-clock": 51320.510625,
                "context-switches": 4042,
                "cpu-migrations": 187,
                "page-faults": 303705,
                "cycles": 155029873694,
                "instructions": 126339282651,
                "branches": 27004124437,
                "branch-misses": 807130871,
                "max-rss": 5225168,
                "wall-time": 54.61999999999999
            },
            "lencod": {
                "task-clock": 68406.016555,
                "context-switches": 4506,
                "cpu-migrations": 189,
                "page-faults": 230750,
                "cycles": 206536636409,
                "instructions": 190682537117,
                "branches": 40004614357,
                "branch-misses": 794663971,
                "max-rss": 3124192,
                "wall-time": 59.879999999999995
            },
            "SPASS": {
                "task-clock": 48841.277912000005,
                "context-switches": 3761,
                "cpu-migrations": 70,
                "page-faults": 175778,
                "cycles": 147529969194,
                "instructions": 115885505983,
                "branches": 24961258362,
                "branch-misses": 754734718,
                "max-rss": 2835876,
                "wall-time": 42.27
            },
            "7zip": {
                "task-clock": 146116.70046999998,
                "context-switches": 12198,
                "cpu-migrations": 340,
                "page-faults": 811651,
                "cycles": 439499084552,
                "instructions": 325960804034,
                "branches": 69811960362,
                "branch-misses": 2143266680,
                "max-rss": 12387004,
                "wall-time": 131.76999999999998
            },
            "geomean": {
                "task-clock": 56567.70862503375,
                "context-switches": 3300.694075946707,
                "cpu-migrations": 97.55851063255213,
                "page-faults": 203233.63935933524,
                "cycles": 170716067375.87662,
                "instructions": 137910772467.03952,
                "branches": 29523394737.106453,
                "branch-misses": 783866642.3709139,
                "max-rss": 2252294.262870936,
                "wall-time": 56.24297877479613
            }
        },
        "ReleaseLTO-g": {
            "kimwitu++": {
                "task-clock": 45170.46095299999,
                "context-switches": 1017,
                "cpu-migrations": 1,
                "page-faults": 205956,
                "cycles": 137441851946,
                "instructions": 96906357778,
                "branches": 20939545950,
                "branch-misses": 600733989,
                "max-rss": 1438760,
                "wall-time": 45.76
            },
            "sqlite3": {
                "task-clock": 60995.696822,
                "context-switches": 382,
                "cpu-migrations": 1,
                "page-faults": 110265,
                "cycles": 185644604723,
                "instructions": 149330512555,
                "branches": 31938114909,
                "branch-misses": 840455283,
                "max-rss": 504256,
                "wall-time": 61.14
            },
            "consumer-typeset": {
                "task-clock": 38394.75019599999,
                "context-switches": 899,
                "cpu-migrations": 1,
                "page-faults": 216883,
                "cycles": 116865332043,
                "instructions": 94109721648,
                "branches": 19945504133,
                "branch-misses": 542515775,
                "max-rss": 2975124,
                "wall-time": 40.3
            },
            "Bullet": {
                "task-clock": 69439.99946099994,
                "context-switches": 3450,
                "cpu-migrations": 1,
                "page-faults": 562766,
                "cycles": 210236041454,
                "instructions": 156475278390,
                "branches": 32998528422,
                "branch-misses": 859249970,
                "max-rss": 7530816,
                "wall-time": 73.78999999999998
            },
            "tramp3d-v4": {
                "task-clock": 111895.540922,
                "context-switches": 668,
                "cpu-migrations": 2,
                "page-faults": 298621,
                "cycles": 340535700058,
                "instructions": 267877394266,
                "branches": 57941324620,
                "branch-misses": 1308028177,
                "max-rss": 1191128,
                "wall-time": 112.07
            },
            "mafft": {
                "task-clock": 22034.849462,
                "context-switches": 611,
                "cpu-migrations": 0,
                "page-faults": 126121,
                "cycles": 67160054861,
                "instructions": 67350967663,
                "branches": 14248298337,
                "branch-misses": 337657990,
                "max-rss": 1643404,
                "wall-time": 22.999999999999993
            },