{
    "config": 0,
    "clang_size": {
        "size-text": 66531802,
        "size-data": 2765744,
        "size-bss": 252752,
        "size-total": 69550298
    },
    "data": {
        "ReleaseThinLTO": {
            "kimwitu++": {
                "task-clock": 31717.428022000004,
                "context-switches": 1776,
                "cpu-migrations": 75,
                "page-faults": 160073,
                "cycles": 106775453646,
                "instructions": 91290702777,
                "branches": 19721618534,
                "branch-misses": 504528667,
                "max-rss": 1143744,
                "wall-time": 29.43,
                "size-text": 789412,
                "size-data": 25960,
                "size-bss": 12560,
                "size-total": 827932
            },
            "sqlite3": {
                "task-clock": 47367.436646,
                "context-switches": 2304,
                "cpu-migrations": 132,
                "page-faults": 63967,
                "cycles": 159443623831,
                "instructions": 143373063631,
                "branches": 30937033494,
                "branch-misses": 780014063,
                "max-rss": 308336,
                "wall-time": 57.75,
                "size-text": 811258,
                "size-data": 3095,
                "size-bss": 624,
                "size-total": 814977
            },
            "consumer-typeset": {
                "task-clock": 29774.353888999987,
                "context-switches": 2272,
                "cpu-migrations": 108,
                "page-faults": 241184,
                "cycles": 100157432158,
                "instructions": 92574788213,
                "branches": 19709923761,
                "branch-misses": 531415609,
                "max-rss": 2669380,
                "wall-time": 27.77,
                "size-text": 686914,
                "size-data": 3768,
                "size-bss": 65200,
                "size-total": 755882
            },
            "Bullet": {
                "task-clock": 47453.21016399999,
                "context-switches": 4431,
                "cpu-migrations": 269,
                "page-faults": 624446,
                "cycles": 159483325231,
                "instructions": 139010569669,
                "branches": 29323569663,
                "branch-misses": 699783562,
                "max-rss": 6757856,
                "wall-time": 65.85999999999999,
                "size-text": 395620,
                "size-data": 403696,
                "size-bss": 43328,
                "size-total": 842644
            },
            "tramp3d-v4": {
                "task-clock": 91327.819469,
                "context-switches": 2824,
                "cpu-migrations": 150,
                "page-faults": 127324,
                "cycles": 307341987970,
                "instructions": 292801011941,
                "branches": 64140893142,
                "branch-misses": 1275382202,
                "max-rss": 479068,
                "wall-time": 107.42,
                "size-text": 906442,
                "size-data": 1800,
                "size-bss": 1848,
                "size-total": 910090
            },
            "mafft": {
                "task-clock": 17672.966275,
                "context-switches": 731,
                "cpu-migrations": 30,
                "page-faults": 138833,
                "cycles": 59497972748,
                "instructions": 58794209389,
                "branches": 12505796246,
                "branch-misses": 290384517,
                "max-rss": 1461744,
                "wall-time": 14.420000000000005,
                "size-text": 279105,
                "size-data": 3052,
                "size-bss": 14911040,
                "size-total": 15193197
            },
            "ClamAV": {
                "task-clock": 41678.31598,
                "context-switches": 3520,
                "cpu-migrations": 300,
                "page-faults": 412188,
                "cycles": 140199746083,
                "instructions": 129459396498,
                "branches": 27663296831,
                "branch-misses": 770207195,
                "max-rss": 4907080,
                "wall-time": 44.79999999999997,
                "size-text": 793525,
                "size-data": 52872,
                "size-bss": 4752,
                "size-total": 851149
            },
            "lencod": {
                "task-clock": 56204.41544,
                "context-switches": 3705,
                "cpu-migrations": 216,
                "page-faults": 281402,
                "cycles": 189066611074,
                "instructions": 195899766050,
                "branches": 41301879768,
                "branch-misses": 766326398,
                "max-rss": 2919872,
                "wall-time": 48.9,
                "size-text": 965227,
                "size-data": 2144,
                "size-bss": 106176,
                "size-total": 1073547
            },
            "SPASS": {
                "task-clock": 37737.294313,
                "context-switches": 3386,
                "cpu-migrations": 97,
                "page-faults": 229643,
                "cycles": 126789492976,
                "instructions": 115012725451,
                "branches": 24752406643,
                "branch-misses": 699855191,
                "max-rss": 2664892,
                "wall-time": 33.019999999999996,
                "size-text": 619144,
                "size-data": 872,
                "size-bss": 346536,
                "size-total": 966552
            },
            "7zip": {
                "task-clock": 113089.545957,
                "context-switches": 12081,
                "cpu-migrations": 463,
                "page-faults": 1044181,
                "cycles": 379940444287,
                "instructions": 329867673071,
                "branches": 70517833177,
                "branch-misses": 1969978925,
                "max-rss": 11638368,
                "wall-time": 103.56,
                "size-text": 1465769,
                "size-data": 4160,
                "size-bss": 29280,
                "size-total": 1499209
            },
            "geomean": {
                "task-clock": 45026.39888420812,
                "context-switches": 2921.9570615838925,
                "cpu-migrations": 143.74579446498103,
                "page-faults": 244330.22522830617,
                "cycles": 151452412905.9277,
                "instructions": 139495273963.84134,
                "branches": 29863172989.99117,
                "branch-misses": 731895582.3275976,
                "max-rss": 2136288.748343811,
                "wall-time": 45.26000784569269,
                "size-text": 705634.5282828951,
                "size-data": 6984.009238215472,
                "size-bss": 35437.433332268796,
                "size-total": 1229103.832660959
            }
        },
        "O3": {
            "kimwitu++": {
                "task-clock": 24066.26956500001,
                "context-switches": 868,
                "cpu-migrations": 15,
                "page-faults": 155080,
                "cycles": 80981092199,
                "instructions": 65236056227,
                "branches": 14022983188,
                "branch-misses": 401086257,
                "max-rss": 1175868,
                "wall-time": 24.719999999999995,
                "size-text": 807977,
                "size-data": 31168,
                "size-bss": 12592,
                "size-total": 851737
            },
            "sqlite3": {
                "task-clock": 33086.860325999995,
                "context-switches": 303,
                "cpu-migrations": 4,
                "page-faults": 42335,
                "cycles": 111372644461,
                "instructions": 94896475459,
                "branches": 20330882945,
                "branch-misses": 560742021,
                "max-rss": 250556,
                "wall-time": 33.22,