{
    "config": 0,
    "clang_size": [],
    "data": {
        "ReleaseThinLTO": {
            "kimwitu++": {
                "task-clock": 41632.62100100001,
                "context-switches": 2199,
                "cpu-migrations": 92,
                "page-faults": 147233,
                "cycles": 126512909605,
                "instructions": 93530999485,
                "branches": 20300301771,
                "branch-misses": 580441763,
                "max-rss": 1206244,
                "wall-time": 38.35
            },
            "sqlite3": {
                "task-clock": 56797.725402,
                "context-switches": 2592,
                "cpu-migrations": 126,
                "page-faults": 61661,
                "cycles": 172497602366,
                "instructions": 141632543647,
                "branches": 30488432469,
                "branch-misses": 815431241,
                "max-rss": 315828,
                "wall-time": 69.97
            },
            "consumer-typeset": {
                "task-clock": 37229.81478099999,
                "context-switches": 2458,
                "cpu-migrations": 99,
                "page-faults": 188292,
                "cycles": 112966008099,
                "instructions": 92574584198,
                "branches": 19739725251,
                "branch-misses": 568171458,
                "max-rss": 2831372,
                "wall-time": 34.279999999999994
            },
            "Bullet": {
                "task-clock": 61874.21403400002,
                "context-switches": 5135,
                "cpu-migrations": 294,
                "page-faults": 497371,
                "cycles": 187878290525,
                "instructions": 139599574503,
                "branches": 29536694137,
                "branch-misses": 782896163,
                "max-rss": 7203180,
                "wall-time": 83.59999999999998
            },
            "tramp3d-v4": {
                "task-clock": 111393.40567499999,
                "context-switches": 3072,
                "cpu-migrations": 174,
                "page-faults": 127240,
                "cycles": 338076842124,
                "instructions": 289292913508,
                "branches": 63182463678,
                "branch-misses": 1366843504,
                "max-rss": 484764,
                "wall-time": 129.5
            },
            "mafft": {
                "task-clock": 21666.803706,
                "context-switches": 826,
                "cpu-migrations": 1,
                "page-faults": 111728,
                "cycles": 65730517386,
                "instructions": 57990215423,
                "branches": 12326310393,
                "branch-misses": 298194656,
                "max-rss": 1553220,
                "wall-time": 17.259999999999998
            },
            "ClamAV": {
                "task-clock": 51716.735983000006,
                "context-switches": 3845,
                "cpu-migrations": 188,
                "page-faults": 301722,
                "cycles": 157059344547,
                "instructions": 129003927345,
                "branches": 27576380883,
                "branch-misses": 811989977,
                "max-rss": 5220436,
                "wall-time": 54.21999999999998
            },
            "lencod": {
                "task-clock": 68588.82681999999,
                "context-switches": 4406,
                "cpu-migrations": 248,
                "page-faults": 228630,
                "cycles": 208166682595,
                "instructions": 193986742477,
                "branches": 40695700140,
                "branch-misses": 804191567,
                "max-rss": 3120520,
                "wall-time": 60.15
            },
            "SPASS": {
                "task-clock": 48813.44787,
                "context-switches": 3709,
                "cpu-migrations": 98,
                "page-faults": 175406,
                "cycles": 148042218958,
                "instructions": 116774900076,
                "branches": 25155204089,
                "branch-misses": 758510586,
                "max-rss": 2829344,
                "wall-time": 42.56999999999999
            },
            "7zip": {
                "task-clock": 145579.292969,
                "context-switches": 12618,
                "cpu-migrations": 322,
                "page-faults": 809479,
                "cycles": 442182709008,
                "instructions": 330278676245,
                "branches": 70735183400,
                "branch-misses": 2145285268,
                "max-rss": 12381416,
                "wall-time": 131.01
            },
            "geomean": {
                "task-clock": 56498.161672646944,
                "context-switches": 3281.3850907365845,
                "cpu-migrations": 98.54580972249869,
                "page-faults": 202922.58979921567,
                "cycles": 171513658450.41696,
                "instructions": 139405273694.11203,
                "branches": 29847773183.87595,
                "branch-misses": 787028592.74178,
                "max-rss": 2250899.033275941,
                "wall-time": 56.1699210488494
            }
        },
        "ReleaseLTO-g": {
            "kimwitu++": {
                "task-clock": 45324.80885399999,
                "context-switches": 787,
                "cpu-migrations": 1,
                "page-faults": 206185,
                "cycles": 137462576169,
                "instructions": 97349117103,
                "branches": 21038885028,
                "branch-misses": 600017310,
                "max-rss": 1438160,
                "wall-time": 45.91
            },
            "sqlite3": {
                "task-clock": 61887.047376,
                "context-switches": 425,
                "cpu-migrations": 1,
                "page-faults": 110213,
                "cycles": 188168544991,
                "instructions": 151317598215,
                "branches": 32363216661,
                "branch-misses": 848149994,
                "max-rss": 504596,
                "wall-time": 62.03
            },
            "consumer-typeset": {
                "task-clock": 38826.733355,
                "context-switches": 888,
                "cpu-migrations": 1,
                "page-faults": 216957,
                "cycles": 117963454578,
                "instructions": 95339512752,
                "branches": 20217119684,
                "branch-misses": 547207974,
                "max-rss": 2972204,
                "wall-time": 40.63
            },
            "Bullet": {
                "task-clock": 69598.35620499999,
                "context-switches": 3020,
                "cpu-migrations": 2,
                "page-faults": 562309,
                "cycles": 210578323557,
                "instructions": 157165514501,
                "branches": 33155676342,
                "branch-misses": 858968366,
                "max-rss": 7528080,
                "wall-time": 73.98999999999998
            },
            "tramp3d-v4": {
                "task-clock": 112076.729351,
                "context-switches": 1149,
                "cpu-migrations": 1,
                "page-faults": 298741,
                "cycles": 340656503615,
                "instructions": 270151425705,
                "branches": 58415779892,
                "branch-misses": 1308254022,
                "max-rss": 1191236,
                "wall-time": 112.27
            },
            "mafft": {
                "task-clock": 22479.962691000004,
                "context-switches": 603,
                "cpu-migrations": 1,
                "page-faults": 126315,
                "cycles": 68248815922,
                "instructions": 68344645922,
                "branches": 14457609678,
                "branch-misses": 338330974,
                "max-rss": 1641844,
                "wall-time": 23.43
            },
            "ClamAV": {
                "task-clock": 59342.59364800002,