{
    "config": 0,
    "clang_size": {
        "size-text": 68503422,
        "size-data": 2842408,
        "size-bss": 290408,
        "size-total": 71636238
    },
    "data": {
        "ReleaseThinLTO": {
            "kimwitu++": {
                "task-clock": 31569.360217,
                "context-switches": 1688,
                "cpu-migrations": 59,
                "page-faults": 142839,
                "cycles": 106230158171,
                "instructions": 91980529256,
                "branches": 20010267760,
                "branch-misses": 509157598,
                "max-rss": 1171088,
                "wall-time": 29.100000000000005,
                "size-text": 786980,
                "size-data": 25960,
                "size-bss": 12560,
                "size-total": 825500
            },
            "sqlite3": {
                "task-clock": 46993.665460000004,
                "context-switches": 2069,
                "cpu-migrations": 203,
                "page-faults": 59984,
                "cycles": 157110320563,
                "instructions": 144339075966,
                "branches": 31075419621,
                "branch-misses": 770091449,
                "max-rss": 308612,
                "wall-time": 58.150000000000006,
                "size-text": 780826,
                "size-data": 3095,
                "size-bss": 624,
                "size-total": 784545
            },
            "consumer-typeset": {
                "task-clock": 29672.987213000004,
                "context-switches": 1931,
                "cpu-migrations": 111,
                "page-faults": 182155,
                "cycles": 99409938085,
                "instructions": 93221971192,
                "branches": 19876273670,
                "branch-misses": 527599409,
                "max-rss": 2741040,
                "wall-time": 27.020000000000007,
                "size-text": 667954,
                "size-data": 3768,
                "size-bss": 65200,
                "size-total": 736922
            },
            "Bullet": {
                "task-clock": 47221.67784800001,
                "context-switches": 4077,
                "cpu-migrations": 131,
                "page-faults": 483873,
                "cycles": 158643897791,
                "instructions": 140387515660,
                "branches": 29778821757,
                "branch-misses": 701706416,
                "max-rss": 6974776,
                "wall-time": 64.51,
                "size-text": 394152,
                "size-data": 403696,
                "size-bss": 43328,
                "size-total": 841176
            },
            "tramp3d-v4": {
                "task-clock": 90852.76042400001,
                "context-switches": 2556,
                "cpu-migrations": 167,
                "page-faults": 121046,
                "cycles": 304944041424,
                "instructions": 296089297543,
                "branches": 64795194923,
                "branch-misses": 1270690137,
                "max-rss": 478792,
                "wall-time": 106.33,
                "size-text": 885402,
                "size-data": 1800,
                "size-bss": 1848,
                "size-total": 889050
            },
            "mafft": {
                "task-clock": 17964.117467000004,
                "context-switches": 840,
                "cpu-migrations": 25,
                "page-faults": 107964,
                "cycles": 60339082524,
                "instructions": 59844204570,
                "branches": 12713848214,
                "branch-misses": 289914464,
                "max-rss": 1505152,
                "wall-time": 14.860000000000001,
                "size-text": 275689,
                "size-data": 3052,
                "size-bss": 14911040,
                "size-total": 15189781
            },
            "ClamAV": {
                "task-clock": 41410.70681900001,
                "context-switches": 3287,
                "cpu-migrations": 238,
                "page-faults": 293785,
                "cycles": 138710200614,
                "instructions": 130119704151,
                "branches": 27780121040,
                "branch-misses": 761706217,
                "max-rss": 5053080,
                "wall-time": 45.07,
                "size-text": 773613,
                "size-data": 52872,
                "size-bss": 4752,
                "size-total": 831237
            },
            "lencod": {
                "task-clock": 57408.404408,
                "context-switches": 3630,
                "cpu-migrations": 255,
                "page-faults": 224883,
                "cycles": 192670902181,
                "instructions": 202234604410,
                "branches": 42409289197,
                "branch-misses": 765131881,
                "max-rss": 3021016,
                "wall-time": 50.449999999999996,
                "size-text": 957979,
                "size-data": 2144,
                "size-bss": 106176,
                "size-total": 1066299
            },
            "SPASS": {
                "task-clock": 38001.504589,
                "context-switches": 3094,
                "cpu-migrations": 69,
                "page-faults": 170481,
                "cycles": 127476978352,
                "instructions": 116659828545,
                "branches": 25185013215,
                "branch-misses": 695569704,
                "max-rss": 2737620,
                "wall-time": 33.32000000000001,
                "size-text": 608440,
                "size-data": 872,
                "size-bss": 346536,
                "size-total": 955848
            },
            "7zip": {
                "task-clock": 111232.48154899999,
                "context-switches": 10787,
                "cpu-migrations": 264,
                "page-faults": 795036,
                "cycles": 373556133222,
                "instructions": 329522440030,
                "branches": 70615151583,
                "branch-misses": 1940848362,
                "max-rss": 11990448,
                "wall-time": 102.18,
                "size-text": 1433841,
                "size-data": 4160,
                "size-bss": 29280,
                "size-total": 1467281
            },
            "geomean": {
                "task-clock": 45005.67022809849,
                "context-switches": 2736.03933698356,
                "cpu-migrations": 123.17339044607478,
                "page-faults": 197075.8072661473,
                "cycles": 151002338640.47656,
                "instructions": 141038482637.70963,
                "branches": 30220158712.56057,
                "branch-misses": 728453758.0929856,
                "max-rss": 2186297.7092311424,
                "wall-time": 45.261082196829356,
                "size-text": 692960.8016962184,
                "size-data": 6984.009238215472,
                "size-bss": 35437.433332268796,
                "size-total": 1210215.4774662808
            }
        },
        "O3": {
            "kimwitu++": {
                "task-clock": 24655.799109999996,
                "context-switches": 821,
                "cpu-migrations": 1,
                "page-faults": 139077,
                "cycles": 82539872836,
                "instructions": 66587558811,
                "branches": 14430196741,
                "branch-misses": 413291238,
                "max-rss": 1202968,
                "wall-time": 25.319999999999997,
                "size-text": 805309,
                "size-data": 31168,
                "size-bss": 12592,
                "size-total": 849069
            },
            "sqlite3": {
                "task-clock": 32579.832597,
                "context-switches": 175,
                "cpu-migrations": 1,
                "page-faults": 39384,
                "cycles": 109628837945,
                "instructions": 96373706159,
                "branches": 20612614665,
                "branch-misses": 559940626,
                "max-rss": 251368,