{
    "config": 0,
    "clang_size": [],
    "data": {
        "ReleaseThinLTO": {
            "kimwitu++": {
                "task-clock": 42369.769003,
                "context-switches": 2026,
                "cpu-migrations": 135,
                "page-faults": 148472,
                "cycles": 128309098712,
                "instructions": 93538714621,
                "branches": 20318366983,
                "branch-misses": 581383289,
                "max-rss": 1209260,
                "wall-time": 39.4
            },
            "sqlite3": {
                "task-clock": 58844.794996,
                "context-switches": 2557,
                "cpu-migrations": 155,
                "page-faults": 62315,
                "cycles": 177720016921,
                "instructions": 141534336889,
                "branches": 30465676095,
                "branch-misses": 817683017,
                "max-rss": 318864,
                "wall-time": 71.74
            },
            "consumer-typeset": {
                "task-clock": 37767.13459699999,
                "context-switches": 2550,
                "cpu-migrations": 188,
                "page-faults": 186812,
                "cycles": 114278712030,
                "instructions": 92583226310,
                "branches": 19746643296,
                "branch-misses": 568329784,
                "max-rss": 2828820,
                "wall-time": 34.89999999999999
            },
            "Bullet": {
                "task-clock": 62419.09785299999,
                "context-switches": 5499,
                "cpu-migrations": 242,
                "page-faults": 498097,
                "cycles": 189027091598,
                "instructions": 139653955515,
                "branches": 29561234656,
                "branch-misses": 785590725,
                "max-rss": 7203344,
                "wall-time": 84.30999999999999
            },
            "tramp3d-v4": {
                "task-clock": 113439.720197,
                "context-switches": 3688,
                "cpu-migrations": 171,
                "page-faults": 128256,
                "cycles": 343653121765,
                "instructions": 289746456370,
                "branches": 63326285257,
                "branch-misses": 1366998928,
                "max-rss": 487284,
                "wall-time": 131.84
            },
            "mafft": {
                "task-clock": 21868.057903,
                "context-switches": 742,
                "cpu-migrations": 1,
                "page-faults": 111282,
                "cycles": 66101038764,
                "instructions": 58010061888,
                "branches": 12328684079,
                "branch-misses": 297539689,
                "max-rss": 1554192,
                "wall-time": 17.449999999999996
            },
            "ClamAV": {
                "task-clock": 52702.804109000026,
                "context-switches": 4028,
                "cpu-migrations": 265,
                "page-faults": 302393,
                "cycles": 159180944510,
                "instructions": 129085565732,
                "branches": 27575902857,
                "branch-misses": 814270471,
                "max-rss": 5212612,
                "wall-time": 56.20000000000001
            },
            "lencod": {
                "task-clock": 69644.47942599999,
                "context-switches": 4134,
                "cpu-migrations": 210,
                "page-faults": 229418,
                "cycles": 210577462969,
                "instructions": 194184913270,
                "branches": 40731980979,
                "branch-misses": 804410520,
                "max-rss": 3116440,
                "wall-time": 60.790000000000006
            },
            "SPASS": {
                "task-clock": 49466.33351499999,
                "context-switches": 3851,
                "cpu-migrations": 120,
                "page-faults": 175361,
                "cycles": 149553078878,
                "instructions": 116994074027,
                "branches": 25209633632,
                "branch-misses": 758037808,
                "max-rss": 2829008,
                "wall-time": 43.17
            },
            "7zip": {
                "task-clock": 147212.08564900002,
                "context-switches": 12745,
                "cpu-migrations": 360,
                "page-faults": 812349,
                "cycles": 445265599591,
                "instructions": 330296350169,
                "branches": 70735691297,
                "branch-misses": 2147319063,
                "max-rss": 12374860,
                "wall-time": 132.85000000000002
            },
            "geomean": {
                "task-clock": 57421.49087687931,
                "context-switches": 3319.5270957673843,
                "cpu-migrations": 114.61946335668544,
                "page-faults": 203438.5891894398,
                "cycles": 173681244982.22684,
                "instructions": 139480052865.05963,
                "branches": 29868173241.78626,
                "branch-misses": 787769430.3480581,
                "max-rss": 2253948.6137938765,
                "wall-time": 57.19942726462446
            }
        },
        "ReleaseLTO-g": {
            "kimwitu++": {
                "task-clock": 45928.22635900001,
                "context-switches": 1177,
                "cpu-migrations": 1,
                "page-faults": 205753,
                "cycles": 139244860861,
                "instructions": 97218392279,
                "branches": 21028359436,
                "branch-misses": 597137445,
                "max-rss": 1439140,
                "wall-time": 46.56000000000001
            },
            "sqlite3": {
                "task-clock": 63194.25320600001,
                "context-switches": 651,
                "cpu-migrations": 1,
                "page-faults": 110000,
                "cycles": 192188003003,
                "instructions": 150954218175,
                "branches": 32290771759,
                "branch-misses": 847049698,
                "max-rss": 503596,
                "wall-time": 63.370000000000005
            },
            "consumer-typeset": {
                "task-clock": 39404.544133999996,
                "context-switches": 813,
                "cpu-migrations": 1,
                "page-faults": 216687,
                "cycles": 119559602225,
                "instructions": 95259848240,
                "branches": 20201661020,
                "branch-misses": 545729161,
                "max-rss": 2966924,
                "wall-time": 41.279999999999994
            },
            "Bullet": {
                "task-clock": 69613.810451,
                "context-switches": 3563,
                "cpu-migrations": 2,
                "page-faults": 562378,
                "cycles": 210931626765,
                "instructions": 157072136866,
                "branches": 33149306920,
                "branch-misses": 856362415,
                "max-rss": 7525244,
                "wall-time": 74.07000000000001
            },
            "tramp3d-v4": {
                "task-clock": 115245.05615799999,
                "context-switches": 575,
                "cpu-migrations": 2,
                "page-faults": 298390,
                "cycles": 348971732528,
                "instructions": 269799443577,
                "branches": 58374386426,
                "branch-misses": 1304244336,
                "max-rss": 1191740,
                "wall-time": 115.41
            },
            "mafft": {
                "task-clock": 22564.409066,
                "context-switches": 632,
                "cpu-migrations": 0,
                "page-faults": 126223,
                "cycles": 68579755290,
                "instructions": 68336112860,
                "branches": 14450728871,
                "branch-misses": 338802859,
                "max-rss": 1642484,
                "wall-time": 23.53
            },