{
    "config": 0,
    "clang_size": [],
    "data": {
        "ReleaseThinLTO": {
            "kimwitu++": {
                "task-clock": 42080.774626,
                "context-switches": 2149,
                "cpu-migrations": 80,
                "page-faults": 148762,
                "cycles": 127392817875,
                "instructions": 93499328582,
                "branches": 20293509452,
                "branch-misses": 575260292,
                "max-rss": 1211512,
                "wall-time": 38.94
            },
            "sqlite3": {
                "task-clock": 57766.722693,
                "context-switches": 2849,
                "cpu-migrations": 173,
                "page-faults": 61972,
                "cycles": 174975701489,
                "instructions": 141484616484,
                "branches": 30443837585,
                "branch-misses": 817837235,
                "max-rss": 318148,
                "wall-time": 71.31
            },
            "consumer-typeset": {
                "task-clock": 37633.91595300002,
                "context-switches": 2699,
                "cpu-migrations": 130,
                "page-faults": 187047,
                "cycles": 113934733000,
                "instructions": 92474666782,
                "branches": 19714414045,
                "branch-misses": 570135103,
                "max-rss": 2838708,
                "wall-time": 35.019999999999996
            },
            "Bullet": {
                "task-clock": 62263.805682,
                "context-switches": 5411,
                "cpu-migrations": 246,
                "page-faults": 497387,
                "cycles": 188464708447,
                "instructions": 139625641302,
                "branches": 29541874965,
                "branch-misses": 783301306,
                "max-rss": 7209600,
                "wall-time": 83.43
            },
            "tramp3d-v4": {
                "task-clock": 112307.056119,
                "context-switches": 4156,
                "cpu-migrations": 190,
                "page-faults": 127348,
                "cycles": 340199938887,
                "instructions": 289408794820,
                "branches": 63185539391,
                "branch-misses": 1364657474,
                "max-rss": 484340,
                "wall-time": 132.14
            },
            "mafft": {
                "task-clock": 21860.456312000002,
                "context-switches": 885,
                "cpu-migrations": 2,
                "page-faults": 111373,
                "cycles": 66247401210,
                "instructions": 57985380203,
                "branches": 12321602865,
                "branch-misses": 300011794,
                "max-rss": 1554700,
                "wall-time": 17.549999999999994
            },
            "ClamAV": {
                "task-clock": 52176.44136000003,
                "context-switches": 4024,
                "cpu-migrations": 230,
                "page-faults": 302660,
                "cycles": 158020827897,
                "instructions": 128907779989,
                "branches": 27539346349,
                "branch-misses": 812754176,
                "max-rss": 5212372,
                "wall-time": 55.21
            },
            "lencod": {
                "task-clock": 69271.811169,
                "context-switches": 4427,
                "cpu-migrations": 225,
                "page-faults": 232061,
                "cycles": 209796930835,
                "instructions": 194029136218,
                "branches": 40677742659,
                "branch-misses": 807483319,
                "max-rss": 3128528,
                "wall-time": 60.83
            },
            "SPASS": {
                "task-clock": 49040.501541000005,
                "context-switches": 3949,
                "cpu-migrations": 109,
                "page-faults": 175567,
                "cycles": 148508281897,
                "instructions": 116831213296,
                "branches": 25161059597,
                "branch-misses": 758515388,
                "max-rss": 2833160,
                "wall-time": 43.21000000000001
            },
            "7zip": {
                "task-clock": 146660.843652,
                "context-switches": 13599,
                "cpu-migrations": 386,
                "page-faults": 810838,
                "cycles": 443667954244,
                "instructions": 330228631847,
                "branches": 70697658820,
                "branch-misses": 2149674271,
                "max-rss": 12382132,
                "wall-time": 133.20000000000002
            },
            "geomean": {
                "task-clock": 57023.554805187014,
                "context-switches": 3546.32855853667,
                "cpu-migrations": 113.86027549453497,
                "page-faults": 203471.64273438984,
                "cycles": 172672594233.02383,
                "instructions": 139375217956.88202,
                "branches": 29831890887.95407,
                "branch-misses": 787776410.1908177,
                "max-rss": 2254876.5628466536,
                "wall-time": 57.025883787391
            }
        },
        "ReleaseLTO-g": {
            "kimwitu++": {
                "task-clock": 45694.10846899999,
                "context-switches": 656,
                "cpu-migrations": 1,
                "page-faults": 205888,
                "cycles": 138781347387,
                "instructions": 97142537729,
                "branches": 20989881246,
                "branch-misses": 596915746,
                "max-rss": 1439924,
                "wall-time": 46.309999999999995
            },
            "sqlite3": {
                "task-clock": 62428.541457,
                "context-switches": 541,
                "cpu-migrations": 1,
                "page-faults": 110165,
                "cycles": 189622798085,
                "instructions": 150939163226,
                "branches": 32274669600,
                "branch-misses": 847081491,
                "max-rss": 503772,
                "wall-time": 62.59
            },
            "consumer-typeset": {
                "task-clock": 39199.10347300002,
                "context-switches": 922,
                "cpu-migrations": 1,
                "page-faults": 216910,
                "cycles": 118892525652,
                "instructions": 95121491923,
                "branches": 20162775924,
                "branch-misses": 545885618,
                "max-rss": 2971532,
                "wall-time": 41.06
            },
            "Bullet": {
                "task-clock": 69664.134058,
                "context-switches": 3170,
                "cpu-migrations": 1,
                "page-faults": 562606,
                "cycles": 210870008382,
                "instructions": 157093950505,
                "branches": 33137481135,
                "branch-misses": 856477062,
                "max-rss": 7536364,
                "wall-time": 74.05999999999999
            },
            "tramp3d-v4": {
                "task-clock": 113618.09877899999,
                "context-switches": 1222,
                "cpu-migrations": 1,
                "page-faults": 298466,
                "cycles": 345254179730,
                "instructions": 269717274933,
                "branches": 58300362115,
                "branch-misses": 1309310560,
                "max-rss": 1190680,
                "wall-time": 113.84
            },
            "mafft": {
                "task-clock": 22558.517483000003,
                "context-switches": 761,
                "cpu-migrations": 7,
                "page-faults": 126565,
                "cycles": 68432653270,
                "instructions": 68313289627,
                "branches": 14444507289,
                "branch-misses": 339835061,
                "max-rss": 1643956,
                "wall-time": 23.730000000000008
            },
            "ClamAV": {
                "task-clock": 59832.240392,