{
    "config": 0,
    "clang_size": {
        "size-text": 66874800,
        "size-data": 2785592,
        "size-bss": 284144,
        "size-total": 69944536
    },
    "data": {
        "ReleaseThinLTO": {
            "kimwitu++": {
                "task-clock": 31755.250923000003,
                "context-switches": 1892,
                "cpu-migrations": 73,
                "page-faults": 161292,
                "cycles": 106838491958,
                "instructions": 92247179182,
                "branches": 19913772608,
                "branch-misses": 506355613,
                "max-rss": 1148684,
                "wall-time": 29.379999999999995,
                "size-text": 787080,
                "size-data": 25960,
                "size-bss": 12560,
                "size-total": 825600
            },
            "sqlite3": {
                "task-clock": 47673.921353,
                "context-switches": 2331,
                "cpu-migrations": 115,
                "page-faults": 62892,
                "cycles": 159941252944,
                "instructions": 144968972323,
                "branches": 31229108461,
                "branch-misses": 791555724,
                "max-rss": 308336,
                "wall-time": 57.75,
                "size-text": 781474,
                "size-data": 3095,
                "size-bss": 624,
                "size-total": 785193
            },
            "consumer-typeset": {
                "task-clock": 29961.566217999996,
                "context-switches": 2306,
                "cpu-migrations": 160,
                "page-faults": 244491,
                "cycles": 100654959944,
                "instructions": 93749420686,
                "branches": 19932469508,
                "branch-misses": 539319483,
                "max-rss": 2680664,
                "wall-time": 28.189999999999998,
                "size-text": 677634,
                "size-data": 3768,
                "size-bss": 65200,
                "size-total": 746602
            },
            "Bullet": {
                "task-clock": 47401.528666,
                "context-switches": 4756,
                "cpu-migrations": 244,
                "page-faults": 628491,
                "cycles": 158902187236,
                "instructions": 139558852734,
                "branches": 29429668742,
                "branch-misses": 703173887,
                "max-rss": 6798652,
                "wall-time": 66.35999999999997,
                "size-text": 393144,
                "size-data": 403696,
                "size-bss": 43328,
                "size-total": 840168
            },
            "tramp3d-v4": {
                "task-clock": 91303.604706,
                "context-switches": 2487,
                "cpu-migrations": 121,
                "page-faults": 127453,
                "cycles": 306151440853,
                "instructions": 294408095523,
                "branches": 64409263419,
                "branch-misses": 1280192918,
                "max-rss": 479356,
                "wall-time": 106.19,
                "size-text": 885858,
                "size-data": 1800,
                "size-bss": 1848,
                "size-total": 889506
            },
            "mafft": {
                "task-clock": 17784.643419000004,
                "context-switches": 769,
                "cpu-migrations": 24,
                "page-faults": 138647,
                "cycles": 59758635993,
                "instructions": 59293110003,
                "branches": 12594829128,
                "branch-misses": 292113510,
                "max-rss": 1469344,
                "wall-time": 14.380000000000004,
                "size-text": 275169,
                "size-data": 3052,
                "size-bss": 14911040,
                "size-total": 15189261
            },
            "ClamAV": {
                "task-clock": 42013.041422000024,
                "context-switches": 3590,
                "cpu-migrations": 223,
                "page-faults": 413973,
                "cycles": 141038770135,
                "instructions": 131409821805,
                "branches": 28004829907,
                "branch-misses": 776022939,
                "max-rss": 4937596,
                "wall-time": 45.51999999999999,
                "size-text": 774253,
                "size-data": 52872,
                "size-bss": 4752,
                "size-total": 831877
            },
            "lencod": {
                "task-clock": 56513.431408000004,
                "context-switches": 3732,
                "cpu-migrations": 269,
                "page-faults": 282816,
                "cycles": 189510395767,
                "instructions": 197655840762,
                "branches": 41601415875,
                "branch-misses": 773740118,
                "max-rss": 2937168,
                "wall-time": 49.52,
                "size-text": 958131,
                "size-data": 2144,
                "size-bss": 106176,
                "size-total": 1066451
            },
            "SPASS": {
                "task-clock": 37965.929898999995,
                "context-switches": 3393,
                "cpu-migrations": 117,
                "page-faults": 231027,
                "cycles": 127399337389,
                "instructions": 116242124976,
                "branches": 24979619968,
                "branch-misses": 704723223,
                "max-rss": 2678736,
                "wall-time": 33.45,
                "size-text": 607600,
                "size-data": 872,
                "size-bss": 346536,
                "size-total": 955008
            },
            "7zip": {
                "task-clock": 113628.50072099999,
                "context-switches": 11821,
                "cpu-migrations": 444,
                "page-faults": 1050730,
                "cycles": 380192984316,
                "instructions": 333501386189,
                "branches": 71180001782,
                "branch-misses": 1985782819,
                "max-rss": 11719924,
                "wall-time": 103.73999999999998,
                "size-text": 1436409,
                "size-data": 4160,
                "size-bss": 29280,
                "size-total": 1469849
            },
            "geomean": {
                "task-clock": 45221.01945801407,
                "context-switches": 2948.791622301512,
                "cpu-migrations": 140.35093482107948,
                "page-faults": 245112.8374925192,
                "cycles": 151744622686.6069,
                "instructions": 140860971038.00696,
                "branches": 30112617641.589993,
                "branch-misses": 737750145.17237,
                "max-rss": 2145838.6834913683,
                "wall-time": 45.4859531311326,
                "size-text": 693848.660065021,
                "size-data": 6984.009238215472,
                "size-bss": 35437.433332268796,
                "size-total": 1212039.2022614183
            }
        },
        "O3": {
            "kimwitu++": {
                "task-clock": 24207.876397000004,
                "context-switches": 896,
                "cpu-migrations": 15,
                "page-faults": 155633,
                "cycles": 81516778286,
                "instructions": 66135987511,
                "branches": 14210337481,
                "branch-misses": 407995696,
                "max-rss": 1181580,
                "wall-time": 24.829999999999995,
                "size-text": 805325,
                "size-data": 31168,
                "size-bss": 12592,
                "size-total": 849085
            },
            "sqlite3": {
                "task-clock": 32594.472842000003,
                "context-switches": 203,
                "cpu-migrations": 4,
                "page-faults": 42330,
                "cycles": 109347366382,
                "instructions": 95830460564,
                "branches": 20503692543,
                "branch-misses": 567383658,