{
    "config": 0,
    "clang_size": {
        "size-text": 68525604,
        "size-data": 2842408,
        "size-bss": 290408,
        "size-total": 71658420
    },
    "data": {
        "ReleaseThinLTO": {
            "kimwitu++": {
                "task-clock": 31821.185351000004,
                "context-switches": 1627,
                "cpu-migrations": 62,
                "page-faults": 143236,
                "cycles": 106979604034,
                "instructions": 91907813815,
                "branches": 19997306152,
                "branch-misses": 507738854,
                "max-rss": 1167368,
                "wall-time": 29.419999999999998,
                "size-text": 786980,
                "size-data": 25960,
                "size-bss": 12560,
                "size-total": 825500
            },
            "sqlite3": {
                "task-clock": 46975.958841,
                "context-switches": 1786,
                "cpu-migrations": 104,
                "page-faults": 59531,
                "cycles": 158133925084,
                "instructions": 144368498845,
                "branches": 31086898230,
                "branch-misses": 765773097,
                "max-rss": 307968,
                "wall-time": 57.58,
                "size-text": 780826,
                "size-data": 3095,
                "size-bss": 624,
                "size-total": 784545
            },
            "consumer-typeset": {
                "task-clock": 29692.92575299999,
                "context-switches": 1997,
                "cpu-migrations": 95,
                "page-faults": 181252,
                "cycles": 99935441769,
                "instructions": 93158787372,
                "branches": 19863862808,
                "branch-misses": 524009051,
                "max-rss": 2745212,
                "wall-time": 27.38,
                "size-text": 667954,
                "size-data": 3768,
                "size-bss": 65200,
                "size-total": 736922
            },
            "Bullet": {
                "task-clock": 47536.88125599998,
                "context-switches": 4169,
                "cpu-migrations": 230,
                "page-faults": 484084,
                "cycles": 159631776186,
                "instructions": 140394288859,
                "branches": 29780430380,
                "branch-misses": 701819983,
                "max-rss": 6968424,
                "wall-time": 65.64000000000001,
                "size-text": 394152,
                "size-data": 403696,
                "size-bss": 43328,
                "size-total": 841176
            },
            "tramp3d-v4": {
                "task-clock": 91548.055704,
                "context-switches": 2701,
                "cpu-migrations": 157,
                "page-faults": 125176,
                "cycles": 307158786114,
                "instructions": 296058825894,
                "branches": 64793104682,
                "branch-misses": 1271676663,
                "max-rss": 480104,
                "wall-time": 107.27,
                "size-text": 885402,
                "size-data": 1800,
                "size-bss": 1848,
                "size-total": 889050
            },
            "mafft": {
                "task-clock": 17883.787845000006,
                "context-switches": 712,
                "cpu-migrations": 4,
                "page-faults": 107025,
                "cycles": 60256788665,
                "instructions": 59833017499,
                "branches": 12710878145,
                "branch-misses": 288984399,
                "max-rss": 1501364,
                "wall-time": 14.52,
                "size-text": 275609,
                "size-data": 3052,
                "size-bss": 14911040,
                "size-total": 15189701
            },
            "ClamAV": {
                "task-clock": 41394.72715500001,
                "context-switches": 3250,
                "cpu-migrations": 157,
                "page-faults": 293915,
                "cycles": 139101105397,
                "instructions": 130086379075,
                "branches": 27780498066,
                "branch-misses": 761956800,
                "max-rss": 5047264,
                "wall-time": 44.790000000000006,
                "size-text": 773613,
                "size-data": 52872,
                "size-bss": 4752,
                "size-total": 831237
            },
            "lencod": {
                "task-clock": 57676.662529,
                "context-switches": 3497,
                "cpu-migrations": 194,
                "page-faults": 223988,
                "cycles": 193928619766,
                "instructions": 202202600458,
                "branches": 42405533681,
                "branch-misses": 769494144,
                "max-rss": 3021816,
                "wall-time": 50.269999999999996,
                "size-text": 957979,
                "size-data": 2144,
                "size-bss": 106176,
                "size-total": 1066299
            },
            "SPASS": {
                "task-clock": 38159.371531,
                "context-switches": 3213,
                "cpu-migrations": 66,
                "page-faults": 169810,
                "cycles": 128124214931,
                "instructions": 116652535315,
                "branches": 25185279517,
                "branch-misses": 695121452,
                "max-rss": 2731072,
                "wall-time": 33.44,
                "size-text": 608440,
                "size-data": 872,
                "size-bss": 346536,
                "size-total": 955848
            },
            "7zip": {
                "task-clock": 111572.31516800002,
                "context-switches": 10373,
                "cpu-migrations": 248,
                "page-faults": 792767,
                "cycles": 375075409993,
                "instructions": 329435450456,
                "branches": 70602038410,
                "branch-misses": 1939473828,
                "max-rss": 11988360,
                "wall-time": 102.00999999999999,
                "size-text": 1433841,
                "size-data": 4160,
                "size-bss": 29280,
                "size-total": 1467281
            },
            "geomean": {
                "task-clock": 45138.66520012042,
                "context-switches": 2658.323094049099,
                "cpu-migrations": 92.14108273155773,
                "page-faults": 197176.90858335633,
                "cycles": 151748921873.4205,
                "instructions": 141006786042.17664,
                "branches": 30216033171.55518,
                "branch-misses": 727517828.1613038,
                "max-rss": 2184571.240337808,
                "wall-time": 45.30394492017819,
                "size-text": 692940.6905911259,
                "size-data": 6984.009238215472,
                "size-bss": 35437.433332268796,
                "size-total": 1210214.8400807409
            }
        },
        "O3": {
            "kimwitu++": {
                "task-clock": 24582.080155,
                "context-switches": 757,
                "cpu-migrations": 1,
                "page-faults": 140205,
                "cycles": 82809357333,
                "instructions": 66581405551,
                "branches": 14428625193,
                "branch-misses": 412093602,
                "max-rss": 1201992,
                "wall-time": 25.189999999999998,
                "size-text": 805309,
                "size-data": 31168,
                "size-bss": 12592,
                "size-total": 849069
            },
            "sqlite3": {
                "task-clock": 32720.467315,
                "context-switches": 161,
                "cpu-migrations": 1,
                "page-faults": 39373,
                "cycles": 110183997377,
                "instructions": 96288366608,
                "branches": 20596517470,
                "branch-misses": 559589580,
                "max-rss": 251048,