{
    "config": 0,
    "clang_size": {
        "size-text": 66872822,
        "size-data": 2785592,
        "size-bss": 284144,
        "size-total": 69942558
    },
    "data": {
        "ReleaseThinLTO": {
            "kimwitu++": {
                "task-clock": 32138.488021,
                "context-switches": 2003,
                "cpu-migrations": 88,
                "page-faults": 160996,
                "cycles": 108266936305,
                "instructions": 92257291918,
                "branches": 19915998802,
                "branch-misses": 507077705,
                "max-rss": 1149856,
                "wall-time": 29.359999999999992,
                "size-text": 787080,
                "size-data": 25960,
                "size-bss": 12560,
                "size-total": 825600
            },
            "sqlite3": {
                "task-clock": 48415.93755,
                "context-switches": 1929,
                "cpu-migrations": 115,
                "page-faults": 63731,
                "cycles": 162320088539,
                "instructions": 145063317780,
                "branches": 31253468035,
                "branch-misses": 788023749,
                "max-rss": 306992,
                "wall-time": 58.81,
                "size-text": 781474,
                "size-data": 3095,
                "size-bss": 624,
                "size-total": 785193
            },
            "consumer-typeset": {
                "task-clock": 30383.277691000003,
                "context-switches": 2352,
                "cpu-migrations": 160,
                "page-faults": 243099,
                "cycles": 102089993954,
                "instructions": 93787201745,
                "branches": 19944142352,
                "branch-misses": 538826568,
                "max-rss": 2675484,
                "wall-time": 28.47,
                "size-text": 677634,
                "size-data": 3768,
                "size-bss": 65200,
                "size-total": 746602
            },
            "Bullet": {
                "task-clock": 47523.67032099999,
                "context-switches": 4460,
                "cpu-migrations": 260,
                "page-faults": 628678,
                "cycles": 159831463503,
                "instructions": 139580789824,
                "branches": 29438754273,
                "branch-misses": 700705899,
                "max-rss": 6804936,
                "wall-time": 66.28,
                "size-text": 393144,
                "size-data": 403696,
                "size-bss": 43328,
                "size-total": 840168
            },
            "tramp3d-v4": {
                "task-clock": 92023.5162,
                "context-switches": 2629,
                "cpu-migrations": 121,
                "page-faults": 126430,
                "cycles": 310043311061,
                "instructions": 294496854768,
                "branches": 64429554425,
                "branch-misses": 1285359049,
                "max-rss": 480900,
                "wall-time": 109.24000000000001,
                "size-text": 885858,
                "size-data": 1800,
                "size-bss": 1848,
                "size-total": 889506
            },
            "mafft": {
                "task-clock": 17849.212627999994,
                "context-switches": 724,
                "cpu-migrations": 29,
                "page-faults": 138803,
                "cycles": 60045806001,
                "instructions": 59279576498,
                "branches": 12593019478,
                "branch-misses": 291705944,
                "max-rss": 1470116,
                "wall-time": 14.480000000000002,
                "size-text": 275169,
                "size-data": 3052,
                "size-bss": 14911040,
                "size-total": 15189261
            },
            "ClamAV": {
                "task-clock": 42388.46638599999,
                "context-switches": 3585,
                "cpu-migrations": 242,
                "page-faults": 413319,
                "cycles": 142193261631,
                "instructions": 131425362842,
                "branches": 28015277066,
                "branch-misses": 774293752,
                "max-rss": 4932812,
                "wall-time": 44.88999999999997,
                "size-text": 774253,
                "size-data": 52872,
                "size-bss": 4752,
                "size-total": 831877
            },
            "lencod": {
                "task-clock": 56619.360921,
                "context-switches": 3760,
                "cpu-migrations": 191,
                "page-faults": 284230,
                "cycles": 190730238060,
                "instructions": 197650286742,
                "branches": 41603994111,
                "branch-misses": 770116079,
                "max-rss": 2939300,
                "wall-time": 49.2,
                "size-text": 958131,
                "size-data": 2144,
                "size-bss": 106176,
                "size-total": 1066451
            },
            "SPASS": {
                "task-clock": 38107.786051,
                "context-switches": 3506,
                "cpu-migrations": 121,
                "page-faults": 231921,
                "cycles": 128151060497,
                "instructions": 116207195864,
                "branches": 24974695012,
                "branch-misses": 700062650,
                "max-rss": 2680192,
                "wall-time": 33.59,
                "size-text": 607600,
                "size-data": 872,
                "size-bss": 346536,
                "size-total": 955008
            },
            "7zip": {
                "task-clock": 113939.687202,
                "context-switches": 12059,
                "cpu-migrations": 452,
                "page-faults": 1049300,
                "cycles": 383036030198,
                "instructions": 333438320512,
                "branches": 71172053101,
                "branch-misses": 1983582389,
                "max-rss": 11708188,
                "wall-time": 104.00000000000001,
                "size-text": 1436409,
                "size-data": 4160,
                "size-bss": 29280,
                "size-total": 1469849
            },
            "geomean": {
                "task-clock": 45550.98450908308,
                "context-switches": 2912.8054044461664,
                "cpu-migrations": 143.62266299060204,
                "page-faults": 245234.8164215181,
                "cycles": 153167950663.30786,
                "instructions": 140874972938.71725,
                "branches": 30118890805.144268,
                "branch-misses": 736311770.8512429,
                "max-rss": 2145555.4209218626,
                "wall-time": 45.70340427265223,
                "size-text": 693848.660065021,
                "size-data": 6984.009238215472,
                "size-bss": 35437.433332268796,
                "size-total": 1212039.2022614183
            }
        },
        "O3": {
            "kimwitu++": {
                "task-clock": 24459.461627,
                "context-switches": 903,
                "cpu-migrations": 15,
                "page-faults": 155664,
                "cycles": 82407721320,
                "instructions": 66150688917,
                "branches": 14214679075,
                "branch-misses": 406960173,
                "max-rss": 1182940,
                "wall-time": 25.099999999999998,
                "size-text": 805325,
                "size-data": 31168,
                "size-bss": 12592,
                "size-total": 849085
            },
            "sqlite3": {
                "task-clock": 33055.278896,
                "context-switches": 138,
                "cpu-migrations": 2,
                "page-faults": 43267,
                "cycles": 111512624841,
                "instructions": 95882799754,
                "branches": 20518077385,
                "branch-misses": 565851233,
                "max-rss": 249492,
                "wall-time": 33.18,