{
    "config": 0,
    "clang_size": [],
    "data": {
        "ReleaseThinLTO": {
            "kimwitu++": {
                "task-clock": 42159.45586400001,
                "context-switches": 2124,
                "cpu-migrations": 100,
                "page-faults": 147086,
                "cycles": 127872953328,
                "instructions": 93686059249,
                "branches": 20333793733,
                "branch-misses": 579639655,
                "max-rss": 1203508,
                "wall-time": 38.779999999999994
            },
            "sqlite3": {
                "task-clock": 57912.337522999995,
                "context-switches": 2558,
                "cpu-migrations": 142,
                "page-faults": 61640,
                "cycles": 174974343341,
                "instructions": 141848713898,
                "branches": 30512881917,
                "branch-misses": 820486164,
                "max-rss": 315912,
                "wall-time": 70.23
            },
            "consumer-typeset": {
                "task-clock": 37645.614208000006,
                "context-switches": 2539,
                "cpu-migrations": 140,
                "page-faults": 187094,
                "cycles": 113594574804,
                "instructions": 92608488162,
                "branches": 19741728543,
                "branch-misses": 569954996,
                "max-rss": 2836360,
                "wall-time": 35.01
            },
            "Bullet": {
                "task-clock": 62542.43176400001,
                "context-switches": 5202,
                "cpu-migrations": 187,
                "page-faults": 497282,
                "cycles": 189002539177,
                "instructions": 139697127391,
                "branches": 29551136137,
                "branch-misses": 786719089,
                "max-rss": 7213200,
                "wall-time": 83.04999999999998
            },
            "tramp3d-v4": {
                "task-clock": 111875.689567,
                "context-switches": 3756,
                "cpu-migrations": 218,
                "page-faults": 128330,
                "cycles": 339527814831,
                "instructions": 289546550562,
                "branches": 63213007134,
                "branch-misses": 1364794133,
                "max-rss": 483640,
                "wall-time": 131.09
            },
            "mafft": {
                "task-clock": 21904.620373000005,
                "context-switches": 760,
                "cpu-migrations": 2,
                "page-faults": 111588,
                "cycles": 66214740461,
                "instructions": 58029707142,
                "branches": 12331085781,
                "branch-misses": 298960443,
                "max-rss": 1554544,
                "wall-time": 17.42
            },
            "ClamAV": {
                "task-clock": 52222.587862,
                "context-switches": 3998,
                "cpu-migrations": 240,
                "page-faults": 302850,
                "cycles": 158261528188,
                "instructions": 129297767410,
                "branches": 27621394865,
                "branch-misses": 814372830,
                "max-rss": 5221228,
                "wall-time": 55.46999999999998
            },
            "lencod": {
                "task-clock": 69137.07030699999,
                "context-switches": 4098,
                "cpu-migrations": 233,
                "page-faults": 229943,
                "cycles": 209998798052,
                "instructions": 194243668307,
                "branches": 40724832852,
                "branch-misses": 802140030,
                "max-rss": 3121804,
                "wall-time": 60.09
            },
            "SPASS": {
                "task-clock": 49117.03199,
                "context-switches": 3726,
                "cpu-migrations": 98,
                "page-faults": 175658,
                "cycles": 148842461363,
                "instructions": 116923836286,
                "branches": 25177609791,
                "branch-misses": 758097716,
                "max-rss": 2828572,
                "wall-time": 42.92999999999999
            },
            "7zip": {
                "task-clock": 146633.429527,
                "context-switches": 13068,
                "cpu-migrations": 378,
                "page-faults": 811246,
                "cycles": 443374869056,
                "instructions": 330510967021,
                "branches": 70753221419,
                "branch-misses": 2149631337,
                "max-rss": 12374952,
                "wall-time": 133.3
            },
            "geomean": {
                "task-clock": 57067.14117872108,
                "context-switches": 3321.4628533857995,
                "cpu-migrations": 112.87634841538483,
                "page-faults": 203175.36697451578,
                "cycles": 172762643892.33676,
                "instructions": 139564005308.12274,
                "branches": 29869877423.14444,
                "branch-misses": 788266938.5355622,
                "max-rss": 2250773.905087801,
                "wall-time": 56.72482102054384
            }
        },
        "ReleaseLTO-g": {
            "kimwitu++": {
                "task-clock": 45519.56317699999,
                "context-switches": 1032,
                "cpu-migrations": 1,
                "page-faults": 206261,
                "cycles": 138256637037,
                "instructions": 97355068618,
                "branches": 21035867124,
                "branch-misses": 600297173,
                "max-rss": 1438140,
                "wall-time": 46.12000000000001
            },
            "sqlite3": {
                "task-clock": 62890.628826,
                "context-switches": 358,
                "cpu-migrations": 1,
                "page-faults": 109265,
                "cycles": 190540556507,
                "instructions": 151523429690,
                "branches": 32385623008,
                "branch-misses": 850857753,
                "max-rss": 500672,
                "wall-time": 63.040000000000006
            },
            "consumer-typeset": {
                "task-clock": 39376.869619,
                "context-switches": 891,
                "cpu-migrations": 1,
                "page-faults": 216893,
                "cycles": 119098326071,
                "instructions": 95376272830,
                "branches": 20215786119,
                "branch-misses": 548138329,
                "max-rss": 2977964,
                "wall-time": 41.230000000000004
            },
            "Bullet": {
                "task-clock": 69571.54947200003,
                "context-switches": 3182,
                "cpu-migrations": 1,
                "page-faults": 562717,
                "cycles": 211008964489,
                "instructions": 157245557057,
                "branches": 33165780334,
                "branch-misses": 859331263,
                "max-rss": 7527592,
                "wall-time": 73.94999999999999
            },
            "tramp3d-v4": {
                "task-clock": 113478.879024,
                "context-switches": 565,
                "cpu-migrations": 1,
                "page-faults": 298667,
                "cycles": 344212581169,
                "instructions": 269845599231,
                "branches": 58323353760,
                "branch-misses": 1312380700,
                "max-rss": 1191624,
                "wall-time": 113.62
            },
            "mafft": {
                "task-clock": 22747.718032999997,
                "context-switches": 583,
                "cpu-migrations": 1,
                "page-faults": 126418,
                "cycles": 68720163509,
                "instructions": 68429583797,
                "branches": 14469913789,
                "branch-misses": 341891804,
                "max-rss": 1642416,
                "wall-time": 23.680000000000007
            },