{
    "config": 0,
    "clang_size": {
        "size-text": 72374820,
        "size-data": 3098200,
        "size-bss": 317617,
        "size-total": 75790637
    },
    "data": {
        "O0-g": {
            "kimwitu++": {
                "task-clock": 15897.768771000003,
                "context-switches": 709,
                "cpu-migrations": 0,
                "page-faults": 157991,
                "cycles": 49321496851,
                "instructions": 28582561563,
                "branches": 5839511702,
                "branch-misses": 181737197,
                "max-rss": 1246740,
                "wall-time": 16.45,
                "size-text": 1430154,
                "size-data": 31288,
                "size-bss": 12608,
                "size-total": 1474050
            },
            "sqlite3": {
                "task-clock": 2644.147806,
                "context-switches": 31,
                "cpu-migrations": 1,
                "page-faults": 32865,
                "cycles": 8151164869,
                "instructions": 5858675601,
                "branches": 1182931010,
                "branch-misses": 30260922,
                "max-rss": 231328,
                "wall-time": 2.75,
                "size-text": 534043,
                "size-data": 3280,
                "size-bss": 696,
                "size-total": 538019
            },
            "consumer-typeset": {
                "task-clock": 6367.443021000001,
                "context-switches": 512,
                "cpu-migrations": 2,
                "page-faults": 181446,
                "cycles": 19670949471,
                "instructions": 14471254235,
                "branches": 2918296536,
                "branch-misses": 62183025,
                "max-rss": 2856036,
                "wall-time": 8.150000000000002,
                "size-text": 1035501,
                "size-data": 7512,
                "size-bss": 65264,
                "size-total": 1108277
            },
            "Bullet": {
                "task-clock": 34584.38611800002,
                "context-switches": 2568,
                "cpu-migrations": 3,
                "page-faults": 544268,
                "cycles": 106696980912,
                "instructions": 69039258959,
                "branches": 13900628765,
                "branch-misses": 364878189,
                "max-rss": 7458836,
                "wall-time": 38.830000000000005,
                "size-text": 1232272,
                "size-data": 747920,
                "size-bss": 45552,
                "size-total": 2025744
            },
            "tramp3d-v4": {
                "task-clock": 14142.666031,
                "context-switches": 305,
                "cpu-migrations": 1,
                "page-faults": 127811,
                "cycles": 43888030965,
                "instructions": 25955369837,
                "branches": 5274749036,
                "branch-misses": 167697001,
                "max-rss": 515932,
                "wall-time": 14.24,
                "size-text": 1393987,
                "size-data": 1464,
                "size-bss": 2136,
                "size-total": 1397587
            },
            "mafft": {
                "task-clock": 3588.9358029999994,
                "context-switches": 313,
                "cpu-migrations": 1,
                "page-faults": 97563,
                "cycles": 10820762059,
                "instructions": 7846066387,
                "branches": 1575592903,
                "branch-misses": 35295884,
                "max-rss": 1531064,
                "wall-time": 4.5200000000000005,
                "size-text": 449332,
                "size-data": 8941,
                "size-bss": 132727168,
                "size-total": 133185441
            },
            "ClamAV": {
                "task-clock": 8260.450601000002,
                "context-switches": 916,
                "cpu-migrations": 9,
                "page-faults": 287507,
                "cycles": 25079158804,
                "instructions": 16813794596,
                "branches": 3361844994,
                "branch-misses": 84449679,
                "max-rss": 5203152,
                "wall-time": 11.709999999999996,
                "size-text": 889711,
                "size-data": 62788,
                "size-bss": 4768,
                "size-total": 957267
            },
            "lencod": {
                "task-clock": 6828.400714000001,
                "context-switches": 659,
                "cpu-migrations": 1,
                "page-faults": 192949,
                "cycles": 20985588273,
                "instructions": 15032308938,
                "branches": 3011635834,
                "branch-misses": 67022651,
                "max-rss": 3063592,
                "wall-time": 8.72,
                "size-text": 918941,
                "size-data": 16632,
                "size-bss": 109408,
                "size-total": 1044981
            },
            "SPASS": {
                "task-clock": 8634.110933000002,
                "context-switches": 746,
                "cpu-migrations": 2,
                "page-faults": 182336,
                "cycles": 27104940993,
                "instructions": 17328400583,
                "branches": 3517267592,
                "branch-misses": 95509407,
                "max-rss": 2830012,
                "wall-time": 10.349999999999996,
                "size-text": 917907,
                "size-data": 920,
                "size-bss": 358776,
                "size-total": 1277603
            },
            "7zip": {
                "task-clock": 44231.74920599999,
                "context-switches": 3837,
                "cpu-migrations": 5,
                "page-faults": 841043,
                "cycles": 135615956929,
                "instructions": 79731439739,
                "branches": 16263746164,
                "branch-misses": 473752919,
                "max-rss": 12536228,
                "wall-time": 51.62,
                "size-text": 1390936,
                "size-data": 7832,
                "size-bss": 29440,
                "size-total": 1428208
            },
            "geomean": {
                "task-clock": 10012.069358084078,
                "context-switches": 585.8991394385703,
                "cpu-migrations": 0,
                "page-faults": 187739.69768236848,
                "cycles": 30827838105.357063,
                "instructions": 20302343008.89433,
                "branches": 4101995476.5590653,
                "branch-misses": 106581364.0774463,
                "max-rss": 2207230.680267786,
                "wall-time": 11.752503114512871,
                "size-text": 955935.219420446,
                "size-data": 11896.716642703963,
                "size-bss": 45815.70955039673,
                "size-total": 1897451.6496010816
            }
        }
    }
}