{
    "config": 0,
    "clang_size": {
        "size-text": 68522103,
        "size-data": 2842408,
        "size-bss": 290408,
        "size-total": 71654919
    },
    "data": {
        "ReleaseThinLTO": {
            "kimwitu++": {
                "task-clock": 31528.61161699999,
                "context-switches": 1658,
                "cpu-migrations": 50,
                "page-faults": 143099,
                "cycles": 105848580497,
                "instructions": 91922452892,
                "branches": 19997695933,
                "branch-misses": 508318015,
                "max-rss": 1169440,
                "wall-time": 29.000000000000004,
                "size-text": 786980,
                "size-data": 25960,
                "size-bss": 12560,
                "size-total": 825500
            },
            "sqlite3": {
                "task-clock": 46249.720046999995,
                "context-switches": 2344,
                "cpu-migrations": 170,
                "page-faults": 59667,
                "cycles": 155782649226,
                "instructions": 144269112928,
                "branches": 31060889301,
                "branch-misses": 767002199,
                "max-rss": 306856,
                "wall-time": 57.94,
                "size-text": 780826,
                "size-data": 3095,
                "size-bss": 624,
                "size-total": 784545
            },
            "consumer-typeset": {
                "task-clock": 29414.21059499999,
                "context-switches": 2087,
                "cpu-migrations": 66,
                "page-faults": 182888,
                "cycles": 99062473719,
                "instructions": 93181820725,
                "branches": 19868673898,
                "branch-misses": 526829432,
                "max-rss": 2738564,
                "wall-time": 27.37,
                "size-text": 667954,
                "size-data": 3768,
                "size-bss": 65200,
                "size-total": 736922
            },
            "Bullet": {
                "task-clock": 47279.539766999995,
                "context-switches": 4211,
                "cpu-migrations": 151,
                "page-faults": 483815,
                "cycles": 158709619072,
                "instructions": 140392673057,
                "branches": 29780974531,
                "branch-misses": 700281107,
                "max-rss": 6965352,
                "wall-time": 64.83000000000001,
                "size-text": 394152,
                "size-data": 403696,
                "size-bss": 43328,
                "size-total": 841176
            },
            "tramp3d-v4": {
                "task-clock": 90572.44449600001,
                "context-switches": 2367,
                "cpu-migrations": 131,
                "page-faults": 121200,
                "cycles": 305028732432,
                "instructions": 296089009366,
                "branches": 64795321793,
                "branch-misses": 1267143058,
                "max-rss": 482628,
                "wall-time": 105.65,
                "size-text": 885402,
                "size-data": 1800,
                "size-bss": 1848,
                "size-total": 889050
            },
            "mafft": {
                "task-clock": 17761.422225999995,
                "context-switches": 848,
                "cpu-migrations": 27,
                "page-faults": 107567,
                "cycles": 59841724065,
                "instructions": 59830705665,
                "branches": 12710056928,
                "branch-misses": 288319854,
                "max-rss": 1500904,
                "wall-time": 14.990000000000002,
                "size-text": 275609,
                "size-data": 3052,
                "size-bss": 14911040,
                "size-total": 15189701
            },
            "ClamAV": {
                "task-clock": 40869.09690100001,
                "context-switches": 3045,
                "cpu-migrations": 155,
                "page-faults": 293669,
                "cycles": 137520629094,
                "instructions": 130035038212,
                "branches": 27766174069,
                "branch-misses": 759761639,
                "max-rss": 5051400,
                "wall-time": 43.68000000000005,
                "size-text": 773613,
                "size-data": 52872,
                "size-bss": 4752,
                "size-total": 831237
            },
            "lencod": {
                "task-clock": 57409.002729,
                "context-switches": 3815,
                "cpu-migrations": 202,
                "page-faults": 224136,
                "cycles": 192894802955,
                "instructions": 202152567790,
                "branches": 42393322165,
                "branch-misses": 765389990,
                "max-rss": 3016364,
                "wall-time": 51.03999999999999,
                "size-text": 957979,
                "size-data": 2144,
                "size-bss": 106176,
                "size-total": 1066299
            },
            "SPASS": {
                "task-clock": 37854.323701999994,
                "context-switches": 3335,
                "cpu-migrations": 96,
                "page-faults": 170863,
                "cycles": 127102912128,
                "instructions": 116634564404,
                "branches": 25180771162,
                "branch-misses": 695207490,
                "max-rss": 2733320,
                "wall-time": 33.220000000000006,
                "size-text": 608440,
                "size-data": 872,
                "size-bss": 346536,
                "size-total": 955848
            },
            "7zip": {
                "task-clock": 111087.719593,
                "context-switches": 10213,
                "cpu-migrations": 283,
                "page-faults": 793259,
                "cycles": 372815488918,
                "instructions": 329383350991,
                "branches": 70588294216,
                "branch-misses": 1933668632,
                "max-rss": 11975512,
                "wall-time": 101.72,
                "size-text": 1433841,
                "size-data": 4160,
                "size-bss": 29280,
                "size-total": 1467281
            },
            "geomean": {
                "task-clock": 44747.366470838584,
                "context-switches": 2775.476115655583,
                "cpu-migrations": 109.80738784729601,
                "page-faults": 196963.1482673768,
                "cycles": 150466535488.46805,
                "instructions": 140990080351.29077,
                "branches": 30210700727.613182,
                "branch-misses": 726713349.668904,
                "max-rss": 2184350.888113652,
                "wall-time": 45.1970169326763,
                "size-text": 692940.6905911259,
                "size-data": 6984.009238215472,
                "size-bss": 35437.433332268796,
                "size-total": 1210214.8400807409
            }
        },
        "O3": {
            "kimwitu++": {
                "task-clock": 24380.682358,
                "context-switches": 839,
                "cpu-migrations": 1,
                "page-faults": 139501,
                "cycles": 82105393552,
                "instructions": 66565606896,
                "branches": 14425222259,
                "branch-misses": 412105905,
                "max-rss": 1203556,
                "wall-time": 24.99,
                "size-text": 805309,
                "size-data": 31168,
                "size-bss": 12592,
                "size-total": 849069
            },
            "sqlite3": {
                "task-clock": 32442.411893,
                "context-switches": 176,
                "cpu-migrations": 1,
                "page-faults": 39350,
                "cycles": 109175198578,
                "instructions": 96368644386,
                "branches": 20611031380,
                "branch-misses": 560862557,
                "max-rss": 250292,