{
    "config": 0,
    "clang_size": {
        "size-text": 66872503,
        "size-data": 2785592,
        "size-bss": 284144,
        "size-total": 69942239
    },
    "data": {
        "ReleaseThinLTO": {
            "kimwitu++": {
                "task-clock": 31754.739857999994,
                "context-switches": 1712,
                "cpu-migrations": 113,
                "page-faults": 160122,
                "cycles": 106547192033,
                "instructions": 92117024636,
                "branches": 19886390275,
                "branch-misses": 505234927,
                "max-rss": 1149604,
                "wall-time": 29.169999999999998,
                "size-text": 787080,
                "size-data": 25960,
                "size-bss": 12560,
                "size-total": 825600
            },
            "sqlite3": {
                "task-clock": 47521.061215,
                "context-switches": 1925,
                "cpu-migrations": 87,
                "page-faults": 62888,
                "cycles": 159715768453,
                "instructions": 145127401909,
                "branches": 31270272988,
                "branch-misses": 787591169,
                "max-rss": 309520,
                "wall-time": 57.480000000000004,
                "size-text": 781474,
                "size-data": 3095,
                "size-bss": 624,
                "size-total": 785193
            },
            "consumer-typeset": {
                "task-clock": 30144.567797000007,
                "context-switches": 2266,
                "cpu-migrations": 146,
                "page-faults": 244164,
                "cycles": 101448436844,
                "instructions": 93747416424,
                "branches": 19933895567,
                "branch-misses": 539124749,
                "max-rss": 2676612,
                "wall-time": 28.060000000000002,
                "size-text": 677634,
                "size-data": 3768,
                "size-bss": 65200,
                "size-total": 746602
            },
            "Bullet": {
                "task-clock": 47589.23181699999,
                "context-switches": 4858,
                "cpu-migrations": 211,
                "page-faults": 627498,
                "cycles": 159945383886,
                "instructions": 139564742066,
                "branches": 29433917566,
                "branch-misses": 700083460,
                "max-rss": 6805408,
                "wall-time": 66.81,
                "size-text": 393144,
                "size-data": 403696,
                "size-bss": 43328,
                "size-total": 840168
            },
            "tramp3d-v4": {
                "task-clock": 91268.23084,
                "context-switches": 2746,
                "cpu-migrations": 141,
                "page-faults": 123191,
                "cycles": 307306605929,
                "instructions": 294470897297,
                "branches": 64425602364,
                "branch-misses": 1279032438,
                "max-rss": 479200,
                "wall-time": 106.74000000000001,
                "size-text": 885858,
                "size-data": 1800,
                "size-bss": 1848,
                "size-total": 889506
            },
            "mafft": {
                "task-clock": 17803.180446000002,
                "context-switches": 752,
                "cpu-migrations": 28,
                "page-faults": 140462,
                "cycles": 59880152434,
                "instructions": 59281181307,
                "branches": 12592551772,
                "branch-misses": 291219694,
                "max-rss": 1468640,
                "wall-time": 14.390000000000004,
                "size-text": 275169,
                "size-data": 3052,
                "size-bss": 14911040,
                "size-total": 15189261
            },
            "ClamAV": {
                "task-clock": 42195.47457299999,
                "context-switches": 3848,
                "cpu-migrations": 227,
                "page-faults": 413713,
                "cycles": 141966153252,
                "instructions": 131559665230,
                "branches": 28044515690,
                "branch-misses": 777504459,
                "max-rss": 4941572,
                "wall-time": 46.25999999999998,
                "size-text": 774253,
                "size-data": 52872,
                "size-bss": 4752,
                "size-total": 831877
            },
            "lencod": {
                "task-clock": 56716.639477,
                "context-switches": 3781,
                "cpu-migrations": 185,
                "page-faults": 285129,
                "cycles": 190931191925,
                "instructions": 197627172151,
                "branches": 41598117965,
                "branch-misses": 771377584,
                "max-rss": 2942808,
                "wall-time": 49.17,
                "size-text": 958131,
                "size-data": 2144,
                "size-bss": 106176,
                "size-total": 1066451
            },
            "SPASS": {
                "task-clock": 38109.739866,
                "context-switches": 3569,
                "cpu-migrations": 125,
                "page-faults": 231793,
                "cycles": 128003653954,
                "instructions": 116218865562,
                "branches": 24975503747,
                "branch-misses": 703657719,
                "max-rss": 2676064,
                "wall-time": 33.440000000000005,
                "size-text": 607600,
                "size-data": 872,
                "size-bss": 346536,
                "size-total": 955008
            },
            "7zip": {
                "task-clock": 113367.93261200003,
                "context-switches": 11909,
                "cpu-migrations": 489,
                "page-faults": 1050140,
                "cycles": 381082786655,
                "instructions": 333440922852,
                "branches": 71168329894,
                "branch-misses": 1976097410,
                "max-rss": 11707592,
                "wall-time": 103.7,
                "size-text": 1436409,
                "size-data": 4160,
                "size-bss": 29280,
                "size-total": 1469849
            },
            "geomean": {
                "task-clock": 45297.39478540666,
                "context-switches": 2928.0830243166743,
                "cpu-migrations": 140.8324261041238,
                "page-faults": 244598.5437744059,
                "cycles": 152309329599.50247,
                "instructions": 140865568521.39514,
                "branches": 30116345924.43877,
                "branch-misses": 736016464.9609506,
                "max-rss": 2146693.2283270285,
                "wall-time": 45.50636208921048,
                "size-text": 693848.660065021,
                "size-data": 6984.009238215472,
                "size-bss": 35437.433332268796,
                "size-total": 1212039.2022614183
            }
        },
        "O3": {
            "kimwitu++": {
                "task-clock": 24443.659411999997,
                "context-switches": 907,
                "cpu-migrations": 15,
                "page-faults": 155992,
                "cycles": 82321315028,
                "instructions": 66134692120,
                "branches": 14211788050,
                "branch-misses": 402735207,
                "max-rss": 1179388,
                "wall-time": 25.07,
                "size-text": 805325,
                "size-data": 31168,
                "size-bss": 12592,
                "size-total": 849085
            },
            "sqlite3": {
                "task-clock": 33003.591428,
                "context-switches": 238,
                "cpu-migrations": 3,
                "page-faults": 42373,
                "cycles": 111266715593,
                "instructions": 95913287673,
                "branches": 20524899744,
                "branch-misses": 565551018,
                "max-rss": 249996,