{
    "config": 0,
    "clang_size": [],
    "data": {
        "ReleaseThinLTO": {
            "kimwitu++": {
                "task-clock": 42652.14467799999,
                "context-switches": 2185,
                "cpu-migrations": 98,
                "page-faults": 147850,
                "cycles": 129036758810,
                "instructions": 93561492070,
                "branches": 20323329449,
                "branch-misses": 581154587,
                "max-rss": 1202584,
                "wall-time": 39.72
            },
            "sqlite3": {
                "task-clock": 58396.392426000006,
                "context-switches": 2874,
                "cpu-migrations": 147,
                "page-faults": 61940,
                "cycles": 177124436422,
                "instructions": 141685227977,
                "branches": 30501713965,
                "branch-misses": 810592754,
                "max-rss": 316148,
                "wall-time": 71.35000000000001
            },
            "consumer-typeset": {
                "task-clock": 37506.528655999995,
                "context-switches": 2458,
                "cpu-migrations": 110,
                "page-faults": 187248,
                "cycles": 113819194499,
                "instructions": 92579548249,
                "branches": 19744996808,
                "branch-misses": 563596340,
                "max-rss": 2828916,
                "wall-time": 34.529999999999994
            },
            "Bullet": {
                "task-clock": 62397.190321000024,
                "context-switches": 5224,
                "cpu-migrations": 216,
                "page-faults": 496594,
                "cycles": 188817697550,
                "instructions": 139678410937,
                "branches": 29566235204,
                "branch-misses": 785607792,
                "max-rss": 7210584,
                "wall-time": 84.64000000000001
            },
            "tramp3d-v4": {
                "task-clock": 113246.679623,
                "context-switches": 3236,
                "cpu-migrations": 191,
                "page-faults": 128360,
                "cycles": 343441208971,
                "instructions": 289684635973,
                "branches": 63312119490,
                "branch-misses": 1356312553,
                "max-rss": 484036,
                "wall-time": 131.99
            },
            "mafft": {
                "task-clock": 21818.225595000007,
                "context-switches": 904,
                "cpu-migrations": 6,
                "page-faults": 111412,
                "cycles": 66305981814,
                "instructions": 57995285935,
                "branches": 12324156810,
                "branch-misses": 298205690,
                "max-rss": 1549228,
                "wall-time": 17.349999999999998
            },
            "ClamAV": {
                "task-clock": 52513.473218999956,
                "context-switches": 3975,
                "cpu-migrations": 204,
                "page-faults": 301233,
                "cycles": 158811177554,
                "instructions": 129036465384,
                "branches": 27563777309,
                "branch-misses": 814320132,
                "max-rss": 5207080,
                "wall-time": 55.72000000000001
            },
            "lencod": {
                "task-clock": 69447.35726699998,
                "context-switches": 4066,
                "cpu-migrations": 209,
                "page-faults": 228477,
                "cycles": 210574467583,
                "instructions": 194232857632,
                "branches": 40741511331,
                "branch-misses": 800861412,
                "max-rss": 3117092,
                "wall-time": 59.849999999999994
            },
            "SPASS": {
                "task-clock": 49577.537597,
                "context-switches": 3970,
                "cpu-migrations": 111,
                "page-faults": 174734,
                "cycles": 149436558347,
                "instructions": 116957403592,
                "branches": 25202446164,
                "branch-misses": 760587427,
                "max-rss": 2821976,
                "wall-time": 43.33
            },
            "7zip": {
                "task-clock": 147567.78227000003,
                "context-switches": 12711,
                "cpu-migrations": 363,
                "page-faults": 811642,
                "cycles": 445851110387,
                "instructions": 330254817739,
                "branches": 70728945539,
                "branch-misses": 2150443966,
                "max-rss": 12385392,
                "wall-time": 133.17
            },
            "geomean": {
                "task-clock": 57340.92140087172,
                "context-switches": 3376.117031377554,
                "cpu-migrations": 121.02025179017815,
                "page-faults": 203004.64864861884,
                "cycles": 173643636885.3782,
                "instructions": 139485680315.2676,
                "branches": 29869173200.14168,
                "branch-misses": 785990660.1094391,
                "max-rss": 2248224.259063017,
                "wall-time": 57.046450985658346
            }
        },
        "ReleaseLTO-g": {
            "kimwitu++": {
                "task-clock": 46121.27404000001,
                "context-switches": 1114,
                "cpu-migrations": 1,
                "page-faults": 206104,
                "cycles": 139812832082,
                "instructions": 97224765957,
                "branches": 21031737106,
                "branch-misses": 598760609,
                "max-rss": 1440360,
                "wall-time": 46.74
            },
            "sqlite3": {
                "task-clock": 63199.62306699999,
                "context-switches": 505,
                "cpu-migrations": 1,
                "page-faults": 110049,
                "cycles": 192042496507,
                "instructions": 150896455475,
                "branches": 32278007782,
                "branch-misses": 844666128,
                "max-rss": 503732,
                "wall-time": 63.36
            },
            "consumer-typeset": {
                "task-clock": 39380.38076700001,
                "context-switches": 896,
                "cpu-migrations": 1,
                "page-faults": 216551,
                "cycles": 119318968319,
                "instructions": 95264493809,
                "branches": 20204472544,
                "branch-misses": 545993751,
                "max-rss": 2970948,
                "wall-time": 41.24999999999999
            },
            "Bullet": {
                "task-clock": 69530.34644100003,
                "context-switches": 2824,
                "cpu-migrations": 1,
                "page-faults": 561728,
                "cycles": 210321983082,
                "instructions": 157114604037,
                "branches": 33155653779,
                "branch-misses": 855486489,
                "max-rss": 7526372,
                "wall-time": 73.89999999999999
            },
            "tramp3d-v4": {
                "task-clock": 115022.062806,
                "context-switches": 606,
                "cpu-migrations": 3,
                "page-faults": 298628,
                "cycles": 348779655469,
                "instructions": 269957869017,
                "branches": 58411349099,
                "branch-misses": 1306515339,
                "max-rss": 1191272,
                "wall-time": 115.16
            },
            "mafft": {
                "task-clock": 22562.385956000006,
                "context-switches": 612,
                "cpu-migrations": 0,
                "page-faults": 126441,
                "cycles": 68408877928,
                "instructions": 68352742931,
                "branches": 14454092104,
                "branch-misses": 339152863,
                "max-rss": 1640832,
                "wall-time": 23.540000000000006
            },