{
    "config": 0,
    "clang_size": [],
    "data": {
        "ReleaseThinLTO": {
            "kimwitu++": {
                "task-clock": 41555.55874100001,
                "context-switches": 2090,
                "cpu-migrations": 114,
                "page-faults": 148635,
                "cycles": 126859105008,
                "instructions": 93172738239,
                "branches": 20222936605,
                "branch-misses": 580123315,
                "max-rss": 1208588,
                "wall-time": 38.53000000000001
            },
            "sqlite3": {
                "task-clock": 55798.104825999995,
                "context-switches": 2494,
                "cpu-migrations": 131,
                "page-faults": 62172,
                "cycles": 170929701017,
                "instructions": 139903130273,
                "branches": 30113263416,
                "branch-misses": 811816785,
                "max-rss": 318356,
                "wall-time": 67.72
            },
            "consumer-typeset": {
                "task-clock": 36660.811416,
                "context-switches": 2442,
                "cpu-migrations": 153,
                "page-faults": 188910,
                "cycles": 112183949699,
                "instructions": 91458475256,
                "branches": 19490733167,
                "branch-misses": 565230546,
                "max-rss": 2832336,
                "wall-time": 33.84999999999999
            },
            "Bullet": {
                "task-clock": 61285.80893100002,
                "context-switches": 5183,
                "cpu-migrations": 229,
                "page-faults": 498019,
                "cycles": 187214637688,
                "instructions": 139101823656,
                "branches": 29421366812,
                "branch-misses": 782402574,
                "max-rss": 7213420,
                "wall-time": 82.46000000000001
            },
            "tramp3d-v4": {
                "task-clock": 109562.32190400001,
                "context-switches": 3429,
                "cpu-migrations": 216,
                "page-faults": 129467,
                "cycles": 333747059933,
                "instructions": 285353908169,
                "branches": 62360483190,
                "branch-misses": 1357301517,
                "max-rss": 489008,
                "wall-time": 128.23000000000002
            },
            "mafft": {
                "task-clock": 21295.23277799999,
                "context-switches": 610,
                "cpu-migrations": 0,
                "page-faults": 110718,
                "cycles": 65301054597,
                "instructions": 57303264927,
                "branches": 12185191039,
                "branch-misses": 297205784,
                "max-rss": 1554880,
                "wall-time": 16.93
            },
            "ClamAV": {
                "task-clock": 50254.77764900001,
                "context-switches": 4117,
                "cpu-migrations": 228,
                "page-faults": 300417,
                "cycles": 153539973131,
                "instructions": 124585236074,
                "branches": 26669567453,
                "branch-misses": 806784495,
                "max-rss": 5226572,
                "wall-time": 53.81999999999999
            },
            "lencod": {
                "task-clock": 67901.57580600001,
                "context-switches": 4107,
                "cpu-migrations": 256,
                "page-faults": 229904,
                "cycles": 205962552409,
                "instructions": 190284247432,
                "branches": 39935578086,
                "branch-misses": 800348962,
                "max-rss": 3124928,
                "wall-time": 58.89
            },
            "SPASS": {
                "task-clock": 48379.860720000004,
                "context-switches": 3753,
                "cpu-migrations": 100,
                "page-faults": 174792,
                "cycles": 146848941463,
                "instructions": 115637541595,
                "branches": 24915906181,
                "branch-misses": 754756679,
                "max-rss": 2828472,
                "wall-time": 42.27
            },
            "7zip": {
                "task-clock": 142549.46348099998,
                "context-switches": 12227,
                "cpu-migrations": 281,
                "page-faults": 811616,
                "cycles": 436488477436,
                "instructions": 324810400275,
                "branches": 69601486609,
                "branch-misses": 2137643493,
                "max-rss": 12397780,
                "wall-time": 127.78
            },
            "geomean": {
                "task-clock": 55672.940463425766,
                "context-switches": 3183.9562900463166,
                "cpu-migrations": 0,
                "page-faults": 203551.22888375964,
                "cycles": 169965222728.86978,
                "instructions": 137493904692.92343,
                "branches": 29446291215.916103,
                "branch-misses": 783817039.3927188,
                "max-rss": 2256546.520639749,
                "wall-time": 55.366171567151596
            }
        },
        "ReleaseLTO-g": {
            "kimwitu++": {
                "task-clock": 44611.278944000005,
                "context-switches": 1054,
                "cpu-migrations": 1,
                "page-faults": 205993,
                "cycles": 136974960387,
                "instructions": 96771782109,
                "branches": 20914873092,
                "branch-misses": 600728760,
                "max-rss": 1440444,
                "wall-time": 45.19
            },
            "sqlite3": {
                "task-clock": 61063.46217,
                "context-switches": 309,
                "cpu-migrations": 1,
                "page-faults": 110154,
                "cycles": 186348301471,
                "instructions": 149265993462,
                "branches": 31926914250,
                "branch-misses": 843541564,
                "max-rss": 504268,
                "wall-time": 61.2
            },
            "consumer-typeset": {
                "task-clock": 37985.28388100001,
                "context-switches": 889,
                "cpu-migrations": 1,
                "page-faults": 216824,
                "cycles": 116391811364,
                "instructions": 94096287060,
                "branches": 19945524264,
                "branch-misses": 541840556,
                "max-rss": 2973892,
                "wall-time": 39.73999999999999
            },
            "Bullet": {
                "task-clock": 68359.13634800001,
                "context-switches": 3534,
                "cpu-migrations": 1,
                "page-faults": 562689,
                "cycles": 209050539035,
                "instructions": 156388464120,
                "branches": 32981070410,
                "branch-misses": 858326783,
                "max-rss": 7534988,
                "wall-time": 72.59
            },
            "tramp3d-v4": {
                "task-clock": 110609.471146,
                "context-switches": 554,
                "cpu-migrations": 1,
                "page-faults": 298835,
                "cycles": 338332798899,
                "instructions": 266417488582,
                "branches": 57631689296,
                "branch-misses": 1307078038,
                "max-rss": 1192616,
                "wall-time": 110.74000000000001
            },
            "mafft": {
                "task-clock": 21899.92651200001,
                "context-switches": 653,
                "cpu-migrations": 0,
                "page-faults": 128252,
                "cycles": 67032752077,
                "instructions": 67267417605,
                "branches": 14235449588,
                "branch-misses": 337641910,
                "max-rss": 1645428,
                "wall-time": 22.849999999999994
            },