{
    "config": 0,
    "clang_size": {
        "size-text": 66842154,
        "size-data": 2779928,
        "size-bss": 284144,
        "size-total": 69906226
    },
    "data": {
        "ReleaseThinLTO": {
            "kimwitu++": {
                "task-clock": 31502.048685000005,
                "context-switches": 1618,
                "cpu-migrations": 60,
                "page-faults": 159261,
                "cycles": 106080002503,
                "instructions": 92150298846,
                "branches": 19892807252,
                "branch-misses": 507324328,
                "max-rss": 1145404,
                "wall-time": 29.089999999999996,
                "size-text": 787080,
                "size-data": 25960,
                "size-bss": 12560,
                "size-total": 825600
            },
            "sqlite3": {
                "task-clock": 46926.394111,
                "context-switches": 1948,
                "cpu-migrations": 151,
                "page-faults": 63764,
                "cycles": 158024072121,
                "instructions": 145003670347,
                "branches": 31236332221,
                "branch-misses": 786889788,
                "max-rss": 308536,
                "wall-time": 57.37,
                "size-text": 781474,
                "size-data": 3095,
                "size-bss": 624,
                "size-total": 785193
            },
            "consumer-typeset": {
                "task-clock": 29813.299614999996,
                "context-switches": 2165,
                "cpu-migrations": 183,
                "page-faults": 243474,
                "cycles": 100353358563,
                "instructions": 93775618136,
                "branches": 19938965060,
                "branch-misses": 539250654,
                "max-rss": 2677100,
                "wall-time": 27.81,
                "size-text": 677634,
                "size-data": 3768,
                "size-bss": 65200,
                "size-total": 746602
            },
            "Bullet": {
                "task-clock": 47382.55623200001,
                "context-switches": 4875,
                "cpu-migrations": 227,
                "page-faults": 627150,
                "cycles": 159130909584,
                "instructions": 139518665360,
                "branches": 29421690124,
                "branch-misses": 705285557,
                "max-rss": 6786064,
                "wall-time": 65.87,
                "size-text": 393144,
                "size-data": 403696,
                "size-bss": 43328,
                "size-total": 840168
            },
            "tramp3d-v4": {
                "task-clock": 90265.427947,
                "context-switches": 2741,
                "cpu-migrations": 150,
                "page-faults": 127613,
                "cycles": 304092347575,
                "instructions": 294602371091,
                "branches": 64450155332,
                "branch-misses": 1278558357,
                "max-rss": 479212,
                "wall-time": 105.67999999999999,
                "size-text": 885858,
                "size-data": 1800,
                "size-bss": 1848,
                "size-total": 889506
            },
            "mafft": {
                "task-clock": 17711.161762999996,
                "context-switches": 718,
                "cpu-migrations": 30,
                "page-faults": 137815,
                "cycles": 59656371247,
                "instructions": 59280804000,
                "branches": 12591572438,
                "branch-misses": 292414662,
                "max-rss": 1470800,
                "wall-time": 14.350000000000003,
                "size-text": 275169,
                "size-data": 3052,
                "size-bss": 14911040,
                "size-total": 15189261
            },
            "ClamAV": {
                "task-clock": 41818.592806000015,
                "context-switches": 3709,
                "cpu-migrations": 275,
                "page-faults": 414793,
                "cycles": 140677077608,
                "instructions": 131348277964,
                "branches": 27992841347,
                "branch-misses": 778725860,
                "max-rss": 4930324,
                "wall-time": 45.37999999999998,
                "size-text": 774253,
                "size-data": 52872,
                "size-bss": 4752,
                "size-total": 831877
            },
            "lencod": {
                "task-clock": 56438.65032,
                "context-switches": 3814,
                "cpu-migrations": 264,
                "page-faults": 283239,
                "cycles": 190088458435,
                "instructions": 197573752448,
                "branches": 41582815478,
                "branch-misses": 773997815,
                "max-rss": 2933060,
                "wall-time": 49.410000000000004,
                "size-text": 958131,
                "size-data": 2144,
                "size-bss": 106176,
                "size-total": 1066451
            },
            "SPASS": {
                "task-clock": 37802.298414,
                "context-switches": 3368,
                "cpu-migrations": 126,
                "page-faults": 230711,
                "cycles": 127148338867,
                "instructions": 116194362618,
                "branches": 24968555293,
                "branch-misses": 703734962,
                "max-rss": 2673060,
                "wall-time": 33.22,
                "size-text": 607600,
                "size-data": 872,
                "size-bss": 346536,
                "size-total": 955008
            },
            "7zip": {
                "task-clock": 113317.74768800002,
                "context-switches": 11744,
                "cpu-migrations": 458,
                "page-faults": 1050194,
                "cycles": 380269446136,
                "instructions": 333463079875,
                "branches": 71171050789,
                "branch-misses": 1988593693,
                "max-rss": 11701000,
                "wall-time": 103.58000000000001,
                "size-text": 1436409,
                "size-data": 4160,
                "size-bss": 29280,
                "size-total": 1469849
            },
            "geomean": {
                "task-clock": 44960.539955424516,
                "context-switches": 2860.130911707676,
                "cpu-migrations": 153.14366284857562,
                "page-faults": 244907.6055276082,
                "cycles": 151282494178.3839,
                "instructions": 140835933311.71527,
                "branches": 30107090913.717163,
                "branch-misses": 737930479.0941772,
                "max-rss": 2143411.9542480325,
                "wall-time": 45.222199433689994,
                "size-text": 693848.660065021,
                "size-data": 6984.009238215472,
                "size-bss": 35437.433332268796,
                "size-total": 1212039.2022614183
            }
        },
        "O3": {
            "kimwitu++": {
                "task-clock": 24252.962094000002,
                "context-switches": 848,
                "cpu-migrations": 15,
                "page-faults": 156958,
                "cycles": 81696291015,
                "instructions": 66131498052,
                "branches": 14209354491,
                "branch-misses": 405604807,
                "max-rss": 1180016,
                "wall-time": 24.860000000000003,
                "size-text": 805325,
                "size-data": 31168,
                "size-bss": 12592,
                "size-total": 849085
            },
            "sqlite3": {
                "task-clock": 32365.538602,
                "context-switches": 147,
                "cpu-migrations": 2,
                "page-faults": 42347,
                "cycles": 109136325111,
                "instructions": 95910123864,
                "branches": 20519840788,
                "branch-misses": 566022904,
                "max-rss": 249800,