{
    "config": 0,
    "clang_size": {
        "size-text": 70087772,
        "size-data": 2889384,
        "size-bss": 311720,
        "size-total": 73288876
    },
    "data": {
        "O0-g": {
            "kimwitu++": {
                "task-clock": 12094.179193999997,
                "context-switches": 693,
                "cpu-migrations": 2,
                "page-faults": 156097,
                "cycles": 40689346210,
                "instructions": 30089150065,
                "branches": 6252993627,
                "branch-misses": 157859690,
                "max-rss": 1213692,
                "wall-time": 12.670000000000003,
                "size-text": 1430110,
                "size-data": 31288,
                "size-bss": 12608,
                "size-total": 1474006
            },
            "sqlite3": {
                "task-clock": 2200.037291,
                "context-switches": 62,
                "cpu-migrations": 3,
                "page-faults": 32883,
                "cycles": 7387075318,
                "instructions": 6375738736,
                "branches": 1316575885,
                "branch-misses": 28069515,
                "max-rss": 223420,
                "wall-time": 2.33,
                "size-text": 534059,
                "size-data": 3280,
                "size-bss": 696,
                "size-total": 538035
            },
            "consumer-typeset": {
                "task-clock": 5027.030287999999,
                "context-switches": 445,
                "cpu-migrations": 13,
                "page-faults": 175199,
                "cycles": 16879071116,
                "instructions": 14988509159,
                "branches": 3039912087,
                "branch-misses": 57487529,
                "max-rss": 2759032,
                "wall-time": 7.050000000000002,
                "size-text": 1035501,
                "size-data": 7512,
                "size-bss": 65264,
                "size-total": 1108277
            },
            "Bullet": {
                "task-clock": 26331.376910000003,
                "context-switches": 2008,
                "cpu-migrations": 4,
                "page-faults": 528801,
                "cycles": 88422780309,
                "instructions": 71042494726,
                "branches": 14465035965,
                "branch-misses": 322832586,
                "max-rss": 7225704,
                "wall-time": 30.900000000000002,
                "size-text": 1232272,
                "size-data": 747920,
                "size-bss": 45552,
                "size-total": 2025744
            },
            "tramp3d-v4": {
                "task-clock": 11666.298805,
                "context-switches": 67,
                "cpu-migrations": 1,
                "page-faults": 128469,
                "cycles": 39154683536,
                "instructions": 28696001418,
                "branches": 6169774518,
                "branch-misses": 149557136,
                "max-rss": 512828,
                "wall-time": 11.74,
                "size-text": 1393987,
                "size-data": 1464,
                "size-bss": 2136,
                "size-total": 1397587
            },
            "mafft": {
                "task-clock": 2793.5151109999993,
                "context-switches": 280,
                "cpu-migrations": 5,
                "page-faults": 94718,
                "cycles": 9369964512,
                "instructions": 8194113421,
                "branches": 1662790666,
                "branch-misses": 32749150,
                "max-rss": 1475960,
                "wall-time": 3.8300000000000005,
                "size-text": 449332,
                "size-data": 8941,
                "size-bss": 132727168,
                "size-total": 133185441
            },
            "ClamAV": {
                "task-clock": 6413.395867999999,
                "context-switches": 767,
                "cpu-migrations": 11,
                "page-faults": 278514,
                "cycles": 21501716345,
                "instructions": 17446100175,
                "branches": 3518545953,
                "branch-misses": 77958951,
                "max-rss": 5010452,
                "wall-time": 10.309999999999999,
                "size-text": 889711,
                "size-data": 62788,
                "size-bss": 4768,
                "size-total": 957267
            },
            "lencod": {
                "task-clock": 5379.894136999998,
                "context-switches": 505,
                "cpu-migrations": 5,
                "page-faults": 187699,
                "cycles": 18046916099,
                "instructions": 15639965515,
                "branches": 3159975816,
                "branch-misses": 61885861,
                "max-rss": 2952788,
                "wall-time": 7.6,
                "size-text": 918941,
                "size-data": 16632,
                "size-bss": 109408,
                "size-total": 1044981
            },
            "SPASS": {
                "task-clock": 6754.9233010000025,
                "context-switches": 574,
                "cpu-migrations": 6,
                "page-faults": 178138,
                "cycles": 22667669379,
                "instructions": 18412340969,
                "branches": 3805693487,
                "branch-misses": 85295181,
                "max-rss": 2730712,
                "wall-time": 8.770000000000001,
                "size-text": 917907,
                "size-data": 920,
                "size-bss": 358776,
                "size-total": 1277603
            },
            "7zip": {
                "task-clock": 33113.066359,
                "context-switches": 3032,
                "cpu-migrations": 11,
                "page-faults": 821764,
                "cycles": 111083126840,
                "instructions": 81988657723,
                "branches": 16868574523,
                "branch-misses": 414789777,
                "max-rss": 12119452,
                "wall-time": 41.359999999999964,
                "size-text": 1390888,
                "size-data": 7832,
                "size-bss": 29440,
                "size-total": 1428160
            },
            "geomean": {
                "task-clock": 7847.579486338019,
                "context-switches": 466.25223958677134,
                "cpu-migrations": 4.73481617245977,
                "page-faults": 183917.62139776914,
                "cycles": 26340976480.807655,
                "instructions": 21361597947.570477,
                "branches": 4388721752.490886,
                "branch-misses": 96322429.85474437,
                "max-rss": 2138839.427555332,
                "wall-time": 9.80573017185948,
                "size-text": 955931.8434038078,
                "size-data": 11896.716642703963,
                "size-bss": 45815.70955039673,
                "size-total": 1897445.2512133552
            }
        }
    }
}