{
    "config": 0,
    "clang_size": [],
    "data": {
        "ReleaseThinLTO": {
            "kimwitu++": {
                "task-clock": 42093.442399,
                "context-switches": 1914,
                "cpu-migrations": 82,
                "page-faults": 147156,
                "cycles": 127993628803,
                "instructions": 93577852518,
                "branches": 20308549756,
                "branch-misses": 578638148,
                "max-rss": 1202512,
                "wall-time": 38.59
            },
            "sqlite3": {
                "task-clock": 57827.556609,
                "context-switches": 2467,
                "cpu-migrations": 136,
                "page-faults": 61680,
                "cycles": 176117042974,
                "instructions": 141520166330,
                "branches": 30452825270,
                "branch-misses": 818350619,
                "max-rss": 315784,
                "wall-time": 70.52
            },
            "consumer-typeset": {
                "task-clock": 37501.575611999986,
                "context-switches": 2579,
                "cpu-migrations": 125,
                "page-faults": 188953,
                "cycles": 114152884464,
                "instructions": 92487553805,
                "branches": 19716354447,
                "branch-misses": 569999667,
                "max-rss": 2842168,
                "wall-time": 34.589999999999996
            },
            "Bullet": {
                "task-clock": 62382.31367099999,
                "context-switches": 5250,
                "cpu-migrations": 256,
                "page-faults": 497354,
                "cycles": 189037904435,
                "instructions": 139620563157,
                "branches": 29540482115,
                "branch-misses": 786292224,
                "max-rss": 7200612,
                "wall-time": 83.97999999999999
            },
            "tramp3d-v4": {
                "task-clock": 112664.23143400002,
                "context-switches": 3719,
                "cpu-migrations": 233,
                "page-faults": 128399,
                "cycles": 342958143268,
                "instructions": 289514391990,
                "branches": 63202555780,
                "branch-misses": 1366706621,
                "max-rss": 483428,
                "wall-time": 132.25
            },
            "mafft": {
                "task-clock": 21724.947990000008,
                "context-switches": 729,
                "cpu-migrations": 2,
                "page-faults": 112203,
                "cycles": 66147515253,
                "instructions": 57974662022,
                "branches": 12319454318,
                "branch-misses": 298671427,
                "max-rss": 1553020,
                "wall-time": 17.31
            },
            "ClamAV": {
                "task-clock": 51925.12684499996,
                "context-switches": 3967,
                "cpu-migrations": 209,
                "page-faults": 302886,
                "cycles": 158284492552,
                "instructions": 128880753348,
                "branches": 27532012644,
                "branch-misses": 812916319,
                "max-rss": 5221336,
                "wall-time": 55.24000000000001
            },
            "lencod": {
                "task-clock": 69112.31919899999,
                "context-switches": 4069,
                "cpu-migrations": 180,
                "page-faults": 230732,
                "cycles": 210457903916,
                "instructions": 193976931181,
                "branches": 40667132599,
                "branch-misses": 803085334,
                "max-rss": 3122040,
                "wall-time": 59.629999999999995
            },
            "SPASS": {
                "task-clock": 48856.558990000005,
                "context-switches": 3765,
                "cpu-migrations": 126,
                "page-faults": 174996,
                "cycles": 148765684287,
                "instructions": 116818712023,
                "branches": 25158690935,
                "branch-misses": 759619980,
                "max-rss": 2829752,
                "wall-time": 42.760000000000005
            },
            "7zip": {
                "task-clock": 146813.955443,
                "context-switches": 12678,
                "cpu-migrations": 406,
                "page-faults": 811364,
                "cycles": 444597532909,
                "instructions": 330172330611,
                "branches": 70689421651,
                "branch-misses": 2145399309,
                "max-rss": 12384048,
                "wall-time": 132.69999999999996
            },
            "geomean": {
                "task-clock": 56948.57129545232,
                "context-switches": 3255.0982781070697,
                "cpu-migrations": 112.33637425437821,
                "page-faults": 203523.17743244584,
                "cycles": 173214944789.57166,
                "instructions": 139383822503.57254,
                "branches": 29833216448.387817,
                "branch-misses": 787877337.809815,
                "max-rss": 2250525.1220610915,
                "wall-time": 56.6139342480665
            }
        },
        "ReleaseLTO-g": {
            "kimwitu++": {
                "task-clock": 45940.88055500002,
                "context-switches": 1078,
                "cpu-migrations": 1,
                "page-faults": 205837,
                "cycles": 139352887554,
                "instructions": 97116826922,
                "branches": 20985051324,
                "branch-misses": 598950628,
                "max-rss": 1441284,
                "wall-time": 46.54
            },
            "sqlite3": {
                "task-clock": 62772.596644000005,
                "context-switches": 455,
                "cpu-migrations": 2,
                "page-faults": 110110,
                "cycles": 190702802097,
                "instructions": 150850180658,
                "branches": 32253801290,
                "branch-misses": 845354805,
                "max-rss": 503880,
                "wall-time": 62.98
            },
            "consumer-typeset": {
                "task-clock": 39280.21941199998,
                "context-switches": 918,
                "cpu-migrations": 1,
                "page-faults": 216650,
                "cycles": 119242453747,
                "instructions": 95106331675,
                "branches": 20159839591,
                "branch-misses": 545697229,
                "max-rss": 2974188,
                "wall-time": 41.18000000000001
            },
            "Bullet": {
                "task-clock": 69853.85764899998,
                "context-switches": 3099,
                "cpu-migrations": 3,
                "page-faults": 562540,
                "cycles": 211860984568,
                "instructions": 157056106203,
                "branches": 33129965117,
                "branch-misses": 858727075,
                "max-rss": 7529432,
                "wall-time": 74.27000000000001
            },
            "tramp3d-v4": {
                "task-clock": 114640.813406,
                "context-switches": 822,
                "cpu-migrations": 2,
                "page-faults": 298509,
                "cycles": 348006052957,
                "instructions": 269745917252,
                "branches": 58298772773,
                "branch-misses": 1314773100,
                "max-rss": 1191536,
                "wall-time": 114.83
            },
            "mafft": {
                "task-clock": 22667.179971,
                "context-switches": 586,
                "cpu-migrations": 0,
                "page-faults": 127949,
                "cycles": 68816910264,
                "instructions": 68353131124,
                "branches": 14450487751,
                "branch-misses": 340698957,
                "max-rss": 1642676,
                "wall-time": 23.65
            },