{
    "config": 0,
    "clang_size": [],
    "data": {
        "ReleaseThinLTO": {
            "kimwitu++": {
                "task-clock": 41955.476947,
                "context-switches": 2099,
                "cpu-migrations": 116,
                "page-faults": 148496,
                "cycles": 126650258638,
                "instructions": 93659877480,
                "branches": 20339695322,
                "branch-misses": 581526169,
                "max-rss": 1210792,
                "wall-time": 38.13
            },
            "sqlite3": {
                "task-clock": 56886.393514999996,
                "context-switches": 3050,
                "cpu-migrations": 136,
                "page-faults": 61641,
                "cycles": 172723642934,
                "instructions": 141609799824,
                "branches": 30484656457,
                "branch-misses": 809433504,
                "max-rss": 316872,
                "wall-time": 69.88
            },
            "consumer-typeset": {
                "task-clock": 37230.928096,
                "context-switches": 2497,
                "cpu-migrations": 119,
                "page-faults": 188476,
                "cycles": 112996868797,
                "instructions": 92628409297,
                "branches": 19756076044,
                "branch-misses": 562584982,
                "max-rss": 2830712,
                "wall-time": 34.050000000000004
            },
            "Bullet": {
                "task-clock": 62616.31789700001,
                "context-switches": 5308,
                "cpu-migrations": 235,
                "page-faults": 497337,
                "cycles": 187939992506,
                "instructions": 139749950440,
                "branches": 29582150576,
                "branch-misses": 784346396,
                "max-rss": 7202644,
                "wall-time": 83.71999999999997
            },
            "tramp3d-v4": {
                "task-clock": 111727.643832,
                "context-switches": 3095,
                "cpu-migrations": 190,
                "page-faults": 131268,
                "cycles": 337848568181,
                "instructions": 289849917896,
                "branches": 63342246171,
                "branch-misses": 1362561888,
                "max-rss": 483136,
                "wall-time": 131.33
            },
            "mafft": {
                "task-clock": 21737.10208,
                "context-switches": 649,
                "cpu-migrations": 1,
                "page-faults": 111062,
                "cycles": 65956269990,
                "instructions": 58027762257,
                "branches": 12332851299,
                "branch-misses": 297829482,
                "max-rss": 1549904,
                "wall-time": 17.3
            },
            "ClamAV": {
                "task-clock": 51987.29114900004,
                "context-switches": 4231,
                "cpu-migrations": 201,
                "page-faults": 302523,
                "cycles": 157477216417,
                "instructions": 129156904569,
                "branches": 27592610724,
                "branch-misses": 813221199,
                "max-rss": 5215504,
                "wall-time": 54.95000000000002
            },
            "lencod": {
                "task-clock": 68732.362748,
                "context-switches": 4206,
                "cpu-migrations": 222,
                "page-faults": 229148,
                "cycles": 208576245760,
                "instructions": 194204083633,
                "branches": 40734439209,
                "branch-misses": 804784910,
                "max-rss": 3119700,
                "wall-time": 59.55
            },
            "SPASS": {
                "task-clock": 49192.89627700001,
                "context-switches": 4010,
                "cpu-migrations": 146,
                "page-faults": 175389,
                "cycles": 148572669151,
                "instructions": 117036482944,
                "branches": 25219329253,
                "branch-misses": 755508030,
                "max-rss": 2826504,
                "wall-time": 43.09
            },
            "7zip": {
                "task-clock": 147817.04062999997,
                "context-switches": 13030,
                "cpu-migrations": 386,
                "page-faults": 810752,
                "cycles": 442902120015,
                "instructions": 330488760034,
                "branches": 70775796724,
                "branch-misses": 2145893716,
                "max-rss": 12386392,
                "wall-time": 133.93999999999997
            },
            "geomean": {
                "task-clock": 56825.54498579902,
                "context-switches": 3311.2869433310043,
                "cpu-migrations": 107.74210380391784,
                "page-faults": 203750.20135530925,
                "cycles": 171780986109.09003,
                "instructions": 139553447901.51413,
                "branches": 29883302907.28078,
                "branch-misses": 785508015.7160933,
                "max-rss": 2250773.9404880237,
                "wall-time": 56.4041726947613
            }
        },
        "ReleaseLTO-g": {
            "kimwitu++": {
                "task-clock": 45283.548245,
                "context-switches": 721,
                "cpu-migrations": 1,
                "page-faults": 205837,
                "cycles": 137490605502,
                "instructions": 97325627121,
                "branches": 21046876739,
                "branch-misses": 598893158,
                "max-rss": 1438716,
                "wall-time": 45.870000000000005
            },
            "sqlite3": {
                "task-clock": 61933.995331,
                "context-switches": 410,
                "cpu-migrations": 1,
                "page-faults": 110088,
                "cycles": 187293070368,
                "instructions": 151016262290,
                "branches": 32303085763,
                "branch-misses": 844812404,
                "max-rss": 504100,
                "wall-time": 62.120000000000005
            },
            "consumer-typeset": {
                "task-clock": 38944.618918,
                "context-switches": 986,
                "cpu-migrations": 1,
                "page-faults": 216866,
                "cycles": 117844286153,
                "instructions": 95283481408,
                "branches": 20205927851,
                "branch-misses": 545061510,
                "max-rss": 2973672,
                "wall-time": 40.779999999999994
            },
            "Bullet": {
                "task-clock": 69225.96515900001,
                "context-switches": 2182,
                "cpu-migrations": 3,
                "page-faults": 562197,
                "cycles": 210031703452,
                "instructions": 157241803580,
                "branches": 33180431825,
                "branch-misses": 856445692,
                "max-rss": 7531828,
                "wall-time": 73.52
            },
            "tramp3d-v4": {
                "task-clock": 112397.31672999999,
                "context-switches": 1515,
                "cpu-migrations": 1,
                "page-faults": 298587,
                "cycles": 341167404531,
                "instructions": 270060655202,
                "branches": 58414111787,
                "branch-misses": 1307350756,
                "max-rss": 1191304,
                "wall-time": 112.59
            },
            "mafft": {
                "task-clock": 22535.123632000003,
                "context-switches": 612,
                "cpu-migrations": 3,
                "page-faults": 126524,
                "cycles": 68125053449,
                "instructions": 68361586586,
                "branches": 14457169971,
                "branch-misses": 339071916,
                "max-rss": 1641288,
                "wall-time": 23.650000000000006
            },