{
    "config": 0,
    "clang_size": [],
    "data": {
        "ReleaseThinLTO": {
            "kimwitu++": {
                "task-clock": 42349.426392,
                "context-switches": 1902,
                "cpu-migrations": 60,
                "page-faults": 147769,
                "cycles": 128411109600,
                "instructions": 93904468049,
                "branches": 20387312601,
                "branch-misses": 575115995,
                "max-rss": 1201952,
                "wall-time": 38.63000000000001
            },
            "sqlite3": {
                "task-clock": 58123.615567,
                "context-switches": 2562,
                "cpu-migrations": 159,
                "page-faults": 62029,
                "cycles": 177399397313,
                "instructions": 142572970574,
                "branches": 30651123705,
                "branch-misses": 816392794,
                "max-rss": 316732,
                "wall-time": 71.75
            },
            "consumer-typeset": {
                "task-clock": 37437.81570399999,
                "context-switches": 2394,
                "cpu-migrations": 112,
                "page-faults": 188683,
                "cycles": 114195608381,
                "instructions": 92948412069,
                "branches": 19798871641,
                "branch-misses": 567836100,
                "max-rss": 2826436,
                "wall-time": 34.089999999999996
            },
            "Bullet": {
                "task-clock": 62373.61136899999,
                "context-switches": 5284,
                "cpu-migrations": 276,
                "page-faults": 495876,
                "cycles": 189565620620,
                "instructions": 139748791399,
                "branches": 29565102566,
                "branch-misses": 785838685,
                "max-rss": 7192120,
                "wall-time": 84.25000000000001
            },
            "tramp3d-v4": {
                "task-clock": 112943.51954000001,
                "context-switches": 3726,
                "cpu-migrations": 235,
                "page-faults": 128288,
                "cycles": 343577698168,
                "instructions": 291307052492,
                "branches": 63584472880,
                "branch-misses": 1366850641,
                "max-rss": 484380,
                "wall-time": 132.23000000000002
            },
            "mafft": {
                "task-clock": 21931.863802999997,
                "context-switches": 723,
                "cpu-migrations": 13,
                "page-faults": 110540,
                "cycles": 66817258123,
                "instructions": 58249555867,
                "branches": 12363268767,
                "branch-misses": 301010787,
                "max-rss": 1546728,
                "wall-time": 17.729999999999997
            },
            "ClamAV": {
                "task-clock": 52101.58795599999,
                "context-switches": 3872,
                "cpu-migrations": 177,
                "page-faults": 300619,
                "cycles": 158722115386,
                "instructions": 129717753516,
                "branches": 27645604787,
                "branch-misses": 816352612,
                "max-rss": 5205732,
                "wall-time": 54.89999999999997
            },
            "lencod": {
                "task-clock": 69295.783818,
                "context-switches": 4087,
                "cpu-migrations": 208,
                "page-faults": 227866,
                "cycles": 210426804513,
                "instructions": 194639233174,
                "branches": 40732538071,
                "branch-misses": 810649867,
                "max-rss": 3111028,
                "wall-time": 60.27
            },
            "SPASS": {
                "task-clock": 49160.16166,
                "context-switches": 3795,
                "cpu-migrations": 133,
                "page-faults": 174474,
                "cycles": 149604730595,
                "instructions": 117526848644,
                "branches": 25296175672,
                "branch-misses": 757989253,
                "max-rss": 2815364,
                "wall-time": 43.28999999999999
            },
            "7zip": {
                "task-clock": 146443.426601,
                "context-switches": 12429,
                "cpu-migrations": 368,
                "page-faults": 809007,
                "cycles": 445380422523,
                "instructions": 330959277412,
                "branches": 70755970270,
                "branch-misses": 2147421130,
                "max-rss": 12355220,
                "wall-time": 132.07000000000002
            },
            "geomean": {
                "task-clock": 57125.358154694906,
                "context-switches": 3230.907835402527,
                "cpu-migrations": 132.14242592382308,
                "page-faults": 202785.47401386805,
                "cycles": 173831800576.6439,
                "instructions": 140026378321.04205,
                "branches": 29943986102.869713,
                "branch-misses": 788461606.4165715,
                "max-rss": 2245973.3879266186,
                "wall-time": 56.857106682273965
            }
        },
        "ReleaseLTO-g": {
            "kimwitu++": {
                "task-clock": 46170.19555199999,
                "context-switches": 991,
                "cpu-migrations": 1,
                "page-faults": 205816,
                "cycles": 140366125203,
                "instructions": 97478079796,
                "branches": 21073244519,
                "branch-misses": 592708078,
                "max-rss": 1436124,
                "wall-time": 46.839999999999996
            },
            "sqlite3": {
                "task-clock": 63357.02065200001,
                "context-switches": 461,
                "cpu-migrations": 2,
                "page-faults": 110197,
                "cycles": 194003236515,
                "instructions": 151885427093,
                "branches": 32452732102,
                "branch-misses": 845796696,
                "max-rss": 503148,
                "wall-time": 63.510000000000005
            },
            "consumer-typeset": {
                "task-clock": 39041.82519000002,
                "context-switches": 851,
                "cpu-migrations": 2,
                "page-faults": 216419,
                "cycles": 119705494590,
                "instructions": 95539512514,
                "branches": 20235423329,
                "branch-misses": 543191865,
                "max-rss": 2962996,
                "wall-time": 40.92
            },
            "Bullet": {
                "task-clock": 69496.48367700001,
                "context-switches": 3017,
                "cpu-migrations": 3,
                "page-faults": 561931,
                "cycles": 211520786439,
                "instructions": 157230922843,
                "branches": 33161810065,
                "branch-misses": 855354784,
                "max-rss": 7515392,
                "wall-time": 74.01000000000002
            },
            "tramp3d-v4": {
                "task-clock": 115255.95638,
                "context-switches": 903,
                "cpu-migrations": 1,
                "page-faults": 298977,
                "cycles": 351674300859,
                "instructions": 270808701910,
                "branches": 58540727243,
                "branch-misses": 1299940720,
                "max-rss": 1193096,
                "wall-time": 115.46000000000001
            },
            "mafft": {
                "task-clock": 22414.010902,
                "context-switches": 521,
                "cpu-migrations": 1,
                "page-faults": 126292,
                "cycles": 68727354626,
                "instructions": 68639680436,
                "branches": 14492480300,
                "branch-misses": 340755040,
                "max-rss": 1639124,
                "wall-time": 23.389999999999997
            },