{
    "config": 0,
    "clang_size": {
        "size-text": 66682633,
        "size-data": 2766192,
        "size-bss": 253104,
        "size-total": 69701929
    },
    "data": {
        "O3": {
            "kimwitu++": {
                "task-clock": 24906.207083999998,
                "context-switches": 845,
                "cpu-migrations": 15,
                "page-faults": 155218,
                "cycles": 82841667735,
                "instructions": 66030813903,
                "branches": 14195146816,
                "branch-misses": 406194655,
                "max-rss": 1179240,
                "wall-time": 25.55,
                "size-text": 805325,
                "size-data": 31168,
                "size-bss": 12592,
                "size-total": 849085
            },
            "sqlite3": {
                "task-clock": 33205.042108,
                "context-switches": 256,
                "cpu-migrations": 4,
                "page-faults": 42269,
                "cycles": 111941447661,
                "instructions": 95391242669,
                "branches": 20443964396,
                "branch-misses": 564152306,
                "max-rss": 248700,
                "wall-time": 33.349999999999994,
                "size-text": 744376,
                "size-data": 3095,
                "size-bss": 704,
                "size-total": 748175
            },
            "consumer-typeset": {
                "task-clock": 20409.989817,
                "context-switches": 930,
                "cpu-migrations": 52,
                "page-faults": 270709,
                "cycles": 68513610705,
                "instructions": 61445841904,
                "branches": 13003364256,
                "branch-misses": 358853072,
                "max-rss": 2994908,
                "wall-time": 22.409999999999993,
                "size-text": 576090,
                "size-data": 3768,
                "size-bss": 65232,
                "size-total": 645090
            },
            "Bullet": {
                "task-clock": 51076.85042999999,
                "context-switches": 3173,
                "cpu-migrations": 131,
                "page-faults": 667631,
                "cycles": 170473557087,
                "instructions": 144417654255,
                "branches": 30340767081,
                "branch-misses": 783671191,
                "max-rss": 7430720,
                "wall-time": 55.88000000000001,
                "size-text": 910157,
                "size-data": 747360,
                "size-bss": 45424,
                "size-total": 1702941
            },
            "tramp3d-v4": {
                "task-clock": 49674.679727,
                "context-switches": 291,
                "cpu-migrations": 3,
                "page-faults": 92310,
                "cycles": 166662306078,
                "instructions": 143610426862,
                "branches": 31018620035,
                "branch-misses": 768126236,
                "max-rss": 358540,
                "wall-time": 49.79,
                "size-text": 912906,
                "size-data": 1856,
                "size-bss": 2048,
                "size-total": 916810
            },
            "mafft": {
                "task-clock": 19914.158900999995,
                "context-switches": 609,
                "cpu-migrations": 27,
                "page-faults": 161820,
                "cycles": 66841276581,
                "instructions": 63160725821,
                "branches": 13311785998,
                "branch-misses": 360811855,
                "max-rss": 1660860,
                "wall-time": 20.969999999999995,
                "size-text": 536425,
                "size-data": 8981,
                "size-bss": 132716880,
                "size-total": 133262286
            },
            "ClamAV": {
                "task-clock": 29577.636563999993,
                "context-switches": 1662,
                "cpu-migrations": 105,
                "page-faults": 459166,
                "cycles": 99406046789,
                "instructions": 89487649718,
                "branches": 18918706917,
                "branch-misses": 546075434,
                "max-rss": 5508712,
                "wall-time": 33.38999999999999,
                "size-text": 724886,
                "size-data": 58332,
                "size-bss": 4760,
                "size-total": 787978
            },
            "lencod": {
                "task-clock": 36040.007534000004,
                "context-switches": 1176,
                "cpu-migrations": 55,
                "page-faults": 309151,
                "cycles": 120566400701,
                "instructions": 120954071291,
                "branches": 25359137404,
                "branch-misses": 544993958,
                "max-rss": 3233164,
                "wall-time": 38.17000000000001,
                "size-text": 893987,
                "size-data": 14768,
                "size-bss": 108768,
                "size-total": 1017523
            },
            "SPASS": {
                "task-clock": 25578.850628999997,
                "context-switches": 1063,
                "cpu-migrations": 54,
                "page-faults": 247883,
                "cycles": 85978868950,
                "instructions": 74148661471,
                "branches": 15890008431,
                "branch-misses": 491050943,
                "max-rss": 2941584,
                "wall-time": 27.619999999999997,
                "size-text": 601946,
                "size-data": 880,
                "size-bss": 358728,
                "size-total": 961554
            },
            "7zip": {
                "task-clock": 80292.752048,
                "context-switches": 4925,
                "cpu-migrations": 224,
                "page-faults": 1135074,
                "cycles": 268143593569,
                "instructions": 220805242925,
                "branches": 46712302304,
                "branch-misses": 1369132181,
                "max-rss": 12858036,
                "wall-time": 88.75999999999995,
                "size-text": 1269831,
                "size-data": 5200,
                "size-bss": 29376,
                "size-total": 1304407
            },
            "geomean": {
                "task-clock": 33660.311306279684,
                "context-switches": 1014.737667116055,
                "cpu-migrations": 34.38828105208699,
                "page-faults": 242643.99569628312,
                "cycles": 112796441976.34314,
                "instructions": 98934948443.17725,
                "branches": 21019517450.747463,
                "branch-misses": 569260536.1259842,
                "max-rss": 2196846.2867167946,
                "wall-time": 35.82370583234263,
                "size-text": 773073.8158287274,
                "size-data": 10596.507668331473,
                "size-bss": 45609.31598464766,
                "size-total": 1560704.203083892
            }
        }
    }
}