{
    "config": 0,
    "clang_size": {
        "size-text": 68535302,
        "size-data": 2842408,
        "size-bss": 290408,
        "size-total": 71668118
    },
    "data": {
        "ReleaseThinLTO": {
            "kimwitu++": {
                "task-clock": 31334.625004,
                "context-switches": 1950,
                "cpu-migrations": 95,
                "page-faults": 143086,
                "cycles": 105522083180,
                "instructions": 92043395164,
                "branches": 20024903454,
                "branch-misses": 507783706,
                "max-rss": 1165604,
                "wall-time": 29.279999999999998,
                "size-text": 786980,
                "size-data": 25960,
                "size-bss": 12560,
                "size-total": 825500
            },
            "sqlite3": {
                "task-clock": 46149.813603999995,
                "context-switches": 2434,
                "cpu-migrations": 227,
                "page-faults": 59882,
                "cycles": 155408315530,
                "instructions": 144258611073,
                "branches": 31060868461,
                "branch-misses": 764702840,
                "max-rss": 308472,
                "wall-time": 56.96,
                "size-text": 780826,
                "size-data": 3095,
                "size-bss": 624,
                "size-total": 784545
            },
            "consumer-typeset": {
                "task-clock": 29395.357718999992,
                "context-switches": 2029,
                "cpu-migrations": 207,
                "page-faults": 182341,
                "cycles": 98973713783,
                "instructions": 93248655117,
                "branches": 19884347930,
                "branch-misses": 525989226,
                "max-rss": 2744388,
                "wall-time": 27.21,
                "size-text": 667954,
                "size-data": 3768,
                "size-bss": 65200,
                "size-total": 736922
            },
            "Bullet": {
                "task-clock": 46776.88357199999,
                "context-switches": 4035,
                "cpu-migrations": 154,
                "page-faults": 483727,
                "cycles": 157346354176,
                "instructions": 140350211698,
                "branches": 29771840059,
                "branch-misses": 699585555,
                "max-rss": 6972000,
                "wall-time": 63.889999999999986,
                "size-text": 394152,
                "size-data": 403696,
                "size-bss": 43328,
                "size-total": 841176
            },
            "tramp3d-v4": {
                "task-clock": 89997.962488,
                "context-switches": 2359,
                "cpu-migrations": 130,
                "page-faults": 124657,
                "cycles": 303180326365,
                "instructions": 296051897163,
                "branches": 64794582130,
                "branch-misses": 1264247179,
                "max-rss": 479188,
                "wall-time": 105.53999999999999,
                "size-text": 885402,
                "size-data": 1800,
                "size-bss": 1848,
                "size-total": 889050
            },
            "mafft": {
                "task-clock": 17714.443695000005,
                "context-switches": 733,
                "cpu-migrations": 14,
                "page-faults": 107005,
                "cycles": 59668621377,
                "instructions": 59839964902,
                "branches": 12711465851,
                "branch-misses": 288125447,
                "max-rss": 1504080,
                "wall-time": 14.460000000000003,
                "size-text": 275609,
                "size-data": 3052,
                "size-bss": 14911040,
                "size-total": 15189701
            },
            "ClamAV": {
                "task-clock": 40859.983542,
                "context-switches": 3281,
                "cpu-migrations": 220,
                "page-faults": 293115,
                "cycles": 137531635840,
                "instructions": 130006077050,
                "branches": 27759767984,
                "branch-misses": 759309308,
                "max-rss": 5053552,
                "wall-time": 44.12000000000004,
                "size-text": 773613,
                "size-data": 52872,
                "size-bss": 4752,
                "size-total": 831237
            },
            "lencod": {
                "task-clock": 56884.400687,
                "context-switches": 3597,
                "cpu-migrations": 220,
                "page-faults": 226010,
                "cycles": 191616922706,
                "instructions": 202117775637,
                "branches": 42385633643,
                "branch-misses": 764588753,
                "max-rss": 3016580,
                "wall-time": 50.01,
                "size-text": 957979,
                "size-data": 2144,
                "size-bss": 106176,
                "size-total": 1066299
            },
            "SPASS": {
                "task-clock": 37610.018167,
                "context-switches": 3026,
                "cpu-migrations": 48,
                "page-faults": 169717,
                "cycles": 126562012935,
                "instructions": 116626322604,
                "branches": 25180541588,
                "branch-misses": 694278269,
                "max-rss": 2731668,
                "wall-time": 32.89000000000001,
                "size-text": 608440,
                "size-data": 872,
                "size-bss": 346536,
                "size-total": 955848
            },
            "7zip": {
                "task-clock": 110382.16465000002,
                "context-switches": 10240,
                "cpu-migrations": 288,
                "page-faults": 793175,
                "cycles": 371333523830,
                "instructions": 329340211830,
                "branches": 70578705429,
                "branch-misses": 1935283839,
                "max-rss": 11982592,
                "wall-time": 100.92999999999999,
                "size-text": 1433841,
                "size-data": 4160,
                "size-bss": 29280,
                "size-total": 1467281
            },
            "geomean": {
                "task-clock": 44520.07124360846,
                "context-switches": 2748.1651221421557,
                "cpu-migrations": 123.67419732022644,
                "page-faults": 197413.06466853563,
                "cycles": 149883738933.33197,
                "instructions": 141005440944.5864,
                "branches": 30214879401.181145,
                "branch-misses": 725859830.0300962,
                "max-rss": 2184457.910236974,
                "wall-time": 44.77817992646661,
                "size-text": 692940.6905911259,
                "size-data": 6984.009238215472,
                "size-bss": 35437.433332268796,
                "size-total": 1210214.8400807409
            }
        },
        "O3": {
            "kimwitu++": {
                "task-clock": 24247.888520000008,
                "context-switches": 830,
                "cpu-migrations": 1,
                "page-faults": 139307,
                "cycles": 81687621962,
                "instructions": 66571681175,
                "branches": 14428833792,
                "branch-misses": 409303677,
                "max-rss": 1203316,
                "wall-time": 24.89,
                "size-text": 805309,
                "size-data": 31168,
                "size-bss": 12592,
                "size-total": 849069
            },
            "sqlite3": {
                "task-clock": 32175.335389,
                "context-switches": 188,
                "cpu-migrations": 1,
                "page-faults": 39373,
                "cycles": 108512660343,
                "instructions": 96318088878,
                "branches": 20603368713,
                "branch-misses": 558960937,
                "max-rss": 250020,