{
    "config": 2,
    "clang_size": {
        "size-text": 90009629,
        "size-data": 4087992,
        "size-bss": 376657,
        "size-total": 94474278
    },
    "data": {
        "NewPM-O0-g": {
            "lencod": {
                "instructions": 14738365704,
                "instructions:u": 13459210825,
                "cycles": 10610473263,
                "task-clock": 2950.17,
                "branches": 2800449732,
                "branch-misses": 52204581,
                "max-rss": 3539640,
                "wall-time": 3.1,
                "size-file": 2025456,
                "size-text": 900362,
                "size-data": 16632,
                "size-bss": 109408,
                "size-total": 1026402
            },
            "Bullet": {
                "instructions": 66953538363,
                "instructions:u": 63469886233,
                "cycles": 51048797658,
                "task-clock": 14191.750000000004,
                "branches": 12729777053,
                "branch-misses": 281846788,
                "max-rss": 8584484,
                "wall-time": 14.440000000000001,
                "size-file": 5653032,
                "size-text": 1184007,
                "size-data": 747920,
                "size-bss": 45552,
                "size-total": 1977479
            },
            "mafft": {
                "instructions": 7623330782,
                "instructions:u": 6987361309,
                "cycles": 5434374075,
                "task-clock": 1511.0000000000002,
                "branches": 1458496991,
                "branch-misses": 27131721,
                "max-rss": 1754516,
                "wall-time": 1.5300000000000002,
                "size-file": 846104,
                "size-text": 434313,
                "size-data": 8941,
                "size-bss": 132727168,
                "size-total": 133170422
            },
            "tramp3d-v4": {
                "instructions": 23633030549,
                "instructions:u": 22977569844,
                "cycles": 19485048376,
                "task-clock": 5416.139999999999,
                "branches": 4437374929,
                "branch-misses": 104572068,
                "max-rss": 525660,
                "wall-time": 5.42,
                "size-file": 9778416,
                "size-text": 1348217,
                "size-data": 1464,
                "size-bss": 2136,
                "size-total": 1351817
            },
            "ClamAV": {
                "instructions": 16505259893,
                "instructions:u": 14402168725,
                "cycles": 12882603858,
                "task-clock": 3582.5999999999995,
                "branches": 3157748008,
                "branch-misses": 67411959,
                "max-rss": 6057312,
                "wall-time": 3.699999999999998,
                "size-file": 1640920,
                "size-text": 862049,
                "size-data": 62788,
                "size-bss": 4768,
                "size-total": 929605
            },
            "kimwitu++": {
                "instructions": 27022015675,
                "instructions:u": 26188688745,
                "cycles": 22516693014,
                "task-clock": 6258.420000000001,
                "branches": 5174670607,
                "branch-misses": 133763418,
                "max-rss": 1383212,
                "wall-time": 6.300000000000001,
                "size-file": 4333504,
                "size-text": 1337590,
                "size-data": 31280,
                "size-bss": 12640,
                "size-total": 1381510
            },
            "sqlite3": {
                "instructions": 5471587543,
                "instructions:u": 5325194871,
                "cycles": 3909716411,
                "task-clock": 1086.94,
                "branches": 1028976605,
                "branch-misses": 21419069,
                "max-rss": 253236,
                "wall-time": 1.09,
                "size-file": 1036304,
                "size-text": 518046,
                "size-data": 3280,
                "size-bss": 696,
                "size-total": 522022
            },
            "SPASS": {
                "instructions": 16129009078,
                "instructions:u": 14939894649,
                "cycles": 12644379122,
                "task-clock": 3515.179999999999,
                "branches": 3088051238,
                "branch-misses": 69020305,
                "max-rss": 3262892,
                "wall-time": 3.5799999999999996,
                "size-file": 1921272,
                "size-text": 903847,
                "size-data": 920,
                "size-bss": 358776,
                "size-total": 1263543
            },
            "7zip": {
                "instructions": 76872977131,
                "instructions:u": 70891927484,
                "cycles": 63119174127,
                "task-clock": 17549.160000000003,
                "branches": 14914843336,
                "branch-misses": 361993076,
                "max-rss": 14431020,
                "wall-time": 18.02000000000001,
                "size-file": 5954632,
                "size-text": 1341200,
                "size-data": 7816,
                "size-bss": 29440,
                "size-total": 1378456
            },
            "consumer-typeset": {
                "instructions": 13937384680,
                "instructions:u": 12776671340,
                "cycles": 9947643725,
                "task-clock": 2766.2399999999993,
                "branches": 2663769497,
                "branch-misses": 48215226,
                "max-rss": 3310140,
                "wall-time": 2.8699999999999988,
                "size-file": 1566352,
                "size-text": 1007113,
                "size-data": 7512,
                "size-bss": 65264,
                "size-total": 1079889
            },
            "geomean": {
                "instructions": 19386094158.833107,
                "instructions:u": 18077750192.505833,
                "cycles": 14835438402.72752,
                "task-clock": 4124.582262338915,
                "branches": 3696192451.3781147,
                "branch-misses": 79201808.48613264,
                "max-rss": 2492858.2148513496,
                "wall-time": 4.209309006482789,
                "size-file": 2568764.8186137695,
                "size-text": 924320.1087943958,
                "size-data": 11893.979865354977,
                "size-bss": 45827.324643270484,
                "size-total": 1846485.2343311284
            }
        },
        "LegacyPM-O0-g": {
            "lencod": {
                "instructions": 14763638205,
                "instructions:u": 13486575976,
                "cycles": 10627587995,
                "task-clock": 2955.059999999999,
                "branches": 2806989910,
                "branch-misses": 52398326,
                "max-rss": 3522864,
                "wall-time": 3.0599999999999996,
                "size-file": 2025456,
                "size-text": 900362,
                "size-data": 16632,
                "size-bss": 109408,
                "size-total": 1026402
            },
            "Bullet": {
                "instructions": 67117891708,
                "instructions:u": 63641224518,
                "cycles": 51100076717,
                "task-clock": 14205.879999999992,
                "branches": 12766091722,
                "branch-misses": 282708015,
                "max-rss": 8564048,
                "wall-time": 14.379999999999995,
                "size-file": 5653032,
                "size-text": 1184007,
                "size-data": 747920,
                "size-bss": 45552,
                "size-total": 1977479
            },
            "mafft": {
                "instructions": 7644849016,
                "instructions:u": 7006471161,
                "cycles": 5449646121,
                "task-clock": 1515.6000000000001,
                "branches": 1463827580,