{
    "config": 0,
    "clang_size": [],
    "data": {
        "ReleaseThinLTO": {
            "kimwitu++": {
                "task-clock": 42186.020833999995,
                "context-switches": 2062,
                "cpu-migrations": 132,
                "page-faults": 148790,
                "cycles": 126781137488,
                "instructions": 93242452412,
                "branches": 20236676050,
                "branch-misses": 577433176,
                "max-rss": 1210596,
                "wall-time": 39.06
            },
            "sqlite3": {
                "task-clock": 57390.757648,
                "context-switches": 2432,
                "cpu-migrations": 157,
                "page-faults": 61547,
                "cycles": 172110485121,
                "instructions": 139875178808,
                "branches": 30105707181,
                "branch-misses": 812992355,
                "max-rss": 315172,
                "wall-time": 70.47999999999999
            },
            "consumer-typeset": {
                "task-clock": 37269.11243499998,
                "context-switches": 2517,
                "cpu-migrations": 105,
                "page-faults": 189131,
                "cycles": 111724639011,
                "instructions": 91482536270,
                "branches": 19495343498,
                "branch-misses": 564889755,
                "max-rss": 2840780,
                "wall-time": 34.08999999999999
            },
            "Bullet": {
                "task-clock": 62353.953438,
                "context-switches": 5158,
                "cpu-migrations": 210,
                "page-faults": 497997,
                "cycles": 187363388117,
                "instructions": 139110685932,
                "branches": 29422021320,
                "branch-misses": 786477976,
                "max-rss": 7215796,
                "wall-time": 83.37
            },
            "tramp3d-v4": {
                "task-clock": 111581.703466,
                "context-switches": 3375,
                "cpu-migrations": 154,
                "page-faults": 127566,
                "cycles": 335116019705,
                "instructions": 285487368495,
                "branches": 62383442009,
                "branch-misses": 1352083549,
                "max-rss": 483460,
                "wall-time": 130.42000000000002
            },
            "mafft": {
                "task-clock": 21850.088833999995,
                "context-switches": 694,
                "cpu-migrations": 4,
                "page-faults": 110687,
                "cycles": 65622818194,
                "instructions": 57310272619,
                "branches": 12184889165,
                "branch-misses": 300209411,
                "max-rss": 1556972,
                "wall-time": 17.439999999999998
            },
            "ClamAV": {
                "task-clock": 51203.881487,
                "context-switches": 3844,
                "cpu-migrations": 219,
                "page-faults": 302314,
                "cycles": 153504460166,
                "instructions": 124598087873,
                "branches": 26671072687,
                "branch-misses": 805697430,
                "max-rss": 5228576,
                "wall-time": 53.85
            },
            "lencod": {
                "task-clock": 68611.822581,
                "context-switches": 4145,
                "cpu-migrations": 233,
                "page-faults": 229550,
                "cycles": 205923732968,
                "instructions": 190279145116,
                "branches": 39931967853,
                "branch-misses": 793905205,
                "max-rss": 3131904,
                "wall-time": 59.81
            },
            "SPASS": {
                "task-clock": 49053.377106,
                "context-switches": 3797,
                "cpu-migrations": 148,
                "page-faults": 175702,
                "cycles": 147257186599,
                "instructions": 115663576142,
                "branches": 24919639939,
                "branch-misses": 757647948,
                "max-rss": 2830836,
                "wall-time": 43.099999999999994
            },
            "7zip": {
                "task-clock": 144989.766591,
                "context-switches": 12379,
                "cpu-migrations": 339,
                "page-faults": 811672,
                "cycles": 436389664069,
                "instructions": 324715019350,
                "branches": 69574023789,
                "branch-misses": 2137743797,
                "max-rss": 12391012,
                "wall-time": 130.86999999999995
            },
            "geomean": {
                "task-clock": 56688.86818290975,
                "context-switches": 3204.5600237418953,
                "cpu-migrations": 121.83510275181779,
                "page-faults": 203286.92466326765,
                "cycles": 170205037117.2596,
                "instructions": 137514152451.94736,
                "branches": 29448504229.898815,
                "branch-misses": 783976423.3672504,
                "max-rss": 2253784.2597353975,
                "wall-time": 56.35860691990028
            }
        },
        "ReleaseLTO-g": {
            "kimwitu++": {
                "task-clock": 45729.715579,
                "context-switches": 1137,
                "cpu-migrations": 1,
                "page-faults": 204571,
                "cycles": 137338406763,
                "instructions": 96660740183,
                "branches": 20891993159,
                "branch-misses": 602388834,
                "max-rss": 1439712,
                "wall-time": 46.38
            },
            "sqlite3": {
                "task-clock": 61515.009701,
                "context-switches": 471,
                "cpu-migrations": 1,
                "page-faults": 110288,
                "cycles": 185663481615,
                "instructions": 149328533408,
                "branches": 31936566314,
                "branch-misses": 843312075,
                "max-rss": 504108,
                "wall-time": 61.66
            },
            "consumer-typeset": {
                "task-clock": 38766.95545000001,
                "context-switches": 923,
                "cpu-migrations": 1,
                "page-faults": 216955,
                "cycles": 116976245729,
                "instructions": 94098801229,
                "branches": 19942487168,
                "branch-misses": 543540803,
                "max-rss": 2976048,
                "wall-time": 40.61
            },
            "Bullet": {
                "task-clock": 69665.61447799997,
                "context-switches": 3441,
                "cpu-migrations": 1,
                "page-faults": 562880,
                "cycles": 209511688274,
                "instructions": 156371008117,
                "branches": 32977287156,
                "branch-misses": 858619018,
                "max-rss": 7538416,
                "wall-time": 74.16999999999996
            },
            "tramp3d-v4": {
                "task-clock": 112677.54493599999,
                "context-switches": 583,
                "cpu-migrations": 1,
                "page-faults": 298520,
                "cycles": 339078450826,
                "instructions": 266464644972,
                "branches": 57636377813,
                "branch-misses": 1307437689,
                "max-rss": 1190932,
                "wall-time": 112.82
            },
            "mafft": {
                "task-clock": 22177.73150100001,
                "context-switches": 601,
                "cpu-migrations": 0,
                "page-faults": 126366,
                "cycles": 67060148874,
                "instructions": 67216524311,
                "branches": 14223871108,
                "branch-misses": 337298686,
                "max-rss": 1644100,
                "wall-time": 23.150000000000002
            },
            "ClamAV": {
                "task-clock": 58370.87074900002,