{
    "config": 0,
    "clang_size": [],
    "data": {
        "ReleaseThinLTO": {
            "kimwitu++": {
                "task-clock": 41922.253770999996,
                "context-switches": 2253,
                "cpu-migrations": 94,
                "page-faults": 147327,
                "cycles": 127638690174,
                "instructions": 93503242874,
                "branches": 20294672483,
                "branch-misses": 573465805,
                "max-rss": 1202848,
                "wall-time": 39.37
            },
            "sqlite3": {
                "task-clock": 56814.552447,
                "context-switches": 2500,
                "cpu-migrations": 153,
                "page-faults": 61853,
                "cycles": 172799912090,
                "instructions": 141639393420,
                "branches": 30490049883,
                "branch-misses": 814325147,
                "max-rss": 316456,
                "wall-time": 70.03
            },
            "consumer-typeset": {
                "task-clock": 37404.801890999996,
                "context-switches": 2472,
                "cpu-migrations": 154,
                "page-faults": 188670,
                "cycles": 113650601336,
                "instructions": 92535299913,
                "branches": 19731848541,
                "branch-misses": 568919734,
                "max-rss": 2834952,
                "wall-time": 34.04
            },
            "Bullet": {
                "task-clock": 62183.15524500001,
                "context-switches": 5390,
                "cpu-migrations": 269,
                "page-faults": 497110,
                "cycles": 189334604549,
                "instructions": 139623080024,
                "branches": 29541326121,
                "branch-misses": 786033144,
                "max-rss": 7205920,
                "wall-time": 83.99000000000002
            },
            "tramp3d-v4": {
                "task-clock": 110782.659067,
                "context-switches": 3051,
                "cpu-migrations": 222,
                "page-faults": 128397,
                "cycles": 337413376617,
                "instructions": 289326324152,
                "branches": 63187795259,
                "branch-misses": 1357267927,
                "max-rss": 484320,
                "wall-time": 128.91
            },
            "mafft": {
                "task-clock": 21639.931026,
                "context-switches": 742,
                "cpu-migrations": 0,
                "page-faults": 110216,
                "cycles": 66122440367,
                "instructions": 57976133514,
                "branches": 12324310477,
                "branch-misses": 298776810,
                "max-rss": 1552608,
                "wall-time": 17.319999999999997
            },
            "ClamAV": {
                "task-clock": 52058.68519800002,
                "context-switches": 3919,
                "cpu-migrations": 195,
                "page-faults": 303212,
                "cycles": 158018988633,
                "instructions": 129053360005,
                "branches": 27588878511,
                "branch-misses": 814052202,
                "max-rss": 5223144,
                "wall-time": 55.100000000000016
            },
            "lencod": {
                "task-clock": 68732.201982,
                "context-switches": 4135,
                "cpu-migrations": 193,
                "page-faults": 228777,
                "cycles": 209291194456,
                "instructions": 193946378664,
                "branches": 40686964481,
                "branch-misses": 804900425,
                "max-rss": 3122724,
                "wall-time": 59.629999999999995
            },
            "SPASS": {
                "task-clock": 48878.995302999996,
                "context-switches": 3877,
                "cpu-migrations": 93,
                "page-faults": 174775,
                "cycles": 148700488364,
                "instructions": 116831686787,
                "branches": 25170615965,
                "branch-misses": 760166911,
                "max-rss": 2827368,
                "wall-time": 42.74999999999999
            },
            "7zip": {
                "task-clock": 145780.948249,
                "context-switches": 12394,
                "cpu-migrations": 335,
                "page-faults": 810525,
                "cycles": 444241900797,
                "instructions": 330188579756,
                "branches": 70717968313,
                "branch-misses": 2143723282,
                "max-rss": 12388460,
                "wall-time": 131.23000000000005
            },
            "geomean": {
                "task-clock": 56620.128124677285,
                "context-switches": 3252.027889865607,
                "cpu-migrations": 0,
                "page-faults": 203001.96681243397,
                "cycles": 172354684132.80762,
                "instructions": 139401878682.5933,
                "branches": 29847961306.595306,
                "branch-misses": 786372251.2145036,
                "max-rss": 2251033.05088392,
                "wall-time": 56.377872432483336
            }
        },
        "ReleaseLTO-g": {
            "kimwitu++": {
                "task-clock": 45347.739979000005,
                "context-switches": 1094,
                "cpu-migrations": 1,
                "page-faults": 206290,
                "cycles": 137987014530,
                "instructions": 97310592309,
                "branches": 21030364128,
                "branch-misses": 595001770,
                "max-rss": 1441404,
                "wall-time": 46.02
            },
            "sqlite3": {
                "task-clock": 61858.323113,
                "context-switches": 374,
                "cpu-migrations": 1,
                "page-faults": 110426,
                "cycles": 188087404319,
                "instructions": 151319663256,
                "branches": 32362473059,
                "branch-misses": 847202981,
                "max-rss": 505712,
                "wall-time": 62.010000000000005
            },
            "consumer-typeset": {
                "task-clock": 38961.52541799999,
                "context-switches": 919,
                "cpu-migrations": 1,
                "page-faults": 216934,
                "cycles": 118254185856,
                "instructions": 95318367653,
                "branches": 20210433782,
                "branch-misses": 546918594,
                "max-rss": 2972720,
                "wall-time": 40.85
            },
            "Bullet": {
                "task-clock": 69632.55633300002,
                "context-switches": 3560,
                "cpu-migrations": 1,
                "page-faults": 562599,
                "cycles": 211572753435,
                "instructions": 157182324956,
                "branches": 33157753015,
                "branch-misses": 859940903,
                "max-rss": 7531916,
                "wall-time": 73.96
            },
            "tramp3d-v4": {
                "task-clock": 112709.853802,
                "context-switches": 807,
                "cpu-migrations": 1,
                "page-faults": 298691,
                "cycles": 342715728119,
                "instructions": 269832331220,
                "branches": 58327760682,
                "branch-misses": 1306099110,
                "max-rss": 1192064,
                "wall-time": 112.9
            },
            "mafft": {
                "task-clock": 22501.366949000003,
                "context-switches": 647,
                "cpu-migrations": 2,
                "page-faults": 126579,
                "cycles": 68207366637,
                "instructions": 68350042736,
                "branches": 14459405753,
                "branch-misses": 338956877,
                "max-rss": 1645300,
                "wall-time": 23.47
            },
            "ClamAV": {
                "task-clock": 59379.901201000015,