{
    "config": 0,
    "clang_size": [],
    "data": {
        "ReleaseThinLTO": {
            "kimwitu++": {
                "task-clock": 41920.269479999995,
                "context-switches": 2297,
                "cpu-migrations": 97,
                "page-faults": 148610,
                "cycles": 128294416936,
                "instructions": 93519711059,
                "branches": 20318712903,
                "branch-misses": 578264185,
                "max-rss": 1209780,
                "wall-time": 38.47000000000001
            },
            "sqlite3": {
                "task-clock": 57366.906043,
                "context-switches": 2460,
                "cpu-migrations": 108,
                "page-faults": 62061,
                "cycles": 175327448736,
                "instructions": 141534571583,
                "branches": 30466400549,
                "branch-misses": 817649632,
                "max-rss": 316184,
                "wall-time": 69.5
            },
            "consumer-typeset": {
                "task-clock": 37226.08461099999,
                "context-switches": 2660,
                "cpu-migrations": 157,
                "page-faults": 187391,
                "cycles": 113853381769,
                "instructions": 92654047631,
                "branches": 19762707940,
                "branch-misses": 571402858,
                "max-rss": 2825788,
                "wall-time": 34.58
            },
            "Bullet": {
                "task-clock": 62324.657479000016,
                "context-switches": 5458,
                "cpu-migrations": 279,
                "page-faults": 497093,
                "cycles": 188873416558,
                "instructions": 139677455616,
                "branches": 29566609553,
                "branch-misses": 786445792,
                "max-rss": 7209728,
                "wall-time": 84.75
            },
            "tramp3d-v4": {
                "task-clock": 112676.135106,
                "context-switches": 2892,
                "cpu-migrations": 172,
                "page-faults": 127207,
                "cycles": 343445333013,
                "instructions": 289795357796,
                "branches": 63340410342,
                "branch-misses": 1367404072,
                "max-rss": 483796,
                "wall-time": 130.91
            },
            "mafft": {
                "task-clock": 21605.773758,
                "context-switches": 704,
                "cpu-migrations": 1,
                "page-faults": 110215,
                "cycles": 66081516466,
                "instructions": 58010990559,
                "branches": 12329424537,
                "branch-misses": 297858965,
                "max-rss": 1550788,
                "wall-time": 17.2
            },
            "ClamAV": {
                "task-clock": 52398.70941899999,
                "context-switches": 4114,
                "cpu-migrations": 232,
                "page-faults": 301444,
                "cycles": 159385363747,
                "instructions": 129098516866,
                "branches": 27579695521,
                "branch-misses": 817001525,
                "max-rss": 5221908,
                "wall-time": 56.220000000000006
            },
            "lencod": {
                "task-clock": 69115.92673199999,
                "context-switches": 4262,
                "cpu-migrations": 224,
                "page-faults": 229767,
                "cycles": 210752871776,
                "instructions": 194192677807,
                "branches": 40732248749,
                "branch-misses": 808743880,
                "max-rss": 3117048,
                "wall-time": 60.36
            },
            "SPASS": {
                "task-clock": 49603.50180700001,
                "context-switches": 3927,
                "cpu-migrations": 92,
                "page-faults": 175335,
                "cycles": 149851576894,
                "instructions": 117005685610,
                "branches": 25214015338,
                "branch-misses": 762698089,
                "max-rss": 2826836,
                "wall-time": 43.21
            },
            "7zip": {
                "task-clock": 146902.88405999995,
                "context-switches": 12553,
                "cpu-migrations": 352,
                "page-faults": 810485,
                "cycles": 445834527406,
                "instructions": 330280559570,
                "branches": 70735699587,
                "branch-misses": 2150119415,
                "max-rss": 12378412,
                "wall-time": 132.32999999999998
            },
            "geomean": {
                "task-clock": 56943.425686909955,
                "context-switches": 3280.5513348186155,
                "cpu-migrations": 102.87963828367235,
                "page-faults": 202951.0390987212,
                "cycles": 173443049901.06418,
                "instructions": 139495506753.24902,
                "branches": 29873062809.39527,
                "branch-misses": 789234642.8531102,
                "max-rss": 2250327.722979157,
                "wall-time": 56.682051556941204
            }
        },
        "ReleaseLTO-g": {
            "kimwitu++": {
                "task-clock": 45812.31228,
                "context-switches": 1031,
                "cpu-migrations": 1,
                "page-faults": 205768,
                "cycles": 139780738492,
                "instructions": 97183798822,
                "branches": 21021354921,
                "branch-misses": 601163584,
                "max-rss": 1436488,
                "wall-time": 46.42999999999999
            },
            "sqlite3": {
                "task-clock": 62412.505187,
                "context-switches": 437,
                "cpu-migrations": 1,
                "page-faults": 110167,
                "cycles": 190699705121,
                "instructions": 150999196217,
                "branches": 32301890215,
                "branch-misses": 848437593,
                "max-rss": 503912,
                "wall-time": 62.56999999999999
            },
            "consumer-typeset": {
                "task-clock": 38921.71083300001,
                "context-switches": 879,
                "cpu-migrations": 1,
                "page-faults": 216855,
                "cycles": 118921987299,
                "instructions": 95265868815,
                "branches": 20206072081,
                "branch-misses": 546313417,
                "max-rss": 2969128,
                "wall-time": 40.79000000000001
            },
            "Bullet": {
                "task-clock": 69308.74787500004,
                "context-switches": 3574,
                "cpu-migrations": 2,
                "page-faults": 562151,
                "cycles": 211612388217,
                "instructions": 157089328745,
                "branches": 33155117166,
                "branch-misses": 855755600,
                "max-rss": 7535092,
                "wall-time": 73.73999999999997
            },
            "tramp3d-v4": {
                "task-clock": 113084.9944,
                "context-switches": 550,
                "cpu-migrations": 1,
                "page-faults": 298630,
                "cycles": 346144516616,
                "instructions": 269984821047,
                "branches": 58424556695,
                "branch-misses": 1310848045,
                "max-rss": 1190752,
                "wall-time": 113.24000000000001
            },
            "mafft": {
                "task-clock": 22563.046499,
                "context-switches": 656,
                "cpu-migrations": 1,
                "page-faults": 126627,
                "cycles": 68618073301,
                "instructions": 68398127838,
                "branches": 14463538573,
                "branch-misses": 339879606,
                "max-rss": 1644580,
                "wall-time": 23.58
            },