{
    "config": 0,
    "clang_size": [],
    "data": {
        "ReleaseThinLTO": {
            "kimwitu++": {
                "task-clock": 42417.751349,
                "context-switches": 2212,
                "cpu-migrations": 104,
                "page-faults": 147279,
                "cycles": 128535908311,
                "instructions": 93211122095,
                "branches": 20229708309,
                "branch-misses": 579368230,
                "max-rss": 1206084,
                "wall-time": 39.36
            },
            "sqlite3": {
                "task-clock": 57620.14767599999,
                "context-switches": 2565,
                "cpu-migrations": 116,
                "page-faults": 61646,
                "cycles": 174654346099,
                "instructions": 139916832169,
                "branches": 30116611757,
                "branch-misses": 814962508,
                "max-rss": 315996,
                "wall-time": 70.17
            },
            "consumer-typeset": {
                "task-clock": 37182.04457400001,
                "context-switches": 2411,
                "cpu-migrations": 155,
                "page-faults": 187088,
                "cycles": 112848704877,
                "instructions": 91472291057,
                "branches": 19492614839,
                "branch-misses": 567404204,
                "max-rss": 2843264,
                "wall-time": 34.029999999999994
            },
            "Bullet": {
                "task-clock": 62327.28621899998,
                "context-switches": 5231,
                "cpu-migrations": 221,
                "page-faults": 498301,
                "cycles": 188698830866,
                "instructions": 139086458110,
                "branches": 29417549291,
                "branch-misses": 785868812,
                "max-rss": 7212716,
                "wall-time": 84.03
            },
            "tramp3d-v4": {
                "task-clock": 111760.637513,
                "context-switches": 3552,
                "cpu-migrations": 138,
                "page-faults": 128599,
                "cycles": 339169471087,
                "instructions": 285493169549,
                "branches": 62384363939,
                "branch-misses": 1367167129,
                "max-rss": 483792,
                "wall-time": 130.51999999999998
            },
            "mafft": {
                "task-clock": 21612.459144,
                "context-switches": 617,
                "cpu-migrations": 0,
                "page-faults": 110681,
                "cycles": 65456997908,
                "instructions": 57266228023,
                "branches": 12174764368,
                "branch-misses": 297583574,
                "max-rss": 1555496,
                "wall-time": 17.21
            },
            "ClamAV": {
                "task-clock": 50998.14673599999,
                "context-switches": 4042,
                "cpu-migrations": 192,
                "page-faults": 303771,
                "cycles": 154560336560,
                "instructions": 124611655329,
                "branches": 26673193350,
                "branch-misses": 807199871,
                "max-rss": 5228088,
                "wall-time": 54.73000000000001
            },
            "lencod": {
                "task-clock": 68287.53789400001,
                "context-switches": 4092,
                "cpu-migrations": 243,
                "page-faults": 230983,
                "cycles": 207226701133,
                "instructions": 190331101654,
                "branches": 39944741727,
                "branch-misses": 802335753,
                "max-rss": 3128860,
                "wall-time": 59.18
            },
            "SPASS": {
                "task-clock": 48985.52018200001,
                "context-switches": 4126,
                "cpu-migrations": 87,
                "page-faults": 175681,
                "cycles": 148122522055,
                "instructions": 115626497208,
                "branches": 24910736986,
                "branch-misses": 755206462,
                "max-rss": 2832428,
                "wall-time": 42.74
            },
            "7zip": {
                "task-clock": 145894.94919800002,
                "context-switches": 12626,
                "cpu-migrations": 314,
                "page-faults": 810552,
                "cycles": 441663067874,
                "instructions": 324744157066,
                "branches": 69583026043,
                "branch-misses": 2144316202,
                "max-rss": 12396540,
                "wall-time": 131.55
            },
            "geomean": {
                "task-clock": 56651.71190959014,
                "context-switches": 3258.9218693559246,
                "cpu-migrations": 0,
                "page-faults": 203260.32191553857,
                "cycles": 171676102260.4186,
                "instructions": 137501474276.48312,
                "branches": 29445797133.27105,
                "branch-misses": 785860974.8375894,
                "max-rss": 2253559.933476235,
                "wall-time": 56.354507585768424
            }
        },
        "ReleaseLTO-g": {
            "kimwitu++": {
                "task-clock": 45691.892422,
                "context-switches": 911,
                "cpu-migrations": 1,
                "page-faults": 205932,
                "cycles": 138878349815,
                "instructions": 96696304403,
                "branches": 20900170250,
                "branch-misses": 600844494,
                "max-rss": 1439240,
                "wall-time": 46.27000000000001
            },
            "sqlite3": {
                "task-clock": 62633.7412,
                "context-switches": 566,
                "cpu-migrations": 1,
                "page-faults": 109244,
                "cycles": 189963569888,
                "instructions": 149291604999,
                "branches": 31927970204,
                "branch-misses": 845890826,
                "max-rss": 500288,
                "wall-time": 62.78999999999999
            },
            "consumer-typeset": {
                "task-clock": 38797.367283,
                "context-switches": 935,
                "cpu-migrations": 2,
                "page-faults": 217183,
                "cycles": 117995061734,
                "instructions": 94078897540,
                "branches": 19938466725,
                "branch-misses": 542903797,
                "max-rss": 2975504,
                "wall-time": 40.72999999999999
            },
            "Bullet": {
                "task-clock": 69530.205761,
                "context-switches": 3129,
                "cpu-migrations": 1,
                "page-faults": 563021,
                "cycles": 210937563913,
                "instructions": 156399896590,
                "branches": 32980351359,
                "branch-misses": 857548964,
                "max-rss": 7532680,
                "wall-time": 73.99
            },
            "tramp3d-v4": {
                "task-clock": 113595.103722,
                "context-switches": 973,
                "cpu-migrations": 1,
                "page-faults": 298479,
                "cycles": 344616779662,
                "instructions": 266514414578,
                "branches": 57644278493,
                "branch-misses": 1309652688,
                "max-rss": 1191088,
                "wall-time": 113.75
            },
            "mafft": {
                "task-clock": 22454.867509,
                "context-switches": 588,
                "cpu-migrations": 1,
                "page-faults": 126426,
                "cycles": 68021178292,
                "instructions": 67322592105,
                "branches": 14241708078,
                "branch-misses": 338491165,
                "max-rss": 1644128,
                "wall-time": 23.500000000000004
            },
            "ClamAV": {
                "task-clock": 58756.81067499997,