{
    "config": 0,
    "clang_size": {
        "size-text": 66842154,
        "size-data": 2779928,
        "size-bss": 284144,
        "size-total": 69906226
    },
    "data": {
        "ReleaseThinLTO": {
            "kimwitu++": {
                "task-clock": 31917.327473999998,
                "context-switches": 1768,
                "cpu-migrations": 131,
                "page-faults": 161277,
                "cycles": 107223362212,
                "instructions": 92198480174,
                "branches": 19899743013,
                "branch-misses": 507391166,
                "max-rss": 1150976,
                "wall-time": 29.549999999999994,
                "size-text": 787080,
                "size-data": 25960,
                "size-bss": 12560,
                "size-total": 825600
            },
            "sqlite3": {
                "task-clock": 47394.731213,
                "context-switches": 2395,
                "cpu-migrations": 136,
                "page-faults": 62711,
                "cycles": 159549275801,
                "instructions": 144968254840,
                "branches": 31230434004,
                "branch-misses": 787239684,
                "max-rss": 308372,
                "wall-time": 58.25,
                "size-text": 781474,
                "size-data": 3095,
                "size-bss": 624,
                "size-total": 785193
            },
            "consumer-typeset": {
                "task-clock": 30006.055823000002,
                "context-switches": 2267,
                "cpu-migrations": 156,
                "page-faults": 244389,
                "cycles": 100975292311,
                "instructions": 93806595467,
                "branches": 19947522878,
                "branch-misses": 538969175,
                "max-rss": 2673680,
                "wall-time": 27.71,
                "size-text": 677634,
                "size-data": 3768,
                "size-bss": 65200,
                "size-total": 746602
            },
            "Bullet": {
                "task-clock": 47290.47798499999,
                "context-switches": 4455,
                "cpu-migrations": 256,
                "page-faults": 627067,
                "cycles": 158856309796,
                "instructions": 139551948081,
                "branches": 29428412091,
                "branch-misses": 704726027,
                "max-rss": 6791652,
                "wall-time": 65.77,
                "size-text": 393144,
                "size-data": 403696,
                "size-bss": 43328,
                "size-total": 840168
            },
            "tramp3d-v4": {
                "task-clock": 90519.547705,
                "context-switches": 2484,
                "cpu-migrations": 174,
                "page-faults": 124799,
                "cycles": 304908123167,
                "instructions": 294419043404,
                "branches": 64415238794,
                "branch-misses": 1282684258,
                "max-rss": 478520,
                "wall-time": 106.27000000000001,
                "size-text": 885858,
                "size-data": 1800,
                "size-bss": 1848,
                "size-total": 889506
            },
            "mafft": {
                "task-clock": 17738.75981699999,
                "context-switches": 761,
                "cpu-migrations": 31,
                "page-faults": 139446,
                "cycles": 59747589752,
                "instructions": 59268922348,
                "branches": 12589281454,
                "branch-misses": 293682923,
                "max-rss": 1470208,
                "wall-time": 14.490000000000002,
                "size-text": 275169,
                "size-data": 3052,
                "size-bss": 14911040,
                "size-total": 15189261
            },
            "ClamAV": {
                "task-clock": 42134.23086199999,
                "context-switches": 3754,
                "cpu-migrations": 230,
                "page-faults": 414962,
                "cycles": 141671127562,
                "instructions": 131475215531,
                "branches": 28023605414,
                "branch-misses": 780501397,
                "max-rss": 4927120,
                "wall-time": 45.74999999999999,
                "size-text": 774253,
                "size-data": 52872,
                "size-bss": 4752,
                "size-total": 831877
            },
            "lencod": {
                "task-clock": 56615.797981,
                "context-switches": 3630,
                "cpu-migrations": 180,
                "page-faults": 283471,
                "cycles": 190296949950,
                "instructions": 197594579784,
                "branches": 41588966785,
                "branch-misses": 773259457,
                "max-rss": 2937328,
                "wall-time": 48.9,
                "size-text": 958131,
                "size-data": 2144,
                "size-bss": 106176,
                "size-total": 1066451
            },
            "SPASS": {
                "task-clock": 38092.33258799999,
                "context-switches": 3561,
                "cpu-migrations": 133,
                "page-faults": 231705,
                "cycles": 127840153389,
                "instructions": 116210847231,
                "branches": 24972161737,
                "branch-misses": 704843994,
                "max-rss": 2678248,
                "wall-time": 33.540000000000006,
                "size-text": 607600,
                "size-data": 872,
                "size-bss": 346536,
                "size-total": 955008
            },
            "7zip": {
                "task-clock": 113412.19657899998,
                "context-switches": 12225,
                "cpu-migrations": 497,
                "page-faults": 1049231,
                "cycles": 380639875020,
                "instructions": 333386796007,
                "branches": 71153218440,
                "branch-misses": 1990010201,
                "max-rss": 11699872,
                "wall-time": 103.79,
                "size-text": 1436409,
                "size-data": 4160,
                "size-bss": 29280,
                "size-total": 1469849
            },
            "geomean": {
                "task-clock": 45190.535349747384,
                "context-switches": 2938.2212747114686,
                "cpu-migrations": 159.26832330761172,
                "page-faults": 244751.43188030267,
                "cycles": 151942335470.05234,
                "instructions": 140850140981.06384,
                "branches": 30110805120.75047,
                "branch-misses": 738699798.9944785,
                "max-rss": 2144412.063879506,
                "wall-time": 45.450800606724236,
                "size-text": 693848.660065021,
                "size-data": 6984.009238215472,
                "size-bss": 35437.433332268796,
                "size-total": 1212039.2022614183
            }
        },
        "O3": {
            "kimwitu++": {
                "task-clock": 24345.442788000004,
                "context-switches": 826,
                "cpu-migrations": 15,
                "page-faults": 156681,
                "cycles": 81942326893,
                "instructions": 66125981923,
                "branches": 14207263725,
                "branch-misses": 404837189,
                "max-rss": 1181280,
                "wall-time": 24.970000000000002,
                "size-text": 805325,
                "size-data": 31168,
                "size-bss": 12592,
                "size-total": 849085
            },
            "sqlite3": {
                "task-clock": 32617.813918999997,
                "context-switches": 199,
                "cpu-migrations": 2,
                "page-faults": 42956,
                "cycles": 109720006926,
                "instructions": 95879375708,
                "branches": 20512103276,
                "branch-misses": 565709241,
                "max-rss": 249852,