{
    "config": 0,
    "clang_size": {
        "size-text": 70087852,
        "size-data": 2889384,
        "size-bss": 311720,
        "size-total": 73288956
    },
    "data": {
        "O0-g": {
            "kimwitu++": {
                "task-clock": 12063.159809000004,
                "context-switches": 676,
                "cpu-migrations": 1,
                "page-faults": 156179,
                "cycles": 40571413175,
                "instructions": 30064181121,
                "branches": 6248129227,
                "branch-misses": 158269965,
                "max-rss": 1214248,
                "wall-time": 12.650000000000006,
                "size-text": 1430110,
                "size-data": 31288,
                "size-bss": 12608,
                "size-total": 1474006
            },
            "sqlite3": {
                "task-clock": 2181.161865,
                "context-switches": 35,
                "cpu-migrations": 1,
                "page-faults": 32881,
                "cycles": 7349186305,
                "instructions": 6376971607,
                "branches": 1316687753,
                "branch-misses": 27982029,
                "max-rss": 223796,
                "wall-time": 2.28,
                "size-text": 534059,
                "size-data": 3280,
                "size-bss": 696,
                "size-total": 538035
            },
            "consumer-typeset": {
                "task-clock": 5051.206044,
                "context-switches": 464,
                "cpu-migrations": 6,
                "page-faults": 175166,
                "cycles": 16934435170,
                "instructions": 14995040788,
                "branches": 3041486493,
                "branch-misses": 57497290,
                "max-rss": 2755788,
                "wall-time": 7.07,
                "size-text": 1035501,
                "size-data": 7512,
                "size-bss": 65264,
                "size-total": 1108277
            },
            "Bullet": {
                "task-clock": 26298.282117,
                "context-switches": 2060,
                "cpu-migrations": 6,
                "page-faults": 528680,
                "cycles": 88242139509,
                "instructions": 71052282438,
                "branches": 14466383772,
                "branch-misses": 323294580,
                "max-rss": 7223508,
                "wall-time": 30.970000000000006,
                "size-text": 1232272,
                "size-data": 747920,
                "size-bss": 45552,
                "size-total": 2025744
            },
            "tramp3d-v4": {
                "task-clock": 11678.134804000001,
                "context-switches": 98,
                "cpu-migrations": 1,
                "page-faults": 128602,
                "cycles": 39158555043,
                "instructions": 28712149722,
                "branches": 6172417493,
                "branch-misses": 149561318,
                "max-rss": 512648,
                "wall-time": 11.76,
                "size-text": 1393987,
                "size-data": 1464,
                "size-bss": 2136,
                "size-total": 1397587
            },
            "mafft": {
                "task-clock": 2796.1211940000003,
                "context-switches": 266,
                "cpu-migrations": 3,
                "page-faults": 94817,
                "cycles": 9380021140,
                "instructions": 8196875556,
                "branches": 1663368022,
                "branch-misses": 32827412,
                "max-rss": 1476428,
                "wall-time": 3.8300000000000005,
                "size-text": 449332,
                "size-data": 8941,
                "size-bss": 132727168,
                "size-total": 133185441
            },
            "ClamAV": {
                "task-clock": 6448.562784,
                "context-switches": 753,
                "cpu-migrations": 19,
                "page-faults": 278307,
                "cycles": 21605405443,
                "instructions": 17442857316,
                "branches": 3517859417,
                "branch-misses": 78257105,
                "max-rss": 5013596,
                "wall-time": 10.209999999999999,
                "size-text": 889711,
                "size-data": 62788,
                "size-bss": 4768,
                "size-total": 957267
            },
            "lencod": {
                "task-clock": 5380.421090000002,
                "context-switches": 504,
                "cpu-migrations": 3,
                "page-faults": 187340,
                "cycles": 18047618975,
                "instructions": 15640680118,
                "branches": 3160245566,
                "branch-misses": 61167754,
                "max-rss": 2956248,
                "wall-time": 7.4300000000000015,
                "size-text": 918941,
                "size-data": 16632,
                "size-bss": 109408,
                "size-total": 1044981
            },
            "SPASS": {
                "task-clock": 6754.7529509999995,
                "context-switches": 612,
                "cpu-migrations": 1,
                "page-faults": 178052,
                "cycles": 22650483206,
                "instructions": 18409261722,
                "branches": 3804838498,
                "branch-misses": 85188402,
                "max-rss": 2732048,
                "wall-time": 8.710000000000003,
                "size-text": 917907,
                "size-data": 920,
                "size-bss": 358776,
                "size-total": 1277603
            },
            "7zip": {
                "task-clock": 33090.081328,
                "context-switches": 2923,
                "cpu-migrations": 15,
                "page-faults": 821281,
                "cycles": 110932361832,
                "instructions": 82014452982,
                "branches": 16875571764,
                "branch-misses": 413585548,
                "max-rss": 12124332,
                "wall-time": 41.179999999999986,
                "size-text": 1390888,
                "size-data": 7832,
                "size-bss": 29440,
                "size-total": 1428160
            },
            "geomean": {
                "task-clock": 7846.911273886288,
                "context-switches": 457.33173661679683,
                "cpu-migrations": 3.137176744806026,
                "page-faults": 183888.15522945038,
                "cycles": 26333310970.00928,
                "instructions": 21363399531.318283,
                "branches": 4389061182.881859,
                "branch-misses": 96240341.987472,
                "max-rss": 2139548.6024910836,
                "wall-time": 9.747003321306485,
                "size-text": 955931.8434038078,
                "size-data": 11896.716642703963,
                "size-bss": 45815.70955039673,
                "size-total": 1897445.2512133552
            }
        }
    }
}