{
    "config": 0,
    "clang_size": {
        "size-text": 66875209,
        "size-data": 2785656,
        "size-bss": 284144,
        "size-total": 69945009
    },
    "data": {
        "ReleaseThinLTO": {
            "kimwitu++": {
                "task-clock": 31635.196026,
                "context-switches": 1708,
                "cpu-migrations": 79,
                "page-faults": 160679,
                "cycles": 106567216975,
                "instructions": 92306994480,
                "branches": 19925995395,
                "branch-misses": 505918357,
                "max-rss": 1151936,
                "wall-time": 29.269999999999996,
                "size-text": 787080,
                "size-data": 25960,
                "size-bss": 12560,
                "size-total": 825600
            },
            "sqlite3": {
                "task-clock": 47325.183478,
                "context-switches": 2046,
                "cpu-migrations": 130,
                "page-faults": 62783,
                "cycles": 159392583367,
                "instructions": 144993579476,
                "branches": 31234370723,
                "branch-misses": 786793828,
                "max-rss": 308544,
                "wall-time": 57.71,
                "size-text": 781474,
                "size-data": 3095,
                "size-bss": 624,
                "size-total": 785193
            },
            "consumer-typeset": {
                "task-clock": 29860.216986,
                "context-switches": 2178,
                "cpu-migrations": 203,
                "page-faults": 244161,
                "cycles": 100530861204,
                "instructions": 93737257222,
                "branches": 19931398393,
                "branch-misses": 536776292,
                "max-rss": 2680064,
                "wall-time": 27.720000000000006,
                "size-text": 677634,
                "size-data": 3768,
                "size-bss": 65200,
                "size-total": 746602
            },
            "Bullet": {
                "task-clock": 47261.72108300001,
                "context-switches": 4500,
                "cpu-migrations": 254,
                "page-faults": 628290,
                "cycles": 158980164203,
                "instructions": 139596794290,
                "branches": 29437648631,
                "branch-misses": 698342022,
                "max-rss": 6806148,
                "wall-time": 65.63,
                "size-text": 393144,
                "size-data": 403696,
                "size-bss": 43328,
                "size-total": 840168
            },
            "tramp3d-v4": {
                "task-clock": 91013.53480699999,
                "context-switches": 2492,
                "cpu-migrations": 111,
                "page-faults": 125669,
                "cycles": 306660832034,
                "instructions": 294503350034,
                "branches": 64429235476,
                "branch-misses": 1277796309,
                "max-rss": 478876,
                "wall-time": 105.5,
                "size-text": 885858,
                "size-data": 1800,
                "size-bss": 1848,
                "size-total": 889506
            },
            "mafft": {
                "task-clock": 17696.821562000005,
                "context-switches": 788,
                "cpu-migrations": 27,
                "page-faults": 139582,
                "cycles": 59616384904,
                "instructions": 59278114637,
                "branches": 12590839265,
                "branch-misses": 291035894,
                "max-rss": 1467292,
                "wall-time": 14.310000000000002,
                "size-text": 275169,
                "size-data": 3052,
                "size-bss": 14911040,
                "size-total": 15189261
            },
            "ClamAV": {
                "task-clock": 42244.427794999974,
                "context-switches": 3699,
                "cpu-migrations": 243,
                "page-faults": 412932,
                "cycles": 142034138748,
                "instructions": 131412829494,
                "branches": 28009368254,
                "branch-misses": 776435873,
                "max-rss": 4945240,
                "wall-time": 46.260000000000005,
                "size-text": 774253,
                "size-data": 52872,
                "size-bss": 4752,
                "size-total": 831877
            },
            "lencod": {
                "task-clock": 56588.941343,
                "context-switches": 3847,
                "cpu-migrations": 202,
                "page-faults": 283384,
                "cycles": 190556336697,
                "instructions": 197663780668,
                "branches": 41604442724,
                "branch-misses": 772266573,
                "max-rss": 2943668,
                "wall-time": 50.06,
                "size-text": 958131,
                "size-data": 2144,
                "size-bss": 106176,
                "size-total": 1066451
            },
            "SPASS": {
                "task-clock": 38331.369739999995,
                "context-switches": 3541,
                "cpu-migrations": 123,
                "page-faults": 231871,
                "cycles": 128608412901,
                "instructions": 116242181333,
                "branches": 24979515310,
                "branch-misses": 703860600,
                "max-rss": 2682936,
                "wall-time": 33.510000000000005,
                "size-text": 607600,
                "size-data": 872,
                "size-bss": 346536,
                "size-total": 955008
            },
            "7zip": {
                "task-clock": 113461.037671,
                "context-switches": 12355,
                "cpu-migrations": 515,
                "page-faults": 1049453,
                "cycles": 381464412555,
                "instructions": 333563510368,
                "branches": 71197486534,
                "branch-misses": 1978092594,
                "max-rss": 11708708,
                "wall-time": 104.08000000000001,
                "size-text": 1436409,
                "size-data": 4160,
                "size-bss": 29280,
                "size-total": 1469849
            },
            "geomean": {
                "task-clock": 45172.78507786731,
                "context-switches": 2898.6203271159106,
                "cpu-migrations": 147.6813631743892,
                "page-faults": 244802.50058763448,
                "cycles": 152016159674.14554,
                "instructions": 140879007761.63168,
                "branches": 30117041149.355896,
                "branch-misses": 735498374.1180049,
                "max-rss": 2147201.0557322055,
                "wall-time": 45.43284891269968,
                "size-text": 693848.660065021,
                "size-data": 6984.009238215472,
                "size-bss": 35437.433332268796,
                "size-total": 1212039.2022614183
            }
        },
        "O3": {
            "kimwitu++": {
                "task-clock": 24285.406617,
                "context-switches": 920,
                "cpu-migrations": 16,
                "page-faults": 156036,
                "cycles": 81786998018,
                "instructions": 66175626169,
                "branches": 14217089723,
                "branch-misses": 405717891,
                "max-rss": 1181844,
                "wall-time": 25,
                "size-text": 805325,
                "size-data": 31168,
                "size-bss": 12592,
                "size-total": 849085
            },
            "sqlite3": {
                "task-clock": 32734.321879,
                "context-switches": 191,
                "cpu-migrations": 3,
                "page-faults": 43512,
                "cycles": 110259943498,
                "instructions": 95970531600,
                "branches": 20533614806,
                "branch-misses": 566858067,
                "max-rss": 250332,