{
    "config": 0,
    "clang_size": {
        "size-text": 66871478,
        "size-data": 2785592,
        "size-bss": 284144,
        "size-total": 69941214
    },
    "data": {
        "ReleaseThinLTO": {
            "kimwitu++": {
                "task-clock": 31739.206995000004,
                "context-switches": 1902,
                "cpu-migrations": 51,
                "page-faults": 161271,
                "cycles": 106547205237,
                "instructions": 92228375981,
                "branches": 19906725396,
                "branch-misses": 507457747,
                "max-rss": 1150112,
                "wall-time": 28.970000000000002,
                "size-text": 787080,
                "size-data": 25960,
                "size-bss": 12560,
                "size-total": 825600
            },
            "sqlite3": {
                "task-clock": 47381.869846,
                "context-switches": 2036,
                "cpu-migrations": 91,
                "page-faults": 62928,
                "cycles": 159563192153,
                "instructions": 144970973280,
                "branches": 31231100555,
                "branch-misses": 787837873,
                "max-rss": 308128,
                "wall-time": 58.18,
                "size-text": 781474,
                "size-data": 3095,
                "size-bss": 624,
                "size-total": 785193
            },
            "consumer-typeset": {
                "task-clock": 30023.067376999985,
                "context-switches": 2234,
                "cpu-migrations": 149,
                "page-faults": 244235,
                "cycles": 101047217120,
                "instructions": 93872599729,
                "branches": 19963641089,
                "branch-misses": 536367651,
                "max-rss": 2686976,
                "wall-time": 27.84999999999999,
                "size-text": 677634,
                "size-data": 3768,
                "size-bss": 65200,
                "size-total": 746602
            },
            "Bullet": {
                "task-clock": 47290.153127000005,
                "context-switches": 4570,
                "cpu-migrations": 192,
                "page-faults": 627859,
                "cycles": 158608856036,
                "instructions": 139555769913,
                "branches": 29430429760,
                "branch-misses": 700748697,
                "max-rss": 6803872,
                "wall-time": 65.05000000000001,
                "size-text": 393144,
                "size-data": 403696,
                "size-bss": 43328,
                "size-total": 840168
            },
            "tramp3d-v4": {
                "task-clock": 91370.43698299999,
                "context-switches": 2826,
                "cpu-migrations": 211,
                "page-faults": 127465,
                "cycles": 306200190461,
                "instructions": 294564649629,
                "branches": 64442031244,
                "branch-misses": 1280675367,
                "max-rss": 477608,
                "wall-time": 108.47,
                "size-text": 885858,
                "size-data": 1800,
                "size-bss": 1848,
                "size-total": 889506
            },
            "mafft": {
                "task-clock": 17766.416301999998,
                "context-switches": 861,
                "cpu-migrations": 31,
                "page-faults": 138951,
                "cycles": 59846022808,
                "instructions": 59274053870,
                "branches": 12591317545,
                "branch-misses": 292186493,
                "max-rss": 1471432,
                "wall-time": 14.630000000000004,
                "size-text": 275169,
                "size-data": 3052,
                "size-bss": 14911040,
                "size-total": 15189261
            },
            "ClamAV": {
                "task-clock": 41870.76417099999,
                "context-switches": 3440,
                "cpu-migrations": 206,
                "page-faults": 414763,
                "cycles": 140925429448,
                "instructions": 131398228322,
                "branches": 28006001321,
                "branch-misses": 772962970,
                "max-rss": 4930712,
                "wall-time": 44.21000000000002,
                "size-text": 774253,
                "size-data": 52872,
                "size-bss": 4752,
                "size-total": 831877
            },
            "lencod": {
                "task-clock": 56433.20619799999,
                "context-switches": 3521,
                "cpu-migrations": 259,
                "page-faults": 284198,
                "cycles": 189425689459,
                "instructions": 197605747015,
                "branches": 41591739009,
                "branch-misses": 769240353,
                "max-rss": 2938832,
                "wall-time": 49.22,
                "size-text": 958131,
                "size-data": 2144,
                "size-bss": 106176,
                "size-total": 1066451
            },
            "SPASS": {
                "task-clock": 37869.353287,
                "context-switches": 3430,
                "cpu-migrations": 126,
                "page-faults": 231852,
                "cycles": 127273622173,
                "instructions": 116251467121,
                "branches": 24982811829,
                "branch-misses": 701190668,
                "max-rss": 2682092,
                "wall-time": 33.300000000000004,
                "size-text": 607600,
                "size-data": 872,
                "size-bss": 346536,
                "size-total": 955008
            },
            "7zip": {
                "task-clock": 113294.53684499997,
                "context-switches": 12063,
                "cpu-migrations": 433,
                "page-faults": 1050298,
                "cycles": 379927632980,
                "instructions": 333392319317,
                "branches": 71160416923,
                "branch-misses": 1975445381,
                "max-rss": 11712780,
                "wall-time": 103.61000000000001,
                "size-text": 1436409,
                "size-data": 4160,
                "size-bss": 29280,
                "size-total": 1469849
            },
            "geomean": {
                "task-clock": 45141.73067559714,
                "context-switches": 2939.7722628633664,
                "cpu-migrations": 138.1264544348811,
                "page-faults": 245372.97408634145,
                "cycles": 151678311311.72238,
                "instructions": 140871150947.57144,
                "branches": 30116200890.14731,
                "branch-misses": 735475603.1100985,
                "max-rss": 2146110.6337867267,
                "wall-time": 45.29869294817431,
                "size-text": 693848.660065021,
                "size-data": 6984.009238215472,
                "size-bss": 35437.433332268796,
                "size-total": 1212039.2022614183
            }
        },
        "O3": {
            "kimwitu++": {
                "task-clock": 24295.061443,
                "context-switches": 897,
                "cpu-migrations": 15,
                "page-faults": 156917,
                "cycles": 81671657215,
                "instructions": 66171559304,
                "branches": 14216832395,
                "branch-misses": 406488797,
                "max-rss": 1182184,
                "wall-time": 24.95,
                "size-text": 805325,
                "size-data": 31168,
                "size-bss": 12592,
                "size-total": 849085
            },
            "sqlite3": {
                "task-clock": 32622.851204,
                "context-switches": 182,
                "cpu-migrations": 3,
                "page-faults": 42325,
                "cycles": 109943562502,
                "instructions": 95845980678,
                "branches": 20508143393,
                "branch-misses": 566211999,
                "max-rss": 249672,