{
    "config": 0,
    "clang_size": [],
    "data": {
        "ReleaseThinLTO": {
            "kimwitu++": {
                "task-clock": 41865.86330699999,
                "context-switches": 2069,
                "cpu-migrations": 135,
                "page-faults": 147292,
                "cycles": 127130006691,
                "instructions": 93577835311,
                "branches": 20327764373,
                "branch-misses": 572365981,
                "max-rss": 1202708,
                "wall-time": 38.75000000000001
            },
            "sqlite3": {
                "task-clock": 57225.37671700001,
                "context-switches": 2500,
                "cpu-migrations": 123,
                "page-faults": 61532,
                "cycles": 173280028476,
                "instructions": 141650726575,
                "branches": 30493519296,
                "branch-misses": 814181196,
                "max-rss": 315560,
                "wall-time": 69.39
            },
            "consumer-typeset": {
                "task-clock": 37531.29120299999,
                "context-switches": 2505,
                "cpu-migrations": 127,
                "page-faults": 188956,
                "cycles": 113735212873,
                "instructions": 92763740882,
                "branches": 19785963787,
                "branch-misses": 570732939,
                "max-rss": 2832336,
                "wall-time": 34.62
            },
            "Bullet": {
                "task-clock": 62387.65354600003,
                "context-switches": 5347,
                "cpu-migrations": 255,
                "page-faults": 496256,
                "cycles": 188895650537,
                "instructions": 139712882807,
                "branches": 29574756266,
                "branch-misses": 784926610,
                "max-rss": 7206992,
                "wall-time": 83.62999999999998
            },
            "tramp3d-v4": {
                "task-clock": 111221.35996599999,
                "context-switches": 3638,
                "cpu-migrations": 149,
                "page-faults": 130285,
                "cycles": 337318029587,
                "instructions": 289706866491,
                "branches": 63313158955,
                "branch-misses": 1354952554,
                "max-rss": 485460,
                "wall-time": 129.93
            },
            "mafft": {
                "task-clock": 21860.327393999993,
                "context-switches": 668,
                "cpu-migrations": 0,
                "page-faults": 110628,
                "cycles": 66195801318,
                "instructions": 58029552497,
                "branches": 12334847475,
                "branch-misses": 297488816,
                "max-rss": 1552588,
                "wall-time": 17.36
            },
            "ClamAV": {
                "task-clock": 52317.653104,
                "context-switches": 4196,
                "cpu-migrations": 200,
                "page-faults": 302674,
                "cycles": 158357284133,
                "instructions": 129063483699,
                "branches": 27571869696,
                "branch-misses": 815006280,
                "max-rss": 5213508,
                "wall-time": 56.15999999999999
            },
            "lencod": {
                "task-clock": 69242.773547,
                "context-switches": 4381,
                "cpu-migrations": 205,
                "page-faults": 229752,
                "cycles": 209706927314,
                "instructions": 194244659961,
                "branches": 40740450594,
                "branch-misses": 806435826,
                "max-rss": 3125364,
                "wall-time": 60.4
            },
            "SPASS": {
                "task-clock": 49142.10497099999,
                "context-switches": 3911,
                "cpu-migrations": 90,
                "page-faults": 174781,
                "cycles": 148866950705,
                "instructions": 117005873093,
                "branches": 25212823425,
                "branch-misses": 754797971,
                "max-rss": 2826048,
                "wall-time": 43.02000000000001
            },
            "7zip": {
                "task-clock": 146734.15779700002,
                "context-switches": 13095,
                "cpu-migrations": 320,
                "page-faults": 810623,
                "cycles": 444195441835,
                "instructions": 330441654166,
                "branches": 70766150073,
                "branch-misses": 2143216982,
                "max-rss": 12377876,
                "wall-time": 132.43999999999997
            },
            "geomean": {
                "task-clock": 56908.788734843096,
                "context-switches": 3311.356674580348,
                "cpu-migrations": 0,
                "page-faults": 203313.1029125165,
                "cycles": 172409292388.90292,
                "instructions": 139542642865.47635,
                "branches": 29882315138.6939,
                "branch-misses": 785539311.389478,
                "max-rss": 2250197.794898191,
                "wall-time": 56.63267204141801
            }
        },
        "ReleaseLTO-g": {
            "kimwitu++": {
                "task-clock": 45098.880105000004,
                "context-switches": 965,
                "cpu-migrations": 1,
                "page-faults": 206042,
                "cycles": 137296028698,
                "instructions": 97299447525,
                "branches": 21043476060,
                "branch-misses": 595278868,
                "max-rss": 1440428,
                "wall-time": 45.67000000000001
            },
            "sqlite3": {
                "task-clock": 61622.767211,
                "context-switches": 598,
                "cpu-migrations": 1,
                "page-faults": 110115,
                "cycles": 187695466920,
                "instructions": 151071309550,
                "branches": 32316846114,
                "branch-misses": 844631576,
                "max-rss": 503548,
                "wall-time": 61.79
            },
            "consumer-typeset": {
                "task-clock": 38844.872245,
                "context-switches": 1010,
                "cpu-migrations": 2,
                "page-faults": 216741,
                "cycles": 118136334006,
                "instructions": 95276864647,
                "branches": 20205416564,
                "branch-misses": 545628328,
                "max-rss": 2969740,
                "wall-time": 40.72999999999999
            },
            "Bullet": {
                "task-clock": 69083.21602899997,
                "context-switches": 3210,
                "cpu-migrations": 2,
                "page-faults": 562669,
                "cycles": 210545849393,
                "instructions": 157112252664,
                "branches": 33155964810,
                "branch-misses": 856944902,
                "max-rss": 7536832,
                "wall-time": 73.40999999999998
            },
            "tramp3d-v4": {
                "task-clock": 112279.126782,
                "context-switches": 941,
                "cpu-migrations": 1,
                "page-faults": 298731,
                "cycles": 341726334923,
                "instructions": 270346197008,
                "branches": 58496475088,
                "branch-misses": 1302207118,
                "max-rss": 1191516,
                "wall-time": 112.42
            },
            "mafft": {
                "task-clock": 22651.995530999997,
                "context-switches": 525,
                "cpu-migrations": 1,
                "page-faults": 126236,
                "cycles": 68254487091,
                "instructions": 68369913410,
                "branches": 14457927926,
                "branch-misses": 339430314,
                "max-rss": 1643172,
                "wall-time": 23.630000000000003
            },