{
    "config": 0,
    "clang_size": {
        "size-text": 68505017,
        "size-data": 2842408,
        "size-bss": 290408,
        "size-total": 71637833
    },
    "data": {
        "ReleaseThinLTO": {
            "kimwitu++": {
                "task-clock": 31434.331528999995,
                "context-switches": 1488,
                "cpu-migrations": 47,
                "page-faults": 143274,
                "cycles": 105572154848,
                "instructions": 91937539486,
                "branches": 20000226348,
                "branch-misses": 510422118,
                "max-rss": 1166988,
                "wall-time": 29,
                "size-text": 786980,
                "size-data": 25960,
                "size-bss": 12560,
                "size-total": 825500
            },
            "sqlite3": {
                "task-clock": 46561.293429,
                "context-switches": 1822,
                "cpu-migrations": 84,
                "page-faults": 59705,
                "cycles": 156100863985,
                "instructions": 144348288638,
                "branches": 31084551422,
                "branch-misses": 766000297,
                "max-rss": 307004,
                "wall-time": 55.94,
                "size-text": 780826,
                "size-data": 3095,
                "size-bss": 624,
                "size-total": 784545
            },
            "consumer-typeset": {
                "task-clock": 29634.10083500001,
                "context-switches": 2040,
                "cpu-migrations": 86,
                "page-faults": 182706,
                "cycles": 99634567942,
                "instructions": 93208762950,
                "branches": 19875484648,
                "branch-misses": 527965297,
                "max-rss": 2733540,
                "wall-time": 27.92,
                "size-text": 667954,
                "size-data": 3768,
                "size-bss": 65200,
                "size-total": 736922
            },
            "Bullet": {
                "task-clock": 47037.360172999994,
                "context-switches": 4078,
                "cpu-migrations": 194,
                "page-faults": 483968,
                "cycles": 157793240286,
                "instructions": 140349987952,
                "branches": 29771673844,
                "branch-misses": 701624346,
                "max-rss": 6971148,
                "wall-time": 65.51999999999998,
                "size-text": 394152,
                "size-data": 403696,
                "size-bss": 43328,
                "size-total": 841176
            },
            "tramp3d-v4": {
                "task-clock": 89948.939187,
                "context-switches": 2681,
                "cpu-migrations": 123,
                "page-faults": 123349,
                "cycles": 301966056890,
                "instructions": 295965470290,
                "branches": 64768321210,
                "branch-misses": 1269182520,
                "max-rss": 480180,
                "wall-time": 105.31,
                "size-text": 885402,
                "size-data": 1800,
                "size-bss": 1848,
                "size-total": 889050
            },
            "mafft": {
                "task-clock": 17846.001349,
                "context-switches": 571,
                "cpu-migrations": 0,
                "page-faults": 106990,
                "cycles": 60026570952,
                "instructions": 59821923074,
                "branches": 12708266613,
                "branch-misses": 288000212,
                "max-rss": 1502004,
                "wall-time": 14.32,
                "size-text": 275609,
                "size-data": 3052,
                "size-bss": 14911040,
                "size-total": 15189701
            },
            "ClamAV": {
                "task-clock": 41042.40494499997,
                "context-switches": 3487,
                "cpu-migrations": 188,
                "page-faults": 294202,
                "cycles": 137821490385,
                "instructions": 129988184477,
                "branches": 27753027506,
                "branch-misses": 761448446,
                "max-rss": 5050184,
                "wall-time": 45.260000000000026,
                "size-text": 773613,
                "size-data": 52872,
                "size-bss": 4752,
                "size-total": 831237
            },
            "lencod": {
                "task-clock": 57466.237977,
                "context-switches": 3671,
                "cpu-migrations": 141,
                "page-faults": 223476,
                "cycles": 193081069525,
                "instructions": 202094656318,
                "branches": 42381901548,
                "branch-misses": 767072190,
                "max-rss": 3016108,
                "wall-time": 50.28,
                "size-text": 957979,
                "size-data": 2144,
                "size-bss": 106176,
                "size-total": 1066299
            },
            "SPASS": {
                "task-clock": 37914.644677000004,
                "context-switches": 3217,
                "cpu-migrations": 55,
                "page-faults": 170442,
                "cycles": 127197880536,
                "instructions": 116642762185,
                "branches": 25183119552,
                "branch-misses": 696181522,
                "max-rss": 2733316,
                "wall-time": 33.24,
                "size-text": 608440,
                "size-data": 872,
                "size-bss": 346536,
                "size-total": 955848
            },
            "7zip": {
                "task-clock": 111087.91680900002,
                "context-switches": 10305,
                "cpu-migrations": 272,
                "page-faults": 793268,
                "cycles": 372456758216,
                "instructions": 329454822280,
                "branches": 70606007465,
                "branch-misses": 1942471921,
                "max-rss": 11986048,
                "wall-time": 101.04999999999997,
                "size-text": 1433841,
                "size-data": 4160,
                "size-bss": 29280,
                "size-total": 1467281
            },
            "geomean": {
                "task-clock": 44795.25681997829,
                "context-switches": 2609.6946809142546,
                "cpu-migrations": 0,
                "page-faults": 197155.97498930528,
                "cycles": 150396149130.96686,
                "instructions": 140986893955.1504,
                "branches": 30210585613.74484,
                "branch-misses": 728004279.8619949,
                "max-rss": 2182948.6828385917,
                "wall-time": 45.02077372533316,
                "size-text": 692940.6905911259,
                "size-data": 6984.009238215472,
                "size-bss": 35437.433332268796,
                "size-total": 1210214.8400807409
            }
        },
        "O3": {
            "kimwitu++": {
                "task-clock": 24283.786442999997,
                "context-switches": 789,
                "cpu-migrations": 1,
                "page-faults": 138954,
                "cycles": 81771146866,
                "instructions": 66549821879,
                "branches": 14424037095,
                "branch-misses": 411454576,
                "max-rss": 1202784,
                "wall-time": 24.900000000000002,
                "size-text": 805309,
                "size-data": 31168,
                "size-bss": 12592,
                "size-total": 849069
            },
            "sqlite3": {
                "task-clock": 32181.024541,
                "context-switches": 162,
                "cpu-migrations": 2,
                "page-faults": 39366,
                "cycles": 108348094026,
                "instructions": 96398581436,
                "branches": 20619349678,
                "branch-misses": 561563600,
                "max-rss": 250656,
                "wall-time": 32.32,