{
    "config": 0,
    "clang_size": {
        "size-text": 65552613,
        "size-data": 2702800,
        "size-bss": 248464,
        "size-total": 68503877
    },
    "data": {
        "ReleaseThinLTO": {
            "kimwitu++": {
                "task-clock": 31014.662034999994,
                "context-switches": 1698,
                "cpu-migrations": 63,
                "page-faults": 159060,
                "cycles": 104394957403,
                "instructions": 89656189175,
                "branches": 19387869613,
                "branch-misses": 494000985,
                "max-rss": 1135260,
                "wall-time": 28.58,
                "size-text": 791812,
                "size-data": 25992,
                "size-bss": 12560,
                "size-total": 830364
            },
            "sqlite3": {
                "task-clock": 46281.667271,
                "context-switches": 2299,
                "cpu-migrations": 141,
                "page-faults": 62751,
                "cycles": 155819613493,
                "instructions": 140953234961,
                "branches": 30469171851,
                "branch-misses": 761683369,
                "max-rss": 306264,
                "wall-time": 56.22,
                "size-text": 811322,
                "size-data": 3095,
                "size-bss": 624,
                "size-total": 815041
            },
            "consumer-typeset": {
                "task-clock": 29248.468663000003,
                "context-switches": 2445,
                "cpu-migrations": 195,
                "page-faults": 238745,
                "cycles": 98456240527,
                "instructions": 91011880469,
                "branches": 19419772544,
                "branch-misses": 522840194,
                "max-rss": 2631308,
                "wall-time": 27.1,
                "size-text": 687618,
                "size-data": 3768,
                "size-bss": 65200,
                "size-total": 756586
            },
            "Bullet": {
                "task-clock": 46719.201422000006,
                "context-switches": 4281,
                "cpu-migrations": 236,
                "page-faults": 619322,
                "cycles": 157085522125,
                "instructions": 137327402969,
                "branches": 28978599824,
                "branch-misses": 686191565,
                "max-rss": 6666752,
                "wall-time": 64.55000000000003,
                "size-text": 400596,
                "size-data": 403704,
                "size-bss": 43328,
                "size-total": 847628
            },
            "tramp3d-v4": {
                "task-clock": 89694.32071999999,
                "context-switches": 2770,
                "cpu-migrations": 160,
                "page-faults": 125979,
                "cycles": 302066664481,
                "instructions": 289264563822,
                "branches": 63465880146,
                "branch-misses": 1252675092,
                "max-rss": 475908,
                "wall-time": 105.04,
                "size-text": 901866,
                "size-data": 1800,
                "size-bss": 1848,
                "size-total": 905514
            },
            "mafft": {
                "task-clock": 17333.31418,
                "context-switches": 723,
                "cpu-migrations": 30,
                "page-faults": 136676,
                "cycles": 58382711193,
                "instructions": 58164191078,
                "branches": 12372939561,
                "branch-misses": 285440707,
                "max-rss": 1441704,
                "wall-time": 14.1,
                "size-text": 280825,
                "size-data": 3052,
                "size-bss": 14911040,
                "size-total": 15194917
            },
            "ClamAV": {
                "task-clock": 40852.26719,
                "context-switches": 3766,
                "cpu-migrations": 229,
                "page-faults": 401043,
                "cycles": 137394235819,
                "instructions": 127025717360,
                "branches": 27180030493,
                "branch-misses": 752141612,
                "max-rss": 4833712,
                "wall-time": 44.92000000000001,
                "size-text": 793997,
                "size-data": 52872,
                "size-bss": 4752,
                "size-total": 851621
            },
            "lencod": {
                "task-clock": 55923.11115,
                "context-switches": 3640,
                "cpu-migrations": 200,
                "page-faults": 282671,
                "cycles": 188327155988,
                "instructions": 196902626468,
                "branches": 41501792343,
                "branch-misses": 761894388,
                "max-rss": 2886368,
                "wall-time": 49.3,
                "size-text": 969283,
                "size-data": 2144,
                "size-bss": 106176,
                "size-total": 1077603
            },
            "SPASS": {
                "task-clock": 37104.041987000004,
                "context-switches": 3466,
                "cpu-migrations": 111,
                "page-faults": 226804,
                "cycles": 124767818604,
                "instructions": 113673040110,
                "branches": 24504146199,
                "branch-misses": 686323659,
                "max-rss": 2626720,
                "wall-time": 32.690000000000005,
                "size-text": 625776,
                "size-data": 872,
                "size-bss": 346536,
                "size-total": 973184
            },
            "7zip": {
                "task-clock": 110360.77183800002,
                "context-switches": 11072,
                "cpu-migrations": 454,
                "page-faults": 1029818,
                "cycles": 370985059350,
                "instructions": 323413651929,
                "branches": 69196284098,
                "branch-misses": 1914590181,
                "max-rss": 11481260,
                "wall-time": 101.08000000000001,
                "size-text": 1462153,
                "size-data": 4176,
                "size-bss": 29280,
                "size-total": 1495609
            },
            "geomean": {
                "task-clock": 44210.60506359611,
                "context-switches": 2906.668572469878,
                "cpu-migrations": 146.4195886266481,
                "page-faults": 241429.65970623618,
                "cycles": 148778733510.57654,
                "instructions": 137658189485.19205,
                "branches": 29500981257.09122,
                "branch-misses": 717872004.2495974,
                "max-rss": 2111403.409856195,
                "wall-time": 44.50163065668224,
                "size-text": 707803.6761335373,
                "size-data": 6987.56535283568,
                "size-bss": 35437.433332268796,
                "size-total": 1230785.368956444
            }
        },
        "O3": {
            "kimwitu++": {
                "task-clock": 23660.331757,
                "context-switches": 831,
                "cpu-migrations": 15,
                "page-faults": 154733,
                "cycles": 79619090878,
                "instructions": 63975415588,
                "branches": 13764461875,
                "branch-misses": 390671179,
                "max-rss": 1162696,
                "wall-time": 24.28,
                "size-text": 809721,
                "size-data": 31168,
                "size-bss": 12592,
                "size-total": 853481
            },
            "sqlite3": {
                "task-clock": 32223.810580999998,
                "context-switches": 266,
                "cpu-migrations": 2,
                "page-faults": 42336,
                "cycles": 108617530161,
                "instructions": 93368030468,
                "branches": 20029408763,
                "branch-misses": 550519170,
                "max-rss": 248448,
                "wall-time": 32.37,