{
    "config": 0,
    "clang_size": [],
    "data": {
        "ReleaseThinLTO": {
            "kimwitu++": {
                "task-clock": 41034.522051999986,
                "context-switches": 1918,
                "cpu-migrations": 76,
                "page-faults": 148447,
                "cycles": 127756591303,
                "instructions": 93813105552,
                "branches": 20361747917,
                "branch-misses": 578015217,
                "max-rss": 1210924,
                "wall-time": 37.3
            },
            "sqlite3": {
                "task-clock": 55828.8419,
                "context-switches": 2371,
                "cpu-migrations": 139,
                "page-faults": 62024,
                "cycles": 173403877482,
                "instructions": 143087309955,
                "branches": 30784723550,
                "branch-misses": 816856386,
                "max-rss": 316528,
                "wall-time": 68.46000000000001
            },
            "consumer-typeset": {
                "task-clock": 36392.051344,
                "context-switches": 2360,
                "cpu-migrations": 179,
                "page-faults": 186648,
                "cycles": 113896144263,
                "instructions": 93237051311,
                "branches": 19856878792,
                "branch-misses": 570835242,
                "max-rss": 2832396,
                "wall-time": 33.28000000000001
            },
            "Bullet": {
                "task-clock": 61262.19627300001,
                "context-switches": 4956,
                "cpu-migrations": 230,
                "page-faults": 495825,
                "cycles": 188681383110,
                "instructions": 140004651850,
                "branches": 29626866512,
                "branch-misses": 784281677,
                "max-rss": 7190712,
                "wall-time": 82.42000000000002
            },
            "tramp3d-v4": {
                "task-clock": 109707.026507,
                "context-switches": 3713,
                "cpu-migrations": 185,
                "page-faults": 127925,
                "cycles": 338198227693,
                "instructions": 291923671847,
                "branches": 63744386105,
                "branch-misses": 1363007488,
                "max-rss": 484076,
                "wall-time": 128.56
            },
            "mafft": {
                "task-clock": 21177.766766,
                "context-switches": 728,
                "cpu-migrations": 1,
                "page-faults": 111236,
                "cycles": 66058315877,
                "instructions": 58403256108,
                "branches": 12396289549,
                "branch-misses": 299220721,
                "max-rss": 1547712,
                "wall-time": 16.87
            },
            "ClamAV": {
                "task-clock": 51688.24124800001,
                "context-switches": 4335,
                "cpu-migrations": 183,
                "page-faults": 302519,
                "cycles": 157827048447,
                "instructions": 129891860081,
                "branches": 27684680862,
                "branch-misses": 814294293,
                "max-rss": 5206996,
                "wall-time": 54.93
            },
            "lencod": {
                "task-clock": 68532.271603,
                "context-switches": 4582,
                "cpu-migrations": 288,
                "page-faults": 227584,
                "cycles": 210521403424,
                "instructions": 195786509169,
                "branches": 40999970830,
                "branch-misses": 813053997,
                "max-rss": 3105952,
                "wall-time": 60.440000000000005
            },
            "SPASS": {
                "task-clock": 49078.13435299999,
                "context-switches": 4267,
                "cpu-migrations": 94,
                "page-faults": 174504,
                "cycles": 149869825569,
                "instructions": 117838249022,
                "branches": 25351467000,
                "branch-misses": 759356298,
                "max-rss": 2821488,
                "wall-time": 43.029999999999994
            },
            "7zip": {
                "task-clock": 143643.14687500003,
                "context-switches": 12608,
                "cpu-migrations": 325,
                "page-faults": 810016,
                "cycles": 444187133899,
                "instructions": 331330618440,
                "branches": 70850494210,
                "branch-misses": 2149996477,
                "max-rss": 12370796,
                "wall-time": 129.36999999999995
            },
            "geomean": {
                "task-clock": 55869.933457032275,
                "context-switches": 3301.0285582738074,
                "cpu-migrations": 102.62273337857754,
                "page-faults": 202855.93163664642,
                "cycles": 172644874156.30353,
                "instructions": 140352920914.02454,
                "branches": 30018222500.329395,
                "branch-misses": 788740581.2435069,
                "max-rss": 2248389.987070227,
                "wall-time": 55.568945815000454
            }
        },
        "ReleaseLTO-g": {
            "kimwitu++": {
                "task-clock": 44211.30164900001,
                "context-switches": 903,
                "cpu-migrations": 1,
                "page-faults": 206033,
                "cycles": 138786045724,
                "instructions": 97357565666,
                "branches": 21044148078,
                "branch-misses": 594543026,
                "max-rss": 1437532,
                "wall-time": 44.82
            },
            "sqlite3": {
                "task-clock": 60695.088185,
                "context-switches": 475,
                "cpu-migrations": 1,
                "page-faults": 110162,
                "cycles": 189380903819,
                "instructions": 152301575974,
                "branches": 32564382783,
                "branch-misses": 847200534,
                "max-rss": 503548,
                "wall-time": 60.84
            },
            "consumer-typeset": {
                "task-clock": 38260.884208,
                "context-switches": 894,
                "cpu-migrations": 1,
                "page-faults": 216341,
                "cycles": 118806618112,
                "instructions": 95826920653,
                "branches": 20296155239,
                "branch-misses": 547761167,
                "max-rss": 2960976,
                "wall-time": 40.129999999999995
            },
            "Bullet": {
                "task-clock": 68159.38763599998,
                "context-switches": 2959,
                "cpu-migrations": 3,
                "page-faults": 561849,
                "cycles": 211340404844,
                "instructions": 157427884594,
                "branches": 33213850414,
                "branch-misses": 857870508,
                "max-rss": 7509872,
                "wall-time": 72.26999999999997
            },
            "tramp3d-v4": {
                "task-clock": 110425.761815,
                "context-switches": 1016,
                "cpu-migrations": 2,
                "page-faults": 299109,
                "cycles": 343406180062,
                "instructions": 271225907737,
                "branches": 58640205995,
                "branch-misses": 1299596571,
                "max-rss": 1193812,
                "wall-time": 110.61000000000001
            },
            "mafft": {
                "task-clock": 21817.829728,
                "context-switches": 590,
                "cpu-migrations": 0,
                "page-faults": 126411,
                "cycles": 68052702586,
                "instructions": 68787909862,
                "branches": 14524274792,
                "branch-misses": 339410040,
                "max-rss": 1638520,
                "wall-time": 22.759999999999998
            },