{
    "config": 0,
    "clang_size": [],
    "data": {
        "ReleaseThinLTO": {
            "kimwitu++": {
                "task-clock": 41925.358288999996,
                "context-switches": 1743,
                "cpu-migrations": 79,
                "page-faults": 149139,
                "cycles": 127196927441,
                "instructions": 93880409134,
                "branches": 20383254090,
                "branch-misses": 580209067,
                "max-rss": 1207348,
                "wall-time": 38.419999999999995
            },
            "sqlite3": {
                "task-clock": 56125.23881,
                "context-switches": 2845,
                "cpu-migrations": 151,
                "page-faults": 61666,
                "cycles": 172986609252,
                "instructions": 142520008128,
                "branches": 30641141653,
                "branch-misses": 815655592,
                "max-rss": 316468,
                "wall-time": 69.35
            },
            "consumer-typeset": {
                "task-clock": 36685.259432000006,
                "context-switches": 2313,
                "cpu-migrations": 92,
                "page-faults": 187914,
                "cycles": 113344341625,
                "instructions": 92898653788,
                "branches": 19787833134,
                "branch-misses": 567353923,
                "max-rss": 2826976,
                "wall-time": 33.459999999999994
            },
            "Bullet": {
                "task-clock": 61312.142628,
                "context-switches": 5013,
                "cpu-migrations": 235,
                "page-faults": 496976,
                "cycles": 187926872257,
                "instructions": 139744498886,
                "branches": 29564255141,
                "branch-misses": 783297394,
                "max-rss": 7190724,
                "wall-time": 81.81999999999996
            },
            "tramp3d-v4": {
                "task-clock": 109834.347766,
                "context-switches": 4168,
                "cpu-migrations": 225,
                "page-faults": 126923,
                "cycles": 339299379723,
                "instructions": 291344400926,
                "branches": 63596571743,
                "branch-misses": 1366593335,
                "max-rss": 484480,
                "wall-time": 129.46
            },
            "mafft": {
                "task-clock": 21538.10888799999,
                "context-switches": 776,
                "cpu-migrations": 5,
                "page-faults": 110768,
                "cycles": 66300809607,
                "instructions": 58273400023,
                "branches": 12369246302,
                "branch-misses": 299846688,
                "max-rss": 1546380,
                "wall-time": 17.23
            },
            "ClamAV": {
                "task-clock": 50866.511483000024,
                "context-switches": 3856,
                "cpu-migrations": 192,
                "page-faults": 300935,
                "cycles": 157244565766,
                "instructions": 129664675695,
                "branches": 27634022827,
                "branch-misses": 816642182,
                "max-rss": 5203200,
                "wall-time": 53.50000000000001
            },
            "lencod": {
                "task-clock": 68036.85326,
                "context-switches": 3828,
                "cpu-migrations": 212,
                "page-faults": 229373,
                "cycles": 209765384018,
                "instructions": 194607654651,
                "branches": 40727906971,
                "branch-misses": 811853111,
                "max-rss": 3112196,
                "wall-time": 58.650000000000006
            },
            "SPASS": {
                "task-clock": 47401.187055,
                "context-switches": 3463,
                "cpu-migrations": 126,
                "page-faults": 174737,
                "cycles": 148933720276,
                "instructions": 117515155809,
                "branches": 25294475322,
                "branch-misses": 757173636,
                "max-rss": 2819836,
                "wall-time": 41.28
            },
            "7zip": {
                "task-clock": 143767.11871599994,
                "context-switches": 12542,
                "cpu-migrations": 338,
                "page-faults": 810166,
                "cycles": 442493703704,
                "instructions": 330939043573,
                "branches": 70752704708,
                "branch-misses": 2144811191,
                "max-rss": 12372616,
                "wall-time": 129.84999999999997
            },
            "geomean": {
                "task-clock": 55850.15433885371,
                "context-switches": 3218.378119023954,
                "cpu-migrations": 117.53133212548163,
                "page-faults": 202855.1363319079,
                "cycles": 172194364297.13947,
                "instructions": 140006934691.56,
                "branches": 29940741454.221752,
                "branch-misses": 788406951.0977418,
                "max-rss": 2247435.275903022,
                "wall-time": 55.426997825021104
            }
        },
        "ReleaseLTO-g": {
            "kimwitu++": {
                "task-clock": 45192.74082900001,
                "context-switches": 918,
                "cpu-migrations": 1,
                "page-faults": 205737,
                "cycles": 137712476778,
                "instructions": 97541107386,
                "branches": 21089579788,
                "branch-misses": 598303135,
                "max-rss": 1438164,
                "wall-time": 45.83
            },
            "sqlite3": {
                "task-clock": 61259.775494999994,
                "context-switches": 408,
                "cpu-migrations": 1,
                "page-faults": 110131,
                "cycles": 188698454235,
                "instructions": 152007788449,
                "branches": 32485842226,
                "branch-misses": 846680103,
                "max-rss": 503076,
                "wall-time": 61.410000000000004
            },
            "consumer-typeset": {
                "task-clock": 38299.434365,
                "context-switches": 917,
                "cpu-migrations": 1,
                "page-faults": 216613,
                "cycles": 118264176911,
                "instructions": 95574215110,
                "branches": 20244527224,
                "branch-misses": 544973428,
                "max-rss": 2963028,
                "wall-time": 40.089999999999996
            },
            "Bullet": {
                "task-clock": 68133.62199300001,
                "context-switches": 2439,
                "cpu-migrations": 3,
                "page-faults": 561659,
                "cycles": 210405113320,
                "instructions": 157248697841,
                "branches": 33168812302,
                "branch-misses": 856712612,
                "max-rss": 7518048,
                "wall-time": 72.35999999999999
            },
            "tramp3d-v4": {
                "task-clock": 111837.794024,
                "context-switches": 1202,
                "cpu-migrations": 1,
                "page-faults": 299028,
                "cycles": 341935223180,
                "instructions": 271328574880,
                "branches": 58666571106,
                "branch-misses": 1302533421,
                "max-rss": 1192868,
                "wall-time": 112.09
            },
            "mafft": {
                "task-clock": 22027.492695999998,
                "context-switches": 585,
                "cpu-migrations": 1,
                "page-faults": 127968,
                "cycles": 68251004438,
                "instructions": 68628422094,
                "branches": 14490497436,
                "branch-misses": 340082720,
                "max-rss": 1637052,
                "wall-time": 22.959999999999997
            },