{
    "config": 0,
    "clang_size": [],
    "data": {
        "ReleaseThinLTO": {
            "kimwitu++": {
                "task-clock": 42010.52935,
                "context-switches": 1988,
                "cpu-migrations": 65,
                "page-faults": 148590,
                "cycles": 128951321628,
                "instructions": 94007540081,
                "branches": 20424820954,
                "branch-misses": 580784008,
                "max-rss": 1207512,
                "wall-time": 37.95
            },
            "sqlite3": {
                "task-clock": 57518.232351,
                "context-switches": 3160,
                "cpu-migrations": 148,
                "page-faults": 61997,
                "cycles": 176567330271,
                "instructions": 142360562814,
                "branches": 30651439619,
                "branch-misses": 814907174,
                "max-rss": 316696,
                "wall-time": 71.22
            },
            "consumer-typeset": {
                "task-clock": 37268.91426,
                "context-switches": 2425,
                "cpu-migrations": 96,
                "page-faults": 186554,
                "cycles": 114290982793,
                "instructions": 92878755683,
                "branches": 19814942755,
                "branch-misses": 567343366,
                "max-rss": 2830520,
                "wall-time": 33.94
            },
            "Bullet": {
                "task-clock": 61953.375098000004,
                "context-switches": 5560,
                "cpu-migrations": 270,
                "page-faults": 497483,
                "cycles": 189479842063,
                "instructions": 139847923915,
                "branches": 29604994631,
                "branch-misses": 785212374,
                "max-rss": 7210472,
                "wall-time": 83.62
            },
            "tramp3d-v4": {
                "task-clock": 112867.76707,
                "context-switches": 3031,
                "cpu-migrations": 199,
                "page-faults": 128236,
                "cycles": 346117933552,
                "instructions": 291143707439,
                "branches": 63639263083,
                "branch-misses": 1366051136,
                "max-rss": 486168,
                "wall-time": 131.96
            },
            "mafft": {
                "task-clock": 21937.140036999994,
                "context-switches": 944,
                "cpu-migrations": 12,
                "page-faults": 111189,
                "cycles": 67229889809,
                "instructions": 58268956263,
                "branches": 12386172777,
                "branch-misses": 301441406,
                "max-rss": 1552260,
                "wall-time": 17.639999999999997
            },
            "ClamAV": {
                "task-clock": 52035.87620800001,
                "context-switches": 3865,
                "cpu-migrations": 234,
                "page-faults": 302370,
                "cycles": 159385364435,
                "instructions": 129370281065,
                "branches": 27638820235,
                "branch-misses": 813404712,
                "max-rss": 5221196,
                "wall-time": 54.75
            },
            "lencod": {
                "task-clock": 68451.763593,
                "context-switches": 4311,
                "cpu-migrations": 234,
                "page-faults": 230080,
                "cycles": 210290532043,
                "instructions": 194385059243,
                "branches": 40773826031,
                "branch-misses": 805800718,
                "max-rss": 3116656,
                "wall-time": 60.15
            },
            "SPASS": {
                "task-clock": 48825.929749999996,
                "context-switches": 4039,
                "cpu-migrations": 117,
                "page-faults": 175327,
                "cycles": 149813836008,
                "instructions": 117513067452,
                "branches": 25331451006,
                "branch-misses": 757485673,
                "max-rss": 2819836,
                "wall-time": 42.629999999999995
            },
            "7zip": {
                "task-clock": 145558.37605799997,
                "context-switches": 12296,
                "cpu-migrations": 335,
                "page-faults": 809185,
                "cycles": 445260079067,
                "instructions": 330520469719,
                "branches": 70786025437,
                "branch-misses": 2142421420,
                "max-rss": 12388496,
                "wall-time": 130.70999999999998
            },
            "geomean": {
                "task-clock": 56802.84098795996,
                "context-switches": 3390.1687449829346,
                "cpu-migrations": 129.0181105796156,
                "page-faults": 203251.10007944246,
                "cycles": 174145857208.74048,
                "instructions": 139941052871.27914,
                "branches": 29971865716.412857,
                "branch-misses": 788032162.2707825,
                "max-rss": 2251550.0709328153,
                "wall-time": 56.43415856595789
            }
        },
        "ReleaseLTO-g": {
            "kimwitu++": {
                "task-clock": 45616.945738,
                "context-switches": 817,
                "cpu-migrations": 1,
                "page-faults": 205758,
                "cycles": 140539637386,
                "instructions": 97607039349,
                "branches": 21109602796,
                "branch-misses": 597559436,
                "max-rss": 1436976,
                "wall-time": 46.22
            },
            "sqlite3": {
                "task-clock": 61622.67088800001,
                "context-switches": 616,
                "cpu-migrations": 1,
                "page-faults": 110276,
                "cycles": 191313596869,
                "instructions": 151815032998,
                "branches": 32493784147,
                "branch-misses": 844283030,
                "max-rss": 504608,
                "wall-time": 61.78
            },
            "consumer-typeset": {
                "task-clock": 38650.20381600001,
                "context-switches": 763,
                "cpu-migrations": 1,
                "page-faults": 216559,
                "cycles": 119749140284,
                "instructions": 95536245213,
                "branches": 20265730272,
                "branch-misses": 544347596,
                "max-rss": 2972456,
                "wall-time": 40.49999999999999
            },
            "Bullet": {
                "task-clock": 69082.58114000002,
                "context-switches": 2373,
                "cpu-migrations": 1,
                "page-faults": 561997,
                "cycles": 211727719829,
                "instructions": 157279519970,
                "branches": 33199556053,
                "branch-misses": 854285445,
                "max-rss": 7526016,
                "wall-time": 73.41
            },
            "tramp3d-v4": {
                "task-clock": 112891.400907,
                "context-switches": 1258,
                "cpu-migrations": 2,
                "page-faults": 298522,
                "cycles": 349434573732,
                "instructions": 271144782800,
                "branches": 58674899776,
                "branch-misses": 1305651144,
                "max-rss": 1190276,
                "wall-time": 113.07
            },
            "mafft": {
                "task-clock": 22013.774243,
                "context-switches": 593,
                "cpu-migrations": 2,
                "page-faults": 126360,
                "cycles": 68496014657,
                "instructions": 68616530036,
                "branches": 14514183543,
                "branch-misses": 339197346,
                "max-rss": 1640516,
                "wall-time": 22.95
            },
            "ClamAV": {
                "task-clock": 59102.81925100004,
                "context-switches": 1310,