{
    "config": 0,
    "clang_size": [],
    "data": {
        "ReleaseThinLTO": {
            "kimwitu++": {
                "task-clock": 42055.64690699999,
                "context-switches": 1925,
                "cpu-migrations": 62,
                "page-faults": 148600,
                "cycles": 128597733789,
                "instructions": 93922148243,
                "branches": 20406988916,
                "branch-misses": 574997589,
                "max-rss": 1207484,
                "wall-time": 38.61000000000001
            },
            "sqlite3": {
                "task-clock": 58112.505699,
                "context-switches": 2436,
                "cpu-migrations": 114,
                "page-faults": 61933,
                "cycles": 177450948397,
                "instructions": 142363304258,
                "branches": 30655897087,
                "branch-misses": 811929825,
                "max-rss": 316880,
                "wall-time": 70.41
            },
            "consumer-typeset": {
                "task-clock": 37436.323417,
                "context-switches": 2461,
                "cpu-migrations": 119,
                "page-faults": 187046,
                "cycles": 114362813782,
                "instructions": 92851726088,
                "branches": 19810838023,
                "branch-misses": 565752577,
                "max-rss": 2832696,
                "wall-time": 34.209999999999994
            },
            "Bullet": {
                "task-clock": 61935.91034899999,
                "context-switches": 5280,
                "cpu-migrations": 293,
                "page-faults": 497052,
                "cycles": 189135665555,
                "instructions": 139830917195,
                "branches": 29604540384,
                "branch-misses": 784441168,
                "max-rss": 7208712,
                "wall-time": 84.09
            },
            "tramp3d-v4": {
                "task-clock": 112480.04388499999,
                "context-switches": 3223,
                "cpu-migrations": 155,
                "page-faults": 128115,
                "cycles": 344079964136,
                "instructions": 291198195060,
                "branches": 63658426235,
                "branch-misses": 1358731211,
                "max-rss": 484824,
                "wall-time": 129.82
            },
            "mafft": {
                "task-clock": 21696.577691000006,
                "context-switches": 760,
                "cpu-migrations": 1,
                "page-faults": 110110,
                "cycles": 66272652807,
                "instructions": 58253203879,
                "branches": 12384066076,
                "branch-misses": 298317122,
                "max-rss": 1550036,
                "wall-time": 17.22
            },
            "ClamAV": {
                "task-clock": 52238.654492999995,
                "context-switches": 4231,
                "cpu-migrations": 252,
                "page-faults": 302189,
                "cycles": 159514198348,
                "instructions": 129362050957,
                "branches": 27642124743,
                "branch-misses": 814686891,
                "max-rss": 5218896,
                "wall-time": 55.79999999999998
            },
            "lencod": {
                "task-clock": 68964.599067,
                "context-switches": 4459,
                "cpu-migrations": 274,
                "page-faults": 231060,
                "cycles": 210743772011,
                "instructions": 194325468756,
                "branches": 40764469122,
                "branch-misses": 808357001,
                "max-rss": 3121652,
                "wall-time": 61.16
            },
            "SPASS": {
                "task-clock": 49015.378898,
                "context-switches": 4380,
                "cpu-migrations": 96,
                "page-faults": 175300,
                "cycles": 149506820526,
                "instructions": 117515645643,
                "branches": 25334717392,
                "branch-misses": 758913730,
                "max-rss": 2828236,
                "wall-time": 43.22
            },
            "7zip": {
                "task-clock": 145342.32274399998,
                "context-switches": 12326,
                "cpu-migrations": 399,
                "page-faults": 811271,
                "cycles": 444110112029,
                "instructions": 330464395698,
                "branches": 70783370937,
                "branch-misses": 2148676098,
                "max-rss": 12383392,
                "wall-time": 131.09999999999997
            },
            "geomean": {
                "task-clock": 56887.113872639886,
                "context-switches": 3297.542657416642,
                "cpu-migrations": 100.10224218035547,
                "page-faults": 203173.43397442595,
                "cycles": 173782860132.03918,
                "instructions": 139914419278.7176,
                "branches": 29969353920.840935,
                "branch-misses": 786165617.7255298,
                "max-rss": 2251685.934630522,
                "wall-time": 56.61083301128088
            }
        },
        "ReleaseLTO-g": {
            "kimwitu++": {
                "task-clock": 45755.842737,
                "context-switches": 840,
                "cpu-migrations": 1,
                "page-faults": 205681,
                "cycles": 139957234553,
                "instructions": 97413089618,
                "branches": 21073473747,
                "branch-misses": 597754937,
                "max-rss": 1435528,
                "wall-time": 46.38999999999999
            },
            "sqlite3": {
                "task-clock": 62667.832795,
                "context-switches": 544,
                "cpu-migrations": 1,
                "page-faults": 110186,
                "cycles": 192665254801,
                "instructions": 151661007430,
                "branches": 32457364353,
                "branch-misses": 842636857,
                "max-rss": 503864,
                "wall-time": 62.8
            },
            "consumer-typeset": {
                "task-clock": 39199.85508600001,
                "context-switches": 825,
                "cpu-migrations": 1,
                "page-faults": 216502,
                "cycles": 120092716452,
                "instructions": 95515785525,
                "branches": 20261191610,
                "branch-misses": 544991484,
                "max-rss": 2971572,
                "wall-time": 41.12
            },
            "Bullet": {
                "task-clock": 69169.78237899998,
                "context-switches": 2325,
                "cpu-migrations": 2,
                "page-faults": 562158,
                "cycles": 211893181790,
                "instructions": 157351136251,
                "branches": 33212930497,
                "branch-misses": 856447260,
                "max-rss": 7534984,
                "wall-time": 73.54
            },
            "tramp3d-v4": {
                "task-clock": 114980.478002,
                "context-switches": 1028,
                "cpu-migrations": 3,
                "page-faults": 298485,
                "cycles": 353044804093,
                "instructions": 271455485167,
                "branches": 58738000547,
                "branch-misses": 1309850001,
                "max-rss": 1190036,
                "wall-time": 115.21
            },
            "mafft": {
                "task-clock": 22436.186721000002,
                "context-switches": 641,
                "cpu-migrations": 0,
                "page-faults": 126638,
                "cycles": 68840381752,
                "instructions": 68579387977,
                "branches": 14505784417,
                "branch-misses": 338002856,
                "max-rss": 1641532,
                "wall-time": 23.42
            },
            "ClamAV": {
                "task-clock": 60172.68219800004,