{
    "config": 0,
    "clang_size": [],
    "data": {
        "ReleaseThinLTO": {
            "kimwitu++": {
                "task-clock": 40874.03681599999,
                "context-switches": 2080,
                "cpu-migrations": 78,
                "page-faults": 148374,
                "cycles": 127288077830,
                "instructions": 93903945663,
                "branches": 20388450674,
                "branch-misses": 581911495,
                "max-rss": 1210180,
                "wall-time": 37.96
            },
            "sqlite3": {
                "task-clock": 54347.547421,
                "context-switches": 2571,
                "cpu-migrations": 123,
                "page-faults": 61627,
                "cycles": 171949114444,
                "instructions": 142443045417,
                "branches": 30620485852,
                "branch-misses": 812048338,
                "max-rss": 316580,
                "wall-time": 66.94
            },
            "consumer-typeset": {
                "task-clock": 35772.147407000004,
                "context-switches": 2332,
                "cpu-migrations": 131,
                "page-faults": 188440,
                "cycles": 112985921922,
                "instructions": 92961896966,
                "branches": 19802185909,
                "branch-misses": 568498864,
                "max-rss": 2823600,
                "wall-time": 32.53000000000001
            },
            "Bullet": {
                "task-clock": 61382.080239,
                "context-switches": 5259,
                "cpu-migrations": 244,
                "page-faults": 496446,
                "cycles": 187116679245,
                "instructions": 139745805142,
                "branches": 29564382997,
                "branch-misses": 785581796,
                "max-rss": 7197060,
                "wall-time": 82.55000000000001
            },
            "tramp3d-v4": {
                "task-clock": 107610.600013,
                "context-switches": 3615,
                "cpu-migrations": 159,
                "page-faults": 127960,
                "cycles": 335549573434,
                "instructions": 291291375064,
                "branches": 63586721358,
                "branch-misses": 1362931481,
                "max-rss": 484644,
                "wall-time": 125.48
            },
            "mafft": {
                "task-clock": 20917.14390999999,
                "context-switches": 667,
                "cpu-migrations": 0,
                "page-faults": 111778,
                "cycles": 65927357765,
                "instructions": 58281241002,
                "branches": 12372286081,
                "branch-misses": 298636549,
                "max-rss": 1548520,
                "wall-time": 16.610000000000003
            },
            "ClamAV": {
                "task-clock": 50212.909237000014,
                "context-switches": 3706,
                "cpu-migrations": 175,
                "page-faults": 301905,
                "cycles": 156800889410,
                "instructions": 129627839254,
                "branches": 27625203575,
                "branch-misses": 815349264,
                "max-rss": 5206980,
                "wall-time": 53.09000000000001
            },
            "lencod": {
                "task-clock": 66426.914559,
                "context-switches": 4147,
                "cpu-migrations": 246,
                "page-faults": 230823,
                "cycles": 209527988161,
                "instructions": 194510018220,
                "branches": 40704858482,
                "branch-misses": 810842706,
                "max-rss": 3117268,
                "wall-time": 57.89
            },
            "SPASS": {
                "task-clock": 48292.02372499999,
                "context-switches": 3862,
                "cpu-migrations": 130,
                "page-faults": 174420,
                "cycles": 148370006658,
                "instructions": 117505515208,
                "branches": 25291972858,
                "branch-misses": 756696997,
                "max-rss": 2816216,
                "wall-time": 42.400000000000006
            },
            "7zip": {
                "task-clock": 143863.531042,
                "context-switches": 12148,
                "cpu-migrations": 306,
                "page-faults": 809909,
                "cycles": 439432235744,
                "instructions": 330882202463,
                "branches": 70743286256,
                "branch-misses": 2142824486,
                "max-rss": 12367028,
                "wall-time": 129.36
            },
            "geomean": {
                "task-clock": 55024.45021385594,
                "context-switches": 3204.046251961877,
                "cpu-migrations": 0,
                "page-faults": 203272.50554458558,
                "cycles": 171434231997.83868,
                "instructions": 139997318736.17477,
                "branches": 29938596117.584633,
                "branch-misses": 787801080.3496734,
                "max-rss": 2248496.81044236,
                "wall-time": 54.69831316136116
            }
        },
        "ReleaseLTO-g": {
            "kimwitu++": {
                "task-clock": 44115.904792,
                "context-switches": 1101,
                "cpu-migrations": 1,
                "page-faults": 205904,
                "cycles": 137190571668,
                "instructions": 97518941786,
                "branches": 21078979053,
                "branch-misses": 597622889,
                "max-rss": 1436808,
                "wall-time": 44.67
            },
            "sqlite3": {
                "task-clock": 60351.231866,
                "context-switches": 369,
                "cpu-migrations": 1,
                "page-faults": 110003,
                "cycles": 187991468872,
                "instructions": 151816377956,
                "branches": 32440410203,
                "branch-misses": 845267182,
                "max-rss": 503556,
                "wall-time": 60.5
            },
            "consumer-typeset": {
                "task-clock": 37580.835146,
                "context-switches": 898,
                "cpu-migrations": 2,
                "page-faults": 216430,
                "cycles": 117624741928,
                "instructions": 95518861494,
                "branches": 20232769901,
                "branch-misses": 543951154,
                "max-rss": 2963748,
                "wall-time": 39.35000000000001
            },
            "Bullet": {
                "task-clock": 67981.03187500002,
                "context-switches": 3578,
                "cpu-migrations": 1,
                "page-faults": 562000,
                "cycles": 209187198975,
                "instructions": 157288675634,
                "branches": 33176577144,
                "branch-misses": 857284399,
                "max-rss": 7513956,
                "wall-time": 72.25
            },
            "tramp3d-v4": {
                "task-clock": 109599.49314199999,
                "context-switches": 551,
                "cpu-migrations": 1,
                "page-faults": 298269,
                "cycles": 339818046967,
                "instructions": 270854353019,
                "branches": 58548249935,
                "branch-misses": 1306820815,
                "max-rss": 1189360,
                "wall-time": 109.74000000000001
            },
            "mafft": {
                "task-clock": 21467.018464000004,
                "context-switches": 530,
                "cpu-migrations": 0,
                "page-faults": 126342,
                "cycles": 67702929309,
                "instructions": 68622412906,
                "branches": 14490006225,
                "branch-misses": 340152777,
                "max-rss": 1637200,
                "wall-time": 22.38
            },
            "ClamAV": {
                "task-clock": 58117.199638000006,