{
    "config": 0,
    "clang_size": [],
    "data": {
        "ReleaseThinLTO": {
            "kimwitu++": {
                "task-clock": 42011.70392199999,
                "context-switches": 2217,
                "cpu-migrations": 116,
                "page-faults": 148615,
                "cycles": 128009232490,
                "instructions": 93544460922,
                "branches": 20302103353,
                "branch-misses": 580038392,
                "max-rss": 1207668,
                "wall-time": 38.95000000000001
            },
            "sqlite3": {
                "task-clock": 57820.906454,
                "context-switches": 2555,
                "cpu-migrations": 172,
                "page-faults": 62014,
                "cycles": 176050343262,
                "instructions": 141867850924,
                "branches": 30516942371,
                "branch-misses": 819323743,
                "max-rss": 317460,
                "wall-time": 71.06
            },
            "consumer-typeset": {
                "task-clock": 37282.159727000006,
                "context-switches": 2393,
                "cpu-migrations": 98,
                "page-faults": 188803,
                "cycles": 113540164696,
                "instructions": 92572186194,
                "branches": 19732425413,
                "branch-misses": 567465524,
                "max-rss": 2836928,
                "wall-time": 33.67999999999999
            },
            "Bullet": {
                "task-clock": 62050.522441000016,
                "context-switches": 5282,
                "cpu-migrations": 268,
                "page-faults": 497858,
                "cycles": 188686180165,
                "instructions": 139738577927,
                "branches": 29558704849,
                "branch-misses": 788126585,
                "max-rss": 7212760,
                "wall-time": 83.10999999999999
            },
            "tramp3d-v4": {
                "task-clock": 112065.560551,
                "context-switches": 2977,
                "cpu-migrations": 149,
                "page-faults": 128121,
                "cycles": 340311121450,
                "instructions": 289549941342,
                "branches": 63215526810,
                "branch-misses": 1365627558,
                "max-rss": 483736,
                "wall-time": 131.04000000000002
            },
            "mafft": {
                "task-clock": 21776.222293999996,
                "context-switches": 896,
                "cpu-migrations": 4,
                "page-faults": 111489,
                "cycles": 66454065130,
                "instructions": 58026155361,
                "branches": 12328792389,
                "branch-misses": 300299981,
                "max-rss": 1554216,
                "wall-time": 17.4
            },
            "ClamAV": {
                "task-clock": 52164.84605499998,
                "context-switches": 4024,
                "cpu-migrations": 244,
                "page-faults": 303673,
                "cycles": 158779185768,
                "instructions": 129285531405,
                "branches": 27616311031,
                "branch-misses": 815628797,
                "max-rss": 5224356,
                "wall-time": 55.72000000000001
            },
            "lencod": {
                "task-clock": 69626.800642,
                "context-switches": 4395,
                "cpu-migrations": 153,
                "page-faults": 229432,
                "cycles": 210816305069,
                "instructions": 194218095238,
                "branches": 40717053463,
                "branch-misses": 803449318,
                "max-rss": 3123112,
                "wall-time": 60.37999999999998
            },
            "SPASS": {
                "task-clock": 49244.432403,
                "context-switches": 3961,
                "cpu-migrations": 76,
                "page-faults": 174915,
                "cycles": 149546585406,
                "instructions": 116926201097,
                "branches": 25177862005,
                "branch-misses": 762000749,
                "max-rss": 2828884,
                "wall-time": 42.91
            },
            "7zip": {
                "task-clock": 146278.689499,
                "context-switches": 12624,
                "cpu-migrations": 377,
                "page-faults": 810965,
                "cycles": 444929578339,
                "instructions": 330547244375,
                "branches": 70761026551,
                "branch-misses": 2152049691,
                "max-rss": 12383728,
                "wall-time": 132.23999999999995
            },
            "geomean": {
                "task-clock": 56948.84196681114,
                "context-switches": 3332.4245227583465,
                "cpu-migrations": 112.81918979136235,
                "page-faults": 203582.68824319736,
                "cycles": 173218032929.8388,
                "instructions": 139541413528.72733,
                "branches": 29863776074.01684,
                "branch-misses": 789149716.1334887,
                "max-rss": 2253093.951316632,
                "wall-time": 56.5970341459546
            }
        },
        "ReleaseLTO-g": {
            "kimwitu++": {
                "task-clock": 45590.37199,
                "context-switches": 1042,
                "cpu-migrations": 1,
                "page-faults": 205931,
                "cycles": 138865186350,
                "instructions": 97317699051,
                "branches": 21027481755,
                "branch-misses": 598555017,
                "max-rss": 1438816,
                "wall-time": 46.19
            },
            "sqlite3": {
                "task-clock": 62330.278376,
                "context-switches": 370,
                "cpu-migrations": 1,
                "page-faults": 108978,
                "cycles": 189865195335,
                "instructions": 151638305608,
                "branches": 32411821276,
                "branch-misses": 849613837,
                "max-rss": 499112,
                "wall-time": 62.480000000000004
            },
            "consumer-typeset": {
                "task-clock": 38949.819582000004,
                "context-switches": 869,
                "cpu-migrations": 1,
                "page-faults": 216745,
                "cycles": 118816291754,
                "instructions": 95371217471,
                "branches": 20216108658,
                "branch-misses": 547261882,
                "max-rss": 2975720,
                "wall-time": 40.809999999999995
            },
            "Bullet": {
                "task-clock": 69177.023969,
                "context-switches": 3430,
                "cpu-migrations": 1,
                "page-faults": 562780,
                "cycles": 210767316426,
                "instructions": 157257687749,
                "branches": 33166124382,
                "branch-misses": 858921425,
                "max-rss": 7532848,
                "wall-time": 73.58999999999997
            },
            "tramp3d-v4": {
                "task-clock": 113066.378187,
                "context-switches": 609,
                "cpu-migrations": 1,
                "page-faults": 298680,
                "cycles": 344634757638,
                "instructions": 270026860811,
                "branches": 58367686407,
                "branch-misses": 1310029481,
                "max-rss": 1191252,
                "wall-time": 113.19999999999999
            },
            "mafft": {
                "task-clock": 22344.50635400001,
                "context-switches": 588,
                "cpu-migrations": 1,
                "page-faults": 126277,
                "cycles": 68179550731,
                "instructions": 68452687369,
                "branches": 14472655490,
                "branch-misses": 340621137,
                "max-rss": 1643696,
                "wall-time": 23.35000000000001
            },