{
    "config": 0,
    "clang_size": [],
    "data": {
        "ReleaseThinLTO": {
            "kimwitu++": {
                "task-clock": 42450.972975,
                "context-switches": 1789,
                "cpu-migrations": 61,
                "page-faults": 148486,
                "cycles": 127070711084,
                "instructions": 93647421170,
                "branches": 20347009226,
                "branch-misses": 583829812,
                "max-rss": 1209524,
                "wall-time": 38.68
            },
            "sqlite3": {
                "task-clock": 57270.662415,
                "context-switches": 2560,
                "cpu-migrations": 133,
                "page-faults": 62150,
                "cycles": 172706458128,
                "instructions": 141516270053,
                "branches": 30463291995,
                "branch-misses": 819484054,
                "max-rss": 317868,
                "wall-time": 70.31
            },
            "consumer-typeset": {
                "task-clock": 37520.262655000006,
                "context-switches": 2419,
                "cpu-migrations": 112,
                "page-faults": 188380,
                "cycles": 112917703026,
                "instructions": 92583874327,
                "branches": 19747953466,
                "branch-misses": 568307806,
                "max-rss": 2830992,
                "wall-time": 34.290000000000006
            },
            "Bullet": {
                "task-clock": 62571.876933,
                "context-switches": 5122,
                "cpu-migrations": 215,
                "page-faults": 497237,
                "cycles": 187722568680,
                "instructions": 139637552106,
                "branches": 29559647229,
                "branch-misses": 786658223,
                "max-rss": 7217464,
                "wall-time": 83.79999999999997
            },
            "tramp3d-v4": {
                "task-clock": 112880.802262,
                "context-switches": 3782,
                "cpu-migrations": 171,
                "page-faults": 132419,
                "cycles": 338856462227,
                "instructions": 289722084365,
                "branches": 63322371003,
                "branch-misses": 1369416446,
                "max-rss": 483848,
                "wall-time": 132.25
            },
            "mafft": {
                "task-clock": 21891.481285,
                "context-switches": 665,
                "cpu-migrations": 2,
                "page-faults": 110232,
                "cycles": 65940960512,
                "instructions": 58016521336,
                "branches": 12330705566,
                "branch-misses": 299758554,
                "max-rss": 1555432,
                "wall-time": 17.389999999999997
            },
            "ClamAV": {
                "task-clock": 52273.97625999999,
                "context-switches": 3998,
                "cpu-migrations": 186,
                "page-faults": 302282,
                "cycles": 157541375210,
                "instructions": 129028306499,
                "branches": 27564749593,
                "branch-misses": 816824916,
                "max-rss": 5220708,
                "wall-time": 55.529999999999966
            },
            "lencod": {
                "task-clock": 69734.266836,
                "context-switches": 4082,
                "cpu-migrations": 292,
                "page-faults": 229769,
                "cycles": 209094783184,
                "instructions": 194232666578,
                "branches": 40744327769,
                "branch-misses": 803988192,
                "max-rss": 3121744,
                "wall-time": 60.47
            },
            "SPASS": {
                "task-clock": 49441.318939000004,
                "context-switches": 3954,
                "cpu-migrations": 134,
                "page-faults": 175605,
                "cycles": 148630799408,
                "instructions": 117008106777,
                "branches": 25217260197,
                "branch-misses": 761404544,
                "max-rss": 2825832,
                "wall-time": 43.33
            },
            "7zip": {
                "task-clock": 147387.42295800004,
                "context-switches": 12580,
                "cpu-migrations": 358,
                "page-faults": 810449,
                "cycles": 442969664229,
                "instructions": 330328018363,
                "branches": 70746256304,
                "branch-misses": 2159111726,
                "max-rss": 12401768,
                "wall-time": 133.6
            },
            "geomean": {
                "task-clock": 57195.81322177284,
                "context-switches": 3209.1513623258575,
                "cpu-migrations": 105.69994675312688,
                "page-faults": 203983.4417112283,
                "cycles": 171910507791.3145,
                "instructions": 139493563644.16672,
                "branches": 29873536772.141537,
                "branch-misses": 790091306.969859,
                "max-rss": 2253461.3713724,
                "wall-time": 56.797250429590726
            }
        },
        "ReleaseLTO-g": {
            "kimwitu++": {
                "task-clock": 45909.520967000004,
                "context-switches": 1053,
                "cpu-migrations": 1,
                "page-faults": 205737,
                "cycles": 137609606429,
                "instructions": 97256175483,
                "branches": 21036787308,
                "branch-misses": 600941517,
                "max-rss": 1435028,
                "wall-time": 46.56
            },
            "sqlite3": {
                "task-clock": 62791.450066000005,
                "context-switches": 512,
                "cpu-migrations": 1,
                "page-faults": 110153,
                "cycles": 188816187752,
                "instructions": 151015923344,
                "branches": 32313323546,
                "branch-misses": 850873660,
                "max-rss": 503536,
                "wall-time": 62.95
            },
            "consumer-typeset": {
                "task-clock": 39105.574794,
                "context-switches": 886,
                "cpu-migrations": 1,
                "page-faults": 216672,
                "cycles": 117848631682,
                "instructions": 95213097036,
                "branches": 20194396506,
                "branch-misses": 546209717,
                "max-rss": 2969496,
                "wall-time": 40.99999999999999
            },
            "Bullet": {
                "task-clock": 70171.90347200002,
                "context-switches": 3297,
                "cpu-migrations": 3,
                "page-faults": 562142,
                "cycles": 210471995696,
                "instructions": 157077662779,
                "branches": 33150430554,
                "branch-misses": 860982661,
                "max-rss": 7528372,
                "wall-time": 74.72999999999999
            },
            "tramp3d-v4": {
                "task-clock": 114241.414849,
                "context-switches": 678,
                "cpu-migrations": 1,
                "page-faults": 298797,
                "cycles": 343741718882,
                "instructions": 269778368004,
                "branches": 58378421242,
                "branch-misses": 1312286836,
                "max-rss": 1192552,
                "wall-time": 114.43
            },
            "mafft": {
                "task-clock": 22516.205009999994,
                "context-switches": 537,
                "cpu-migrations": 2,
                "page-faults": 126268,
                "cycles": 67821683831,
                "instructions": 68356126637,
                "branches": 14455554225,
                "branch-misses": 339449877,
                "max-rss": 1641508,
                "wall-time": 23.58
            },
            "ClamAV": {
                "task-clock": 60168.15789800001,