{
    "config": 0,
    "clang_size": [],
    "data": {
        "ReleaseThinLTO": {
            "kimwitu++": {
                "task-clock": 41468.50795299999,
                "context-switches": 2565,
                "cpu-migrations": 115,
                "page-faults": 147101,
                "cycles": 127496351562,
                "instructions": 93490558881,
                "branches": 20292363287,
                "branch-misses": 578361860,
                "max-rss": 1203256,
                "wall-time": 38.04
            },
            "sqlite3": {
                "task-clock": 56414.182006999996,
                "context-switches": 2754,
                "cpu-migrations": 122,
                "page-faults": 61584,
                "cycles": 172689494781,
                "instructions": 141643308295,
                "branches": 30489770787,
                "branch-misses": 813258322,
                "max-rss": 316256,
                "wall-time": 68.68
            },
            "consumer-typeset": {
                "task-clock": 37083.494545,
                "context-switches": 2456,
                "cpu-migrations": 170,
                "page-faults": 188756,
                "cycles": 113432649315,
                "instructions": 92571446598,
                "branches": 19740824244,
                "branch-misses": 565279771,
                "max-rss": 2832524,
                "wall-time": 34.26
            },
            "Bullet": {
                "task-clock": 61660.90157600001,
                "context-switches": 4935,
                "cpu-migrations": 231,
                "page-faults": 498245,
                "cycles": 188764026120,
                "instructions": 139639498378,
                "branches": 29544360816,
                "branch-misses": 786260594,
                "max-rss": 7213396,
                "wall-time": 82.25999999999999
            },
            "tramp3d-v4": {
                "task-clock": 109833.135261,
                "context-switches": 3492,
                "cpu-migrations": 259,
                "page-faults": 128447,
                "cycles": 337850133211,
                "instructions": 289441231672,
                "branches": 63210185301,
                "branch-misses": 1360616527,
                "max-rss": 484120,
                "wall-time": 128.99
            },
            "mafft": {
                "task-clock": 21430.10489,
                "context-switches": 640,
                "cpu-migrations": 2,
                "page-faults": 110308,
                "cycles": 65687696383,
                "instructions": 57974826131,
                "branches": 12323550413,
                "branch-misses": 298170707,
                "max-rss": 1556864,
                "wall-time": 17.04
            },
            "ClamAV": {
                "task-clock": 51385.300301999974,
                "context-switches": 4033,
                "cpu-migrations": 251,
                "page-faults": 303212,
                "cycles": 157246558011,
                "instructions": 129057491883,
                "branches": 27591537240,
                "branch-misses": 811437801,
                "max-rss": 5222672,
                "wall-time": 54.970000000000006
            },
            "lencod": {
                "task-clock": 67800.166406,
                "context-switches": 4195,
                "cpu-migrations": 241,
                "page-faults": 228853,
                "cycles": 209157714198,
                "instructions": 193966978656,
                "branches": 40691002890,
                "branch-misses": 804689098,
                "max-rss": 3127228,
                "wall-time": 58.709999999999994
            },
            "SPASS": {
                "task-clock": 48429.700123999995,
                "context-switches": 3699,
                "cpu-migrations": 98,
                "page-faults": 175639,
                "cycles": 148411446195,
                "instructions": 116804054040,
                "branches": 25163228965,
                "branch-misses": 756754260,
                "max-rss": 2832296,
                "wall-time": 42.06999999999999
            },
            "7zip": {
                "task-clock": 144850.39956,
                "context-switches": 12590,
                "cpu-migrations": 388,
                "page-faults": 810412,
                "cycles": 442686003088,
                "instructions": 330160182911,
                "branches": 70710719861,
                "branch-misses": 2146516081,
                "max-rss": 12396644,
                "wall-time": 131.01999999999998
            },
            "geomean": {
                "task-clock": 56080.98129403795,
                "context-switches": 3294.8005381449616,
                "cpu-migrations": 120.70345174116532,
                "page-faults": 203066.74258725363,
                "cycles": 171958929654.34616,
                "instructions": 139410107968.93524,
                "branches": 29849533606.36012,
                "branch-misses": 785964844.1814271,
                "max-rss": 2252376.0201011766,
                "wall-time": 55.708573983256166
            }
        },
        "ReleaseLTO-g": {
            "kimwitu++": {
                "task-clock": 44964.00385999999,
                "context-switches": 972,
                "cpu-migrations": 1,
                "page-faults": 206126,
                "cycles": 137888405791,
                "instructions": 97237578467,
                "branches": 21014519538,
                "branch-misses": 596352221,
                "max-rss": 1440052,
                "wall-time": 45.58
            },
            "sqlite3": {
                "task-clock": 61667.046399,
                "context-switches": 735,
                "cpu-migrations": 1,
                "page-faults": 110208,
                "cycles": 187721351081,
                "instructions": 151420638908,
                "branches": 32386577046,
                "branch-misses": 846605767,
                "max-rss": 504456,
                "wall-time": 61.849999999999994
            },
            "consumer-typeset": {
                "task-clock": 38931.617582,
                "context-switches": 886,
                "cpu-migrations": 1,
                "page-faults": 216717,
                "cycles": 118427759506,
                "instructions": 95335000539,
                "branches": 20214692680,
                "branch-misses": 546374034,
                "max-rss": 2977016,
                "wall-time": 40.760000000000005
            },
            "Bullet": {
                "task-clock": 68986.83884400003,
                "context-switches": 3126,
                "cpu-migrations": 4,
                "page-faults": 562468,
                "cycles": 211184304343,
                "instructions": 157287716543,
                "branches": 33174934155,
                "branch-misses": 860471172,
                "max-rss": 7532648,
                "wall-time": 73.42
            },
            "tramp3d-v4": {
                "task-clock": 111716.740259,
                "context-switches": 969,
                "cpu-migrations": 1,
                "page-faults": 298558,
                "cycles": 342141592273,
                "instructions": 269835541282,
                "branches": 58336133132,
                "branch-misses": 1305376178,
                "max-rss": 1190576,
                "wall-time": 111.85
            },
            "mafft": {
                "task-clock": 22329.648944999997,
                "context-switches": 574,
                "cpu-migrations": 0,
                "page-faults": 126173,
                "cycles": 67842076508,
                "instructions": 68398674067,
                "branches": 14467666010,
                "branch-misses": 338026479,
                "max-rss": 1646912,
                "wall-time": 23.299999999999994
            },