{
    "config": 0,
    "clang_size": [],
    "data": {
        "ReleaseThinLTO": {
            "kimwitu++": {
                "task-clock": 41856.470431000016,
                "context-switches": 2046,
                "cpu-migrations": 43,
                "page-faults": 148002,
                "cycles": 128934571819,
                "instructions": 93900869211,
                "branches": 20397510768,
                "branch-misses": 580020358,
                "max-rss": 1204296,
                "wall-time": 37.43
            },
            "sqlite3": {
                "task-clock": 57253.610207000005,
                "context-switches": 2553,
                "cpu-migrations": 132,
                "page-faults": 61654,
                "cycles": 176654557023,
                "instructions": 142465022356,
                "branches": 30680963920,
                "branch-misses": 813669475,
                "max-rss": 316280,
                "wall-time": 70.27000000000001
            },
            "consumer-typeset": {
                "task-clock": 37144.798740000006,
                "context-switches": 2756,
                "cpu-migrations": 91,
                "page-faults": 187813,
                "cycles": 114298451470,
                "instructions": 92901708164,
                "branches": 19820972705,
                "branch-misses": 566254022,
                "max-rss": 2826032,
                "wall-time": 33.92
            },
            "Bullet": {
                "task-clock": 61629.37673499998,
                "context-switches": 5042,
                "cpu-migrations": 199,
                "page-faults": 496852,
                "cycles": 189767253360,
                "instructions": 139807267953,
                "branches": 29596737413,
                "branch-misses": 783474269,
                "max-rss": 7209868,
                "wall-time": 82.49
            },
            "tramp3d-v4": {
                "task-clock": 111882.516122,
                "context-switches": 2972,
                "cpu-migrations": 182,
                "page-faults": 128384,
                "cycles": 344531407069,
                "instructions": 291236431020,
                "branches": 63660033648,
                "branch-misses": 1364319130,
                "max-rss": 483756,
                "wall-time": 131.43
            },
            "mafft": {
                "task-clock": 21712.53088,
                "context-switches": 809,
                "cpu-migrations": 3,
                "page-faults": 110268,
                "cycles": 66885626608,
                "instructions": 58281371047,
                "branches": 12389503614,
                "branch-misses": 299844488,
                "max-rss": 1554072,
                "wall-time": 17.269999999999996
            },
            "ClamAV": {
                "task-clock": 51617.501147999996,
                "context-switches": 3997,
                "cpu-migrations": 261,
                "page-faults": 300846,
                "cycles": 159143188140,
                "instructions": 129355123472,
                "branches": 27635948524,
                "branch-misses": 812340645,
                "max-rss": 5213212,
                "wall-time": 55.19000000000001
            },
            "lencod": {
                "task-clock": 68253.027745,
                "context-switches": 4341,
                "cpu-migrations": 193,
                "page-faults": 229270,
                "cycles": 210474206122,
                "instructions": 194326043116,
                "branches": 40761297841,
                "branch-misses": 799762909,
                "max-rss": 3116152,
                "wall-time": 59.879999999999995
            },
            "SPASS": {
                "task-clock": 48595.52211199999,
                "context-switches": 3854,
                "cpu-migrations": 88,
                "page-faults": 174673,
                "cycles": 149690002222,
                "instructions": 117500083851,
                "branches": 25326748093,
                "branch-misses": 757403712,
                "max-rss": 2826800,
                "wall-time": 42.19
            },
            "7zip": {
                "task-clock": 144591.879768,
                "context-switches": 12490,
                "cpu-migrations": 380,
                "page-faults": 809691,
                "cycles": 445376540796,
                "instructions": 330587094163,
                "branches": 70797711211,
                "branch-misses": 2144820204,
                "max-rss": 12383892,
                "wall-time": 130.79000000000002
            },
            "geomean": {
                "task-clock": 56472.66712687999,
                "context-switches": 3283.6993789664252,
                "cpu-migrations": 99.43959763343909,
                "page-faults": 202785.94448608847,
                "cycles": 173989264825.1994,
                "instructions": 139937641013.68158,
                "branches": 29971306649.41991,
                "branch-misses": 786349672.0763044,
                "max-rss": 2249511.989140241,
                "wall-time": 56.02424369191716
            }
        },
        "ReleaseLTO-g": {
            "kimwitu++": {
                "task-clock": 45484.729317000005,
                "context-switches": 1155,
                "cpu-migrations": 1,
                "page-faults": 205686,
                "cycles": 140081468595,
                "instructions": 97452129342,
                "branches": 21079335300,
                "branch-misses": 599119995,
                "max-rss": 1436416,
                "wall-time": 46.150000000000006
            },
            "sqlite3": {
                "task-clock": 62645.184362,
                "context-switches": 482,
                "cpu-migrations": 1,
                "page-faults": 110163,
                "cycles": 193020272213,
                "instructions": 151817096462,
                "branches": 32491949985,
                "branch-misses": 846989568,
                "max-rss": 503612,
                "wall-time": 62.800000000000004
            },
            "consumer-typeset": {
                "task-clock": 38928.39782399998,
                "context-switches": 879,
                "cpu-migrations": 1,
                "page-faults": 216584,
                "cycles": 119495811709,
                "instructions": 95495694780,
                "branches": 20255824154,
                "branch-misses": 544026472,
                "max-rss": 2969472,
                "wall-time": 40.71
            },
            "Bullet": {
                "task-clock": 68922.068421,
                "context-switches": 3482,
                "cpu-migrations": 2,
                "page-faults": 562167,
                "cycles": 212243958705,
                "instructions": 157286417892,
                "branches": 33199603419,
                "branch-misses": 854686785,
                "max-rss": 7528328,
                "wall-time": 73.43
            },
            "tramp3d-v4": {
                "task-clock": 113616.17991199999,
                "context-switches": 544,
                "cpu-migrations": 1,
                "page-faults": 298445,
                "cycles": 350817071978,
                "instructions": 270999364362,
                "branches": 58641633680,
                "branch-misses": 1307198147,
                "max-rss": 1191656,
                "wall-time": 113.75999999999999
            },
            "mafft": {
                "task-clock": 22519.915731999998,
                "context-switches": 537,
                "cpu-migrations": 0,
                "page-faults": 126888,
                "cycles": 69232824022,
                "instructions": 68626977028,
                "branches": 14514653133,
                "branch-misses": 340476470,
                "max-rss": 1642424,
                "wall-time": 23.519999999999996
            },