{
    "config": 0,
    "clang_size": [],
    "data": {
        "ReleaseThinLTO": {
            "kimwitu++": {
                "task-clock": 41657.49547500001,
                "context-switches": 2206,
                "cpu-migrations": 88,
                "page-faults": 147304,
                "cycles": 127002760430,
                "instructions": 93097252321,
                "branches": 20205127504,
                "branch-misses": 577533093,
                "max-rss": 1205220,
                "wall-time": 38.390000000000015
            },
            "sqlite3": {
                "task-clock": 56267.526019,
                "context-switches": 3182,
                "cpu-migrations": 149,
                "page-faults": 61943,
                "cycles": 171347002425,
                "instructions": 139918437064,
                "branches": 30117802009,
                "branch-misses": 811111972,
                "max-rss": 316584,
                "wall-time": 68.63
            },
            "consumer-typeset": {
                "task-clock": 36846.14414399999,
                "context-switches": 2549,
                "cpu-migrations": 138,
                "page-faults": 187530,
                "cycles": 112425637243,
                "instructions": 91504624938,
                "branches": 19499783935,
                "branch-misses": 564308244,
                "max-rss": 2843444,
                "wall-time": 33.79999999999999
            },
            "Bullet": {
                "task-clock": 61991.637679,
                "context-switches": 5396,
                "cpu-migrations": 241,
                "page-faults": 497424,
                "cycles": 188186077420,
                "instructions": 139097392699,
                "branches": 29420287901,
                "branch-misses": 785493456,
                "max-rss": 7217376,
                "wall-time": 83.44000000000001
            },
            "tramp3d-v4": {
                "task-clock": 110408.55057600001,
                "context-switches": 3155,
                "cpu-migrations": 212,
                "page-faults": 128466,
                "cycles": 335864074744,
                "instructions": 285460804537,
                "branches": 62379865394,
                "branch-misses": 1358811034,
                "max-rss": 484252,
                "wall-time": 129.21
            },
            "mafft": {
                "task-clock": 21636.177072,
                "context-switches": 733,
                "cpu-migrations": 2,
                "page-faults": 110783,
                "cycles": 65736856874,
                "instructions": 57302799414,
                "branches": 12184665618,
                "branch-misses": 297722716,
                "max-rss": 1554920,
                "wall-time": 17.18
            },
            "ClamAV": {
                "task-clock": 50731.18090800002,
                "context-switches": 4020,
                "cpu-migrations": 232,
                "page-faults": 302614,
                "cycles": 154195452394,
                "instructions": 124581348124,
                "branches": 26667642828,
                "branch-misses": 806446233,
                "max-rss": 5226792,
                "wall-time": 54.21999999999999
            },
            "lencod": {
                "task-clock": 67854.348692,
                "context-switches": 4143,
                "cpu-migrations": 257,
                "page-faults": 229594,
                "cycles": 206752240010,
                "instructions": 190303117523,
                "branches": 39935867590,
                "branch-misses": 798404356,
                "max-rss": 3125108,
                "wall-time": 58.78
            },
            "SPASS": {
                "task-clock": 48685.62600199999,
                "context-switches": 3964,
                "cpu-migrations": 84,
                "page-faults": 175911,
                "cycles": 148009665521,
                "instructions": 115673698998,
                "branches": 24922764816,
                "branch-misses": 755433853,
                "max-rss": 2836692,
                "wall-time": 42.459999999999994
            },
            "7zip": {
                "task-clock": 144178.991323,
                "context-switches": 12657,
                "cpu-migrations": 310,
                "page-faults": 811953,
                "cycles": 438223264688,
                "instructions": 324700247905,
                "branches": 69572156598,
                "branch-misses": 2130926214,
                "max-rss": 12402348,
                "wall-time": 130.12999999999997
            },
            "geomean": {
                "task-clock": 56104.98838205386,
                "context-switches": 3365.7791908106033,
                "cpu-migrations": 111.12180863413727,
                "page-faults": 203232.84776290855,
                "cycles": 170711284562.55588,
                "instructions": 137496370456.18127,
                "branches": 29445566048.76498,
                "branch-misses": 783402739.6009651,
                "max-rss": 2254226.2983989017,
                "wall-time": 55.758218669351194
            }
        },
        "ReleaseLTO-g": {
            "kimwitu++": {
                "task-clock": 45302.100572,
                "context-switches": 1085,
                "cpu-migrations": 1,
                "page-faults": 206008,
                "cycles": 137360010621,
                "instructions": 96691235644,
                "branches": 20899590877,
                "branch-misses": 599499432,
                "max-rss": 1439752,
                "wall-time": 46.019999999999996
            },
            "sqlite3": {
                "task-clock": 61931.763949,
                "context-switches": 376,
                "cpu-migrations": 1,
                "page-faults": 110355,
                "cycles": 187298159727,
                "instructions": 149342765424,
                "branches": 31941998255,
                "branch-misses": 845555618,
                "max-rss": 504576,
                "wall-time": 62.06999999999999
            },
            "consumer-typeset": {
                "task-clock": 38718.65967799999,
                "context-switches": 878,
                "cpu-migrations": 1,
                "page-faults": 216745,
                "cycles": 117162166244,
                "instructions": 94113626272,
                "branches": 19946316295,
                "branch-misses": 542327361,
                "max-rss": 2977076,
                "wall-time": 40.57
            },
            "Bullet": {
                "task-clock": 69313.751229,
                "context-switches": 3492,
                "cpu-migrations": 1,
                "page-faults": 563156,
                "cycles": 210805116789,
                "instructions": 156391421311,
                "branches": 32981605965,
                "branch-misses": 858014789,
                "max-rss": 7541100,
                "wall-time": 73.66999999999997
            },
            "tramp3d-v4": {
                "task-clock": 112430.795213,
                "context-switches": 699,
                "cpu-migrations": 1,
                "page-faults": 298842,
                "cycles": 340060356014,
                "instructions": 266558461947,
                "branches": 57648504124,
                "branch-misses": 1311815781,
                "max-rss": 1192112,
                "wall-time": 112.57
            },
            "mafft": {
                "task-clock": 22315.94185,
                "context-switches": 572,
                "cpu-migrations": 0,
                "page-faults": 126608,
                "cycles": 67514019407,
                "instructions": 67262125335,
                "branches": 14232910569,
                "branch-misses": 338372931,
                "max-rss": 1643296,
                "wall-time": 23.27
            },