{
    "config": 0,
    "clang_size": [],
    "data": {
        "ReleaseThinLTO": {
            "kimwitu++": {
                "task-clock": 42527.21561899999,
                "context-switches": 2051,
                "cpu-migrations": 117,
                "page-faults": 148654,
                "cycles": 127760823737,
                "instructions": 93571225686,
                "branches": 20328135616,
                "branch-misses": 583546454,
                "max-rss": 1206932,
                "wall-time": 38.74000000000001
            },
            "sqlite3": {
                "task-clock": 57749.976593,
                "context-switches": 2696,
                "cpu-migrations": 142,
                "page-faults": 62002,
                "cycles": 173278905957,
                "instructions": 141529590723,
                "branches": 30464401723,
                "branch-misses": 816767001,
                "max-rss": 316704,
                "wall-time": 70.5
            },
            "consumer-typeset": {
                "task-clock": 37816.927056999986,
                "context-switches": 2517,
                "cpu-migrations": 138,
                "page-faults": 188488,
                "cycles": 113568375761,
                "instructions": 92565576087,
                "branches": 19743037618,
                "branch-misses": 570538495,
                "max-rss": 2832416,
                "wall-time": 34.69
            },
            "Bullet": {
                "task-clock": 62850.493421999985,
                "context-switches": 5338,
                "cpu-migrations": 324,
                "page-faults": 496332,
                "cycles": 188257097593,
                "instructions": 139678219125,
                "branches": 29570151170,
                "branch-misses": 789064545,
                "max-rss": 7195500,
                "wall-time": 84.53000000000002
            },
            "tramp3d-v4": {
                "task-clock": 112408.65986700001,
                "context-switches": 3293,
                "cpu-migrations": 237,
                "page-faults": 128091,
                "cycles": 337745915637,
                "instructions": 289707039053,
                "branches": 63316664860,
                "branch-misses": 1368261935,
                "max-rss": 484108,
                "wall-time": 131.43
            },
            "mafft": {
                "task-clock": 22025.055041000003,
                "context-switches": 673,
                "cpu-migrations": 6,
                "page-faults": 110259,
                "cycles": 66181057142,
                "instructions": 58021730589,
                "branches": 12331717664,
                "branch-misses": 299348113,
                "max-rss": 1545324,
                "wall-time": 17.58
            },
            "ClamAV": {
                "task-clock": 52845.496422000026,
                "context-switches": 4162,
                "cpu-migrations": 185,
                "page-faults": 302612,
                "cycles": 158369256972,
                "instructions": 129108015968,
                "branches": 27580885544,
                "branch-misses": 815595719,
                "max-rss": 5214396,
                "wall-time": 55.760000000000005
            },
            "lencod": {
                "task-clock": 70058.535668,
                "context-switches": 4355,
                "cpu-migrations": 297,
                "page-faults": 230023,
                "cycles": 209989042389,
                "instructions": 194193869078,
                "branches": 40735854060,
                "branch-misses": 807763426,
                "max-rss": 3118300,
                "wall-time": 61.28
            },
            "SPASS": {
                "task-clock": 49866.183667000005,
                "context-switches": 4370,
                "cpu-migrations": 125,
                "page-faults": 175459,
                "cycles": 149424995112,
                "instructions": 116975373122,
                "branches": 25206424426,
                "branch-misses": 761767629,
                "max-rss": 2824864,
                "wall-time": 44.12
            },
            "7zip": {
                "task-clock": 148004.485621,
                "context-switches": 12513,
                "cpu-migrations": 347,
                "page-faults": 810967,
                "cycles": 443465650994,
                "instructions": 330347683867,
                "branches": 70751529031,
                "branch-misses": 2149656056,
                "max-rss": 12382180,
                "wall-time": 133.47999999999996
            },
            "geomean": {
                "task-clock": 57497.37939497718,
                "context-switches": 3320.9988445090185,
                "cpu-migrations": 138.0691198833402,
                "page-faults": 203301.56357900912,
                "cycles": 172489503820.02698,
                "instructions": 139488110684.90552,
                "branches": 29871232566.571793,
                "branch-misses": 790108526.2696046,
                "max-rss": 2249278.716457588,
                "wall-time": 57.16063574852707
            }
        },
        "ReleaseLTO-g": {
            "kimwitu++": {
                "task-clock": 46143.867117999995,
                "context-switches": 1043,
                "cpu-migrations": 1,
                "page-faults": 205716,
                "cycles": 138232341035,
                "instructions": 97281215993,
                "branches": 21044147377,
                "branch-misses": 598789094,
                "max-rss": 1437240,
                "wall-time": 46.760000000000005
            },
            "sqlite3": {
                "task-clock": 62784.65503,
                "context-switches": 536,
                "cpu-migrations": 1,
                "page-faults": 109952,
                "cycles": 187834628203,
                "instructions": 151020598620,
                "branches": 32312886071,
                "branch-misses": 847066008,
                "max-rss": 502048,
                "wall-time": 62.949999999999996
            },
            "consumer-typeset": {
                "task-clock": 39341.734859,
                "context-switches": 839,
                "cpu-migrations": 2,
                "page-faults": 216628,
                "cycles": 118033299456,
                "instructions": 95267208711,
                "branches": 20205671553,
                "branch-misses": 545999626,
                "max-rss": 2965540,
                "wall-time": 41.179999999999986
            },
            "Bullet": {
                "task-clock": 70288.74752300001,
                "context-switches": 3007,
                "cpu-migrations": 2,
                "page-faults": 562062,
                "cycles": 210567382177,
                "instructions": 157083391865,
                "branches": 33157381724,
                "branch-misses": 861081208,
                "max-rss": 7513544,
                "wall-time": 74.69000000000001
            },
            "tramp3d-v4": {
                "task-clock": 113590.556509,
                "context-switches": 1090,
                "cpu-migrations": 1,
                "page-faults": 298637,
                "cycles": 341240911602,
                "instructions": 269842782994,
                "branches": 58387345694,
                "branch-misses": 1313001080,
                "max-rss": 1190780,
                "wall-time": 113.8
            },
            "mafft": {
                "task-clock": 22688.084047000004,
                "context-switches": 583,
                "cpu-migrations": 0,
                "page-faults": 126395,
                "cycles": 68121635585,
                "instructions": 68392284485,
                "branches": 14460802863,
                "branch-misses": 338694180,
                "max-rss": 1638180,
                "wall-time": 23.690000000000005
            },