{
    "config": 0,
    "clang_size": [],
    "data": {
        "ReleaseThinLTO": {
            "kimwitu++": {
                "task-clock": 42340.497709999996,
                "context-switches": 1992,
                "cpu-migrations": 79,
                "page-faults": 146999,
                "cycles": 127526203310,
                "instructions": 94036842099,
                "branches": 20427755450,
                "branch-misses": 580227150,
                "max-rss": 1202996,
                "wall-time": 38.49
            },
            "sqlite3": {
                "task-clock": 58080.69502299999,
                "context-switches": 2591,
                "cpu-migrations": 157,
                "page-faults": 62148,
                "cycles": 174118567209,
                "instructions": 142720719429,
                "branches": 30730474814,
                "branch-misses": 819451687,
                "max-rss": 318672,
                "wall-time": 70.62
            },
            "consumer-typeset": {
                "task-clock": 38023.11424499999,
                "context-switches": 2407,
                "cpu-migrations": 121,
                "page-faults": 186629,
                "cycles": 114042376214,
                "instructions": 93001957801,
                "branches": 19839100990,
                "branch-misses": 571788883,
                "max-rss": 2833836,
                "wall-time": 34.440000000000005
            },
            "Bullet": {
                "task-clock": 62467.64566400001,
                "context-switches": 5188,
                "cpu-migrations": 243,
                "page-faults": 496963,
                "cycles": 187886150450,
                "instructions": 139946648078,
                "branches": 29625274037,
                "branch-misses": 787247104,
                "max-rss": 7207148,
                "wall-time": 84.35
            },
            "tramp3d-v4": {
                "task-clock": 112650.65622500001,
                "context-switches": 4031,
                "cpu-migrations": 235,
                "page-faults": 128041,
                "cycles": 338948254791,
                "instructions": 291509466901,
                "branches": 63714403654,
                "branch-misses": 1359168456,
                "max-rss": 483076,
                "wall-time": 131.74
            },
            "mafft": {
                "task-clock": 21958.595697999997,
                "context-switches": 714,
                "cpu-migrations": 1,
                "page-faults": 110231,
                "cycles": 66036098756,
                "instructions": 58336305570,
                "branches": 12400515132,
                "branch-misses": 299178431,
                "max-rss": 1554412,
                "wall-time": 17.39
            },
            "ClamAV": {
                "task-clock": 52838.360600000015,
                "context-switches": 4259,
                "cpu-migrations": 281,
                "page-faults": 302505,
                "cycles": 158167087107,
                "instructions": 129666384675,
                "branches": 27700352679,
                "branch-misses": 814323509,
                "max-rss": 5220872,
                "wall-time": 57
            },
            "lencod": {
                "task-clock": 69983.88755900001,
                "context-switches": 4138,
                "cpu-migrations": 224,
                "page-faults": 229006,
                "cycles": 210291286299,
                "instructions": 194712920014,
                "branches": 40839945133,
                "branch-misses": 804864902,
                "max-rss": 3115532,
                "wall-time": 61.18000000000001
            },
            "SPASS": {
                "task-clock": 50007.021264,
                "context-switches": 3528,
                "cpu-migrations": 105,
                "page-faults": 174552,
                "cycles": 149565590230,
                "instructions": 117663464929,
                "branches": 25360446903,
                "branch-misses": 759594616,
                "max-rss": 2820484,
                "wall-time": 43.61
            },
            "7zip": {
                "task-clock": 146718.76168000005,
                "context-switches": 12683,
                "cpu-migrations": 405,
                "page-faults": 810292,
                "cycles": 441474015576,
                "instructions": 331032646247,
                "branches": 70889835171,
                "branch-misses": 2143665508,
                "max-rss": 12385380,
                "wall-time": 132.23999999999995
            },
            "geomean": {
                "task-clock": 57455.19343773995,
                "context-switches": 3284.878048812876,
                "cpu-migrations": 108.6571953924622,
                "page-faults": 202714.27503628316,
                "cycles": 172543839611.354,
                "instructions": 140138216827.17276,
                "branches": 30012093803.852802,
                "branch-misses": 788484318.8417977,
                "max-rss": 2251042.05265746,
                "wall-time": 57.02790731208911
            }
        },
        "ReleaseLTO-g": {
            "kimwitu++": {
                "task-clock": 45942.41012300001,
                "context-switches": 729,
                "cpu-migrations": 1,
                "page-faults": 206002,
                "cycles": 137503229281,
                "instructions": 97512818480,
                "branches": 21091967424,
                "branch-misses": 598606314,
                "max-rss": 1440412,
                "wall-time": 46.53000000000001
            },
            "sqlite3": {
                "task-clock": 63010.922701999996,
                "context-switches": 368,
                "cpu-migrations": 2,
                "page-faults": 110125,
                "cycles": 189345216994,
                "instructions": 152004539954,
                "branches": 32526337305,
                "branch-misses": 849111886,
                "max-rss": 503676,
                "wall-time": 63.169999999999995
            },
            "consumer-typeset": {
                "task-clock": 39384.91146100001,
                "context-switches": 920,
                "cpu-migrations": 1,
                "page-faults": 216143,
                "cycles": 118113835724,
                "instructions": 95617613510,
                "branches": 20281587491,
                "branch-misses": 546425925,
                "max-rss": 2966560,
                "wall-time": 41.239999999999995
            },
            "Bullet": {
                "task-clock": 70063.81659600002,
                "context-switches": 2674,
                "cpu-migrations": 2,
                "page-faults": 561691,
                "cycles": 210021581779,
                "instructions": 157422162964,
                "branches": 33225535277,
                "branch-misses": 858042130,
                "max-rss": 7517200,
                "wall-time": 74.38
            },
            "tramp3d-v4": {
                "task-clock": 114158.74377999999,
                "context-switches": 1241,
                "cpu-migrations": 1,
                "page-faults": 298665,
                "cycles": 342387032839,
                "instructions": 271254042072,
                "branches": 58704198340,
                "branch-misses": 1308250508,
                "max-rss": 1191632,
                "wall-time": 114.33
            },
            "mafft": {
                "task-clock": 22790.025286,
                "context-switches": 529,
                "cpu-migrations": 0,
                "page-faults": 126617,
                "cycles": 68338557829,
                "instructions": 68712564069,
                "branches": 14533395978,
                "branch-misses": 341146101,
                "max-rss": 1640392,
                "wall-time": 23.770000000000007
            },