{
    "config": 0,
    "clang_size": [],
    "data": {
        "ReleaseThinLTO": {
            "kimwitu++": {
                "task-clock": 42603.808698999994,
                "context-switches": 2163,
                "cpu-migrations": 104,
                "page-faults": 148514,
                "cycles": 128442537946,
                "instructions": 93560970941,
                "branches": 20326687068,
                "branch-misses": 579278761,
                "max-rss": 1209156,
                "wall-time": 38.66999999999999
            },
            "sqlite3": {
                "task-clock": 58403.433046,
                "context-switches": 2644,
                "cpu-migrations": 138,
                "page-faults": 61702,
                "cycles": 176415229866,
                "instructions": 141659910669,
                "branches": 30495894254,
                "branch-misses": 815917942,
                "max-rss": 317300,
                "wall-time": 72.64
            },
            "consumer-typeset": {
                "task-clock": 37799.53070599998,
                "context-switches": 2464,
                "cpu-migrations": 87,
                "page-faults": 186905,
                "cycles": 114190348662,
                "instructions": 92609718208,
                "branches": 19750775757,
                "branch-misses": 567560505,
                "max-rss": 2835672,
                "wall-time": 34.279999999999994
            },
            "Bullet": {
                "task-clock": 62756.877482000025,
                "context-switches": 5463,
                "cpu-migrations": 236,
                "page-faults": 497264,
                "cycles": 189321468069,
                "instructions": 139743696639,
                "branches": 29578798102,
                "branch-misses": 784509129,
                "max-rss": 7208380,
                "wall-time": 84.91999999999999
            },
            "tramp3d-v4": {
                "task-clock": 113305.82689699999,
                "context-switches": 3185,
                "cpu-migrations": 199,
                "page-faults": 128406,
                "cycles": 342155572718,
                "instructions": 289756359627,
                "branches": 63324442626,
                "branch-misses": 1362113306,
                "max-rss": 484324,
                "wall-time": 133.01999999999998
            },
            "mafft": {
                "task-clock": 22090.885072999998,
                "context-switches": 939,
                "cpu-migrations": 15,
                "page-faults": 111248,
                "cycles": 66782983182,
                "instructions": 58008361477,
                "branches": 12327904379,
                "branch-misses": 300829448,
                "max-rss": 1548704,
                "wall-time": 17.92
            },
            "ClamAV": {
                "task-clock": 52667.54219099996,
                "context-switches": 4071,
                "cpu-migrations": 208,
                "page-faults": 301672,
                "cycles": 158920711432,
                "instructions": 129116191161,
                "branches": 27583462506,
                "branch-misses": 813054809,
                "max-rss": 5218316,
                "wall-time": 55.77999999999997
            },
            "lencod": {
                "task-clock": 69592.131612,
                "context-switches": 4139,
                "cpu-migrations": 245,
                "page-faults": 228851,
                "cycles": 210268444122,
                "instructions": 194227757843,
                "branches": 40740329062,
                "branch-misses": 805592404,
                "max-rss": 3122816,
                "wall-time": 60.43000000000001
            },
            "SPASS": {
                "task-clock": 49326.391626,
                "context-switches": 3947,
                "cpu-migrations": 162,
                "page-faults": 174585,
                "cycles": 149069890610,
                "instructions": 117023062891,
                "branches": 25216514488,
                "branch-misses": 755942504,
                "max-rss": 2820268,
                "wall-time": 43.17
            },
            "7zip": {
                "task-clock": 147171.053749,
                "context-switches": 12699,
                "cpu-migrations": 368,
                "page-faults": 810685,
                "cycles": 444223016774,
                "instructions": 330440494401,
                "branches": 70769907673,
                "branch-misses": 2144837170,
                "max-rss": 12393984,
                "wall-time": 132.83999999999997
            },
            "geomean": {
                "task-clock": 57471.22887440906,
                "context-switches": 3379.7128904969336,
                "cpu-migrations": 138.89545248635773,
                "page-faults": 203006.47895772578,
                "cycles": 173536535945.03885,
                "instructions": 139524693645.56595,
                "branches": 29878172397.516666,
                "branch-misses": 787371356.4968472,
                "max-rss": 2251712.0747329164,
                "wall-time": 57.22815931431976
            }
        },
        "ReleaseLTO-g": {
            "kimwitu++": {
                "task-clock": 46128.883480000004,
                "context-switches": 1133,
                "cpu-migrations": 1,
                "page-faults": 205913,
                "cycles": 139406934714,
                "instructions": 97176348400,
                "branches": 21012904487,
                "branch-misses": 601765048,
                "max-rss": 1443152,
                "wall-time": 46.74000000000001
            },
            "sqlite3": {
                "task-clock": 63332.121480999995,
                "context-switches": 482,
                "cpu-migrations": 2,
                "page-faults": 110302,
                "cycles": 191190007977,
                "instructions": 151113850249,
                "branches": 32329881909,
                "branch-misses": 844545703,
                "max-rss": 504448,
                "wall-time": 63.52
            },
            "consumer-typeset": {
                "task-clock": 39386.51769400002,
                "context-switches": 897,
                "cpu-migrations": 1,
                "page-faults": 217036,
                "cycles": 119115190213,
                "instructions": 95267522447,
                "branches": 20202805272,
                "branch-misses": 544605219,
                "max-rss": 2976384,
                "wall-time": 41.33000000000001
            },
            "Bullet": {
                "task-clock": 69987.95740500002,
                "context-switches": 3577,
                "cpu-migrations": 2,
                "page-faults": 562182,
                "cycles": 211420591041,
                "instructions": 157099199524,
                "branches": 33151380800,
                "branch-misses": 856195283,
                "max-rss": 7527344,
                "wall-time": 74.52000000000001
            },
            "tramp3d-v4": {
                "task-clock": 114933.58186199999,
                "context-switches": 486,
                "cpu-migrations": 2,
                "page-faults": 298822,
                "cycles": 348087612511,
                "instructions": 270079568785,
                "branches": 58421817177,
                "branch-misses": 1312300030,
                "max-rss": 1191964,
                "wall-time": 115.08
            },
            "mafft": {
                "task-clock": 22712.670262999996,
                "context-switches": 561,
                "cpu-migrations": 1,
                "page-faults": 128015,
                "cycles": 68617020367,
                "instructions": 68396443579,
                "branches": 14463071323,
                "branch-misses": 338497619,
                "max-rss": 1640324,
                "wall-time": 23.719999999999995
            },