{
    "config": 0,
    "clang_size": [],
    "data": {
        "ReleaseThinLTO": {
            "kimwitu++": {
                "task-clock": 42789.332876,
                "context-switches": 1759,
                "cpu-migrations": 68,
                "page-faults": 147050,
                "cycles": 128919344321,
                "instructions": 93912179912,
                "branches": 20406411796,
                "branch-misses": 580956255,
                "max-rss": 1204040,
                "wall-time": 39.18
            },
            "sqlite3": {
                "task-clock": 58916.671479000004,
                "context-switches": 3127,
                "cpu-migrations": 144,
                "page-faults": 62071,
                "cycles": 177355350000,
                "instructions": 142414023154,
                "branches": 30668856130,
                "branch-misses": 814688361,
                "max-rss": 317268,
                "wall-time": 72.26
            },
            "consumer-typeset": {
                "task-clock": 38016.70789799999,
                "context-switches": 2456,
                "cpu-migrations": 84,
                "page-faults": 187002,
                "cycles": 114383444083,
                "instructions": 92885542738,
                "branches": 19818019597,
                "branch-misses": 563534391,
                "max-rss": 2829988,
                "wall-time": 34.67
            },
            "Bullet": {
                "task-clock": 63027.624692000005,
                "context-switches": 5604,
                "cpu-migrations": 254,
                "page-faults": 496636,
                "cycles": 189439118182,
                "instructions": 139829487170,
                "branches": 29604160110,
                "branch-misses": 786293365,
                "max-rss": 7207588,
                "wall-time": 85.17999999999998
            },
            "tramp3d-v4": {
                "task-clock": 114517.744107,
                "context-switches": 3842,
                "cpu-migrations": 182,
                "page-faults": 128098,
                "cycles": 343652764548,
                "instructions": 291241386200,
                "branches": 63667618186,
                "branch-misses": 1372709574,
                "max-rss": 483380,
                "wall-time": 134.12
            },
            "mafft": {
                "task-clock": 22283.19909100001,
                "context-switches": 812,
                "cpu-migrations": 4,
                "page-faults": 110497,
                "cycles": 67038867974,
                "instructions": 58273339948,
                "branches": 12388268100,
                "branch-misses": 299624195,
                "max-rss": 1551476,
                "wall-time": 17.849999999999998
            },
            "ClamAV": {
                "task-clock": 52882.62081699997,
                "context-switches": 4103,
                "cpu-migrations": 232,
                "page-faults": 300622,
                "cycles": 158945757466,
                "instructions": 129379066218,
                "branches": 27645559640,
                "branch-misses": 815517214,
                "max-rss": 5223696,
                "wall-time": 56.08999999999999
            },
            "lencod": {
                "task-clock": 70164.621214,
                "context-switches": 3975,
                "cpu-migrations": 303,
                "page-faults": 228220,
                "cycles": 211190334001,
                "instructions": 194386553773,
                "branches": 40779412993,
                "branch-misses": 808430711,
                "max-rss": 3111904,
                "wall-time": 60.6
            },
            "SPASS": {
                "task-clock": 49949.172431,
                "context-switches": 3888,
                "cpu-migrations": 92,
                "page-faults": 175350,
                "cycles": 150197383903,
                "instructions": 117512525473,
                "branches": 25332609539,
                "branch-misses": 761763732,
                "max-rss": 2826608,
                "wall-time": 43.72
            },
            "7zip": {
                "task-clock": 148327.74286099995,
                "context-switches": 12598,
                "cpu-migrations": 349,
                "page-faults": 812845,
                "cycles": 445241132381,
                "instructions": 330497855744,
                "branches": 70789397226,
                "branch-misses": 2150644763,
                "max-rss": 12385316,
                "wall-time": 133.82
            },
            "geomean": {
                "task-clock": 57904.342288929365,
                "context-switches": 3369.535303730205,
                "cpu-migrations": 113.12692059640824,
                "page-faults": 202741.14858380854,
                "cycles": 174125443369.20544,
                "instructions": 139937064819.575,
                "branches": 29974509982.103996,
                "branch-misses": 788725792.5027544,
                "max-rss": 2250014.0154696587,
                "wall-time": 57.54326332561919
            }
        },
        "ReleaseLTO-g": {
            "kimwitu++": {
                "task-clock": 46293.090229,
                "context-switches": 1079,
                "cpu-migrations": 1,
                "page-faults": 206009,
                "cycles": 139434525275,
                "instructions": 97439963377,
                "branches": 21075403654,
                "branch-misses": 595216752,
                "max-rss": 1438772,
                "wall-time": 46.900000000000006
            },
            "sqlite3": {
                "task-clock": 63690.64425,
                "context-switches": 552,
                "cpu-migrations": 1,
                "page-faults": 110030,
                "cycles": 191814610960,
                "instructions": 151635944634,
                "branches": 32447921869,
                "branch-misses": 844579626,
                "max-rss": 502836,
                "wall-time": 63.84
            },
            "consumer-typeset": {
                "task-clock": 39782.765472999985,
                "context-switches": 814,
                "cpu-migrations": 1,
                "page-faults": 216517,
                "cycles": 119631852044,
                "instructions": 95520782599,
                "branches": 20262500093,
                "branch-misses": 545659195,
                "max-rss": 2970336,
                "wall-time": 41.73000000000001
            },
            "Bullet": {
                "task-clock": 70089.13583000001,
                "context-switches": 3597,
                "cpu-migrations": 2,
                "page-faults": 561974,
                "cycles": 210931765033,
                "instructions": 157321874196,
                "branches": 33207290261,
                "branch-misses": 855501850,
                "max-rss": 7519972,
                "wall-time": 74.58999999999999
            },
            "tramp3d-v4": {
                "task-clock": 116699.099804,
                "context-switches": 628,
                "cpu-migrations": 1,
                "page-faults": 298831,
                "cycles": 350790522475,
                "instructions": 270903822106,
                "branches": 58623512649,
                "branch-misses": 1306856679,
                "max-rss": 1192092,
                "wall-time": 116.87
            },
            "mafft": {
                "task-clock": 22819.255031000004,
                "context-switches": 593,
                "cpu-migrations": 1,
                "page-faults": 126706,
                "cycles": 68766143371,
                "instructions": 68641606174,
                "branches": 14517697546,
                "branch-misses": 338171506,
                "max-rss": 1637980,
                "wall-time": 23.840000000000003
            },
            "ClamAV": {
                "task-clock": 60773.96047699998,