{
    "config": 0,
    "clang_size": {
        "size-text": 65554677,
        "size-data": 2702800,
        "size-bss": 248464,
        "size-total": 68505941
    },
    "data": {
        "ReleaseThinLTO": {
            "kimwitu++": {
                "task-clock": 30769.798729,
                "context-switches": 1726,
                "cpu-migrations": 123,
                "page-faults": 159503,
                "cycles": 103606950980,
                "instructions": 89707491823,
                "branches": 19398206750,
                "branch-misses": 491680656,
                "max-rss": 1135512,
                "wall-time": 28.6,
                "size-text": 791812,
                "size-data": 25992,
                "size-bss": 12560,
                "size-total": 830364
            },
            "sqlite3": {
                "task-clock": 46170.39517,
                "context-switches": 2113,
                "cpu-migrations": 90,
                "page-faults": 62915,
                "cycles": 155442669096,
                "instructions": 140868332839,
                "branches": 30449657973,
                "branch-misses": 766095532,
                "max-rss": 306572,
                "wall-time": 56.38000000000001,
                "size-text": 811274,
                "size-data": 3095,
                "size-bss": 624,
                "size-total": 814993
            },
            "consumer-typeset": {
                "task-clock": 29094.906654999995,
                "context-switches": 2280,
                "cpu-migrations": 111,
                "page-faults": 240048,
                "cycles": 97949393648,
                "instructions": 90988657587,
                "branches": 19413610376,
                "branch-misses": 521630708,
                "max-rss": 2619592,
                "wall-time": 27.22,
                "size-text": 687570,
                "size-data": 3768,
                "size-bss": 65200,
                "size-total": 756538
            },
            "Bullet": {
                "task-clock": 46329.948755,
                "context-switches": 4417,
                "cpu-migrations": 244,
                "page-faults": 619857,
                "cycles": 155791871406,
                "instructions": 137384198752,
                "branches": 28989511527,
                "branch-misses": 689906805,
                "max-rss": 6671708,
                "wall-time": 63.780000000000015,
                "size-text": 400612,
                "size-data": 403704,
                "size-bss": 43328,
                "size-total": 847644
            },
            "tramp3d-v4": {
                "task-clock": 89036.472342,
                "context-switches": 2503,
                "cpu-migrations": 164,
                "page-faults": 127101,
                "cycles": 299969508471,
                "instructions": 289254921396,
                "branches": 63454968682,
                "branch-misses": 1248433101,
                "max-rss": 475632,
                "wall-time": 103.94,
                "size-text": 901690,
                "size-data": 1800,
                "size-bss": 1848,
                "size-total": 905338
            },
            "mafft": {
                "task-clock": 17429.92141,
                "context-switches": 718,
                "cpu-migrations": 31,
                "page-faults": 136602,
                "cycles": 58707034060,
                "instructions": 58180473839,
                "branches": 12375248462,
                "branch-misses": 287680754,
                "max-rss": 1441356,
                "wall-time": 14.180000000000005,
                "size-text": 280825,
                "size-data": 3052,
                "size-bss": 14911040,
                "size-total": 15194917
            },
            "ClamAV": {
                "task-clock": 40754.13220699999,
                "context-switches": 3634,
                "cpu-migrations": 208,
                "page-faults": 401235,
                "cycles": 137071693803,
                "instructions": 127004576575,
                "branches": 27172107680,
                "branch-misses": 751754996,
                "max-rss": 4826284,
                "wall-time": 44.09999999999999,
                "size-text": 793917,
                "size-data": 52872,
                "size-bss": 4752,
                "size-total": 851541
            },
            "lencod": {
                "task-clock": 56182.943545,
                "context-switches": 3890,
                "cpu-migrations": 255,
                "page-faults": 278222,
                "cycles": 189169763537,
                "instructions": 196938994854,
                "branches": 41510244749,
                "branch-misses": 761854037,
                "max-rss": 2879372,
                "wall-time": 49.330000000000005,
                "size-text": 969107,
                "size-data": 2144,
                "size-bss": 106176,
                "size-total": 1077427
            },
            "SPASS": {
                "task-clock": 37142.417231,
                "context-switches": 3429,
                "cpu-migrations": 124,
                "page-faults": 227274,
                "cycles": 124922585603,
                "instructions": 113651856269,
                "branches": 24500581656,
                "branch-misses": 687804484,
                "max-rss": 2626916,
                "wall-time": 32.86,
                "size-text": 625648,
                "size-data": 872,
                "size-bss": 346536,
                "size-total": 973056
            },
            "7zip": {
                "task-clock": 109890.50286600002,
                "context-switches": 11360,
                "cpu-migrations": 462,
                "page-faults": 1029766,
                "cycles": 369545958774,
                "instructions": 323443347346,
                "branches": 69199906211,
                "branch-misses": 1927013627,
                "max-rss": 11472472,
                "wall-time": 101.28,
                "size-text": 1462057,
                "size-data": 4176,
                "size-bss": 29280,
                "size-total": 1495513
            },
            "geomean": {
                "task-clock": 44092.39478861644,
                "context-switches": 2857.898608159013,
                "cpu-migrations": 146.74837958197517,
                "page-faults": 241590.4299038801,
                "cycles": 148401464149.83035,
                "instructions": 137662292839.4599,
                "branches": 29500347326.60727,
                "branch-misses": 719067002.736849,
                "max-rss": 2109721.3945600977,
                "wall-time": 44.414662267350366,
                "size-text": 707744.4507162103,
                "size-data": 6987.56535283568,
                "size-bss": 35437.433332268796,
                "size-total": 1230692.9583729566
            }
        },
        "O3": {
            "kimwitu++": {
                "task-clock": 23473.840638000005,
                "context-switches": 769,
                "cpu-migrations": 15,
                "page-faults": 155131,
                "cycles": 78961146782,
                "instructions": 63973792863,
                "branches": 13764478796,
                "branch-misses": 390940376,
                "max-rss": 1162736,
                "wall-time": 24.060000000000002,
                "size-text": 809721,
                "size-data": 31168,
                "size-bss": 12592,
                "size-total": 853481
            },
            "sqlite3": {
                "task-clock": 31603.632847,
                "context-switches": 224,
                "cpu-migrations": 4,
                "page-faults": 42297,
                "cycles": 106507121988,
                "instructions": 93282916926,
                "branches": 20009805759,
                "branch-misses": 550238174,
                "max-rss": 247668,
                "wall-time": 31.76,