{
    "config": 0,
    "clang_size": [],
    "data": {
        "ReleaseThinLTO": {
            "kimwitu++": {
                "task-clock": 41031.401776000006,
                "context-switches": 2397,
                "cpu-migrations": 86,
                "page-faults": 147136,
                "cycles": 127827534230,
                "instructions": 93797659960,
                "branches": 20365223790,
                "branch-misses": 579284705,
                "max-rss": 1202864,
                "wall-time": 37.63
            },
            "sqlite3": {
                "task-clock": 55075.526258,
                "context-switches": 2377,
                "cpu-migrations": 150,
                "page-faults": 62149,
                "cycles": 173365993950,
                "instructions": 142571323476,
                "branches": 30652190009,
                "branch-misses": 811964298,
                "max-rss": 316240,
                "wall-time": 67.28999999999999
            },
            "consumer-typeset": {
                "task-clock": 35942.862249,
                "context-switches": 2502,
                "cpu-migrations": 198,
                "page-faults": 188087,
                "cycles": 113879912266,
                "instructions": 92943616800,
                "branches": 19798026405,
                "branch-misses": 566086698,
                "max-rss": 2816104,
                "wall-time": 33.580000000000005
            },
            "Bullet": {
                "task-clock": 60770.855697,
                "context-switches": 5214,
                "cpu-migrations": 248,
                "page-faults": 496115,
                "cycles": 188233390922,
                "instructions": 139757451623,
                "branches": 29567427745,
                "branch-misses": 786564030,
                "max-rss": 7191320,
                "wall-time": 82.96000000000001
            },
            "tramp3d-v4": {
                "task-clock": 109050.036426,
                "context-switches": 3050,
                "cpu-migrations": 243,
                "page-faults": 129289,
                "cycles": 338614836253,
                "instructions": 291362881992,
                "branches": 63601412320,
                "branch-misses": 1364947617,
                "max-rss": 486896,
                "wall-time": 126.99000000000001
            },
            "mafft": {
                "task-clock": 20836.627938999998,
                "context-switches": 683,
                "cpu-migrations": 4,
                "page-faults": 111192,
                "cycles": 66246513918,
                "instructions": 58266580312,
                "branches": 12367278257,
                "branch-misses": 298660638,
                "max-rss": 1547700,
                "wall-time": 16.52
            },
            "ClamAV": {
                "task-clock": 50991.150658999984,
                "context-switches": 3745,
                "cpu-migrations": 159,
                "page-faults": 300952,
                "cycles": 157794051454,
                "instructions": 129693112280,
                "branches": 27641685302,
                "branch-misses": 817842662,
                "max-rss": 5200360,
                "wall-time": 53.37000000000001
            },
            "lencod": {
                "task-clock": 67827.004552,
                "context-switches": 4261,
                "cpu-migrations": 195,
                "page-faults": 229533,
                "cycles": 209828837936,
                "instructions": 194599904477,
                "branches": 40725076130,
                "branch-misses": 812399534,
                "max-rss": 3111636,
                "wall-time": 59.51
            },
            "SPASS": {
                "task-clock": 47692.91141,
                "context-switches": 4159,
                "cpu-migrations": 92,
                "page-faults": 174701,
                "cycles": 149692134755,
                "instructions": 117522042640,
                "branches": 25294926866,
                "branch-misses": 760237997,
                "max-rss": 2814468,
                "wall-time": 41.86
            },
            "7zip": {
                "task-clock": 144968.429938,
                "context-switches": 12180,
                "cpu-migrations": 342,
                "page-faults": 810090,
                "cycles": 443138822015,
                "instructions": 330970668334,
                "branches": 70760310034,
                "branch-misses": 2147639892,
                "max-rss": 12364792,
                "wall-time": 129.94999999999993
            },
            "geomean": {
                "task-clock": 55315.40534434533,
                "context-switches": 3234.056222147537,
                "cpu-migrations": 119.6359910378211,
                "page-faults": 203184.24873259358,
                "cycles": 172555803786.6761,
                "instructions": 140011621538.37796,
                "branches": 29941783165.779823,
                "branch-misses": 788259196.3219259,
                "max-rss": 2246166.236748286,
                "wall-time": 55.05130784439171
            }
        },
        "ReleaseLTO-g": {
            "kimwitu++": {
                "task-clock": 44243.902394,
                "context-switches": 1077,
                "cpu-migrations": 1,
                "page-faults": 205718,
                "cycles": 137792288239,
                "instructions": 97443699384,
                "branches": 21069592216,
                "branch-misses": 593607225,
                "max-rss": 1435516,
                "wall-time": 44.85000000000001
            },
            "sqlite3": {
                "task-clock": 60429.680187000005,
                "context-switches": 389,
                "cpu-migrations": 1,
                "page-faults": 110130,
                "cycles": 189521803040,
                "instructions": 151968186945,
                "branches": 32472697128,
                "branch-misses": 846402182,
                "max-rss": 503168,
                "wall-time": 60.56
            },
            "consumer-typeset": {
                "task-clock": 37789.316473,
                "context-switches": 864,
                "cpu-migrations": 1,
                "page-faults": 216319,
                "cycles": 118145516017,
                "instructions": 95557179499,
                "branches": 20239741090,
                "branch-misses": 543946867,
                "max-rss": 2964312,
                "wall-time": 39.639999999999986
            },
            "Bullet": {
                "task-clock": 67141.23838400001,
                "context-switches": 3092,
                "cpu-migrations": 3,
                "page-faults": 561715,
                "cycles": 210951260653,
                "instructions": 157294146474,
                "branches": 33176793031,
                "branch-misses": 858910551,
                "max-rss": 7510944,
                "wall-time": 71.35000000000001
            },
            "tramp3d-v4": {
                "task-clock": 109838.352816,
                "context-switches": 687,
                "cpu-migrations": 1,
                "page-faults": 298787,
                "cycles": 343205719699,
                "instructions": 270714479697,
                "branches": 58514428928,
                "branch-misses": 1301946439,
                "max-rss": 1192096,
                "wall-time": 110.00999999999999
            },
            "mafft": {
                "task-clock": 22004.960771000002,
                "context-switches": 561,
                "cpu-migrations": 0,
                "page-faults": 126015,
                "cycles": 68100599443,
                "instructions": 68650825833,
                "branches": 14496100390,
                "branch-misses": 339413807,
                "max-rss": 1638860,
                "wall-time": 22.979999999999997
            },