{
    "config": 0,
    "clang_size": [],
    "data": {
        "ReleaseThinLTO": {
            "kimwitu++": {
                "task-clock": 42449.648753,
                "context-switches": 2911,
                "cpu-migrations": 135,
                "page-faults": 148626,
                "cycles": 128552419363,
                "instructions": 93564065892,
                "branches": 20321718644,
                "branch-misses": 578742126,
                "max-rss": 1210628,
                "wall-time": 39.46
            },
            "sqlite3": {
                "task-clock": 58095.475972,
                "context-switches": 2657,
                "cpu-migrations": 162,
                "page-faults": 62065,
                "cycles": 175723639336,
                "instructions": 141656026404,
                "branches": 30491612403,
                "branch-misses": 814033828,
                "max-rss": 318520,
                "wall-time": 71.44
            },
            "consumer-typeset": {
                "task-clock": 37717.11493699999,
                "context-switches": 2450,
                "cpu-migrations": 110,
                "page-faults": 189103,
                "cycles": 114148234213,
                "instructions": 92640853779,
                "branches": 19757630376,
                "branch-misses": 567478431,
                "max-rss": 2829352,
                "wall-time": 34.46999999999999
            },
            "Bullet": {
                "task-clock": 62548.051731,
                "context-switches": 5280,
                "cpu-migrations": 294,
                "page-faults": 497693,
                "cycles": 189097058624,
                "instructions": 139708798932,
                "branches": 29572307597,
                "branch-misses": 784932628,
                "max-rss": 7199392,
                "wall-time": 84.55
            },
            "tramp3d-v4": {
                "task-clock": 113148.501145,
                "context-switches": 3141,
                "cpu-migrations": 163,
                "page-faults": 129457,
                "cycles": 342678057119,
                "instructions": 289694140936,
                "branches": 63308774405,
                "branch-misses": 1358711619,
                "max-rss": 488028,
                "wall-time": 131.32999999999998
            },
            "mafft": {
                "task-clock": 21927.8546,
                "context-switches": 750,
                "cpu-migrations": 1,
                "page-faults": 113121,
                "cycles": 66300502175,
                "instructions": 58019174642,
                "branches": 12330596088,
                "branch-misses": 297781780,
                "max-rss": 1551668,
                "wall-time": 17.509999999999998
            },
            "ClamAV": {
                "task-clock": 52756.296428,
                "context-switches": 4096,
                "cpu-migrations": 198,
                "page-faults": 302618,
                "cycles": 159405653043,
                "instructions": 129073859172,
                "branches": 27573333417,
                "branch-misses": 811702174,
                "max-rss": 5218904,
                "wall-time": 55.89999999999999
            },
            "lencod": {
                "task-clock": 69308.65176600001,
                "context-switches": 4315,
                "cpu-migrations": 251,
                "page-faults": 229483,
                "cycles": 209902473134,
                "instructions": 194190322772,
                "branches": 40728609847,
                "branch-misses": 799177299,
                "max-rss": 3117676,
                "wall-time": 60.44999999999999
            },
            "SPASS": {
                "task-clock": 49327.460529,
                "context-switches": 3870,
                "cpu-migrations": 81,
                "page-faults": 174874,
                "cycles": 149340350647,
                "instructions": 116985480885,
                "branches": 25208548466,
                "branch-misses": 755165610,
                "max-rss": 2821856,
                "wall-time": 43.06
            },
            "7zip": {
                "task-clock": 147322.96786299997,
                "context-switches": 12889,
                "cpu-migrations": 325,
                "page-faults": 811078,
                "cycles": 444972845484,
                "instructions": 330465198987,
                "branches": 70770600016,
                "branch-misses": 2148748700,
                "max-rss": 12378560,
                "wall-time": 132.94
            },
            "geomean": {
                "task-clock": 57330.20019065413,
                "context-switches": 3402.2278109635085,
                "cpu-migrations": 104.1953575895872,
                "page-faults": 204065.85426718878,
                "cycles": 173440272767.57086,
                "instructions": 139514879453.75446,
                "branches": 29874444946.008976,
                "branch-misses": 785453063.6067804,
                "max-rss": 2253714.521087007,
                "wall-time": 57.05374182466604
            }
        },
        "ReleaseLTO-g": {
            "kimwitu++": {
                "task-clock": 46030.88609100001,
                "context-switches": 1078,
                "cpu-migrations": 1,
                "page-faults": 205822,
                "cycles": 139162308976,
                "instructions": 97335052655,
                "branches": 21043886813,
                "branch-misses": 598951961,
                "max-rss": 1440504,
                "wall-time": 46.65
            },
            "sqlite3": {
                "task-clock": 63086.247524000006,
                "context-switches": 509,
                "cpu-migrations": 1,
                "page-faults": 110154,
                "cycles": 191252886788,
                "instructions": 151174598867,
                "branches": 32332019757,
                "branch-misses": 845434228,
                "max-rss": 504360,
                "wall-time": 63.3
            },
            "consumer-typeset": {
                "task-clock": 39286.07661499998,
                "context-switches": 1008,
                "cpu-migrations": 1,
                "page-faults": 216622,
                "cycles": 119154607936,
                "instructions": 95259418371,
                "branches": 20201056565,
                "branch-misses": 543963545,
                "max-rss": 2966680,
                "wall-time": 41.150000000000006
            },
            "Bullet": {
                "task-clock": 69722.722217,
                "context-switches": 3070,
                "cpu-migrations": 2,
                "page-faults": 562423,
                "cycles": 210888211164,
                "instructions": 157166210345,
                "branches": 33163550826,
                "branch-misses": 855324705,
                "max-rss": 7524704,
                "wall-time": 74.17
            },
            "tramp3d-v4": {
                "task-clock": 115112.25963,
                "context-switches": 590,
                "cpu-migrations": 1,
                "page-faults": 298501,
                "cycles": 347968450011,
                "instructions": 270050407308,
                "branches": 58409927417,
                "branch-misses": 1305347763,
                "max-rss": 1191012,
                "wall-time": 115.25999999999999
            },
            "mafft": {
                "task-clock": 22686.53457400001,
                "context-switches": 548,
                "cpu-migrations": 2,
                "page-faults": 128098,
                "cycles": 68800062597,
                "instructions": 68367753141,
                "branches": 14456449202,
                "branch-misses": 339066965,
                "max-rss": 1643368,
                "wall-time": 23.720000000000006
            },
            "ClamAV": {
                "task-clock": 60155.08078899999,