{
    "config": 0,
    "clang_size": [],
    "data": {
        "ReleaseThinLTO": {
            "kimwitu++": {
                "task-clock": 41587.429974000006,
                "context-switches": 2127,
                "cpu-migrations": 100,
                "page-faults": 148539,
                "cycles": 126950765070,
                "instructions": 93884187620,
                "branches": 20384654855,
                "branch-misses": 579596567,
                "max-rss": 1207064,
                "wall-time": 38.2
            },
            "sqlite3": {
                "task-clock": 55583.024703,
                "context-switches": 2795,
                "cpu-migrations": 131,
                "page-faults": 61853,
                "cycles": 172427469206,
                "instructions": 142591232408,
                "branches": 30655307603,
                "branch-misses": 812370235,
                "max-rss": 315456,
                "wall-time": 67.23
            },
            "consumer-typeset": {
                "task-clock": 36458.889016000016,
                "context-switches": 2453,
                "cpu-migrations": 117,
                "page-faults": 188402,
                "cycles": 113373651232,
                "instructions": 92921976563,
                "branches": 19792326645,
                "branch-misses": 564761685,
                "max-rss": 2828024,
                "wall-time": 33.739999999999995
            },
            "Bullet": {
                "task-clock": 61528.806227999994,
                "context-switches": 5215,
                "cpu-migrations": 290,
                "page-faults": 497376,
                "cycles": 187276775680,
                "instructions": 139758575061,
                "branches": 29565609223,
                "branch-misses": 785973710,
                "max-rss": 7195304,
                "wall-time": 82.53
            },
            "tramp3d-v4": {
                "task-clock": 111120.07217999999,
                "context-switches": 2915,
                "cpu-migrations": 195,
                "page-faults": 127784,
                "cycles": 338559591762,
                "instructions": 291359362572,
                "branches": 63597161112,
                "branch-misses": 1367464708,
                "max-rss": 484904,
                "wall-time": 129.87
            },
            "mafft": {
                "task-clock": 21376.421541,
                "context-switches": 688,
                "cpu-migrations": 0,
                "page-faults": 110504,
                "cycles": 65882743244,
                "instructions": 58275053691,
                "branches": 12369915853,
                "branch-misses": 298887354,
                "max-rss": 1545608,
                "wall-time": 16.990000000000002
            },
            "ClamAV": {
                "task-clock": 51149.994232000005,
                "context-switches": 3994,
                "cpu-migrations": 232,
                "page-faults": 299431,
                "cycles": 157639136609,
                "instructions": 129719768319,
                "branches": 27645563758,
                "branch-misses": 816834884,
                "max-rss": 5201460,
                "wall-time": 54.800000000000004
            },
            "lencod": {
                "task-clock": 68425.712862,
                "context-switches": 4215,
                "cpu-migrations": 243,
                "page-faults": 228464,
                "cycles": 208372058515,
                "instructions": 194628860070,
                "branches": 40729647257,
                "branch-misses": 809181465,
                "max-rss": 3105596,
                "wall-time": 59.37
            },
            "SPASS": {
                "task-clock": 48672.759965000005,
                "context-switches": 3893,
                "cpu-migrations": 117,
                "page-faults": 175291,
                "cycles": 148248696583,
                "instructions": 117538449988,
                "branches": 25298337452,
                "branch-misses": 757998278,
                "max-rss": 2818716,
                "wall-time": 42.46
            },
            "7zip": {
                "task-clock": 145101.842113,
                "context-switches": 12652,
                "cpu-migrations": 376,
                "page-faults": 812250,
                "cycles": 441084220228,
                "instructions": 331019075331,
                "branches": 70766598271,
                "branch-misses": 2150291411,
                "max-rss": 12353204,
                "wall-time": 131.13
            },
            "geomean": {
                "task-clock": 56021.37341820621,
                "context-switches": 3237.410259547239,
                "cpu-migrations": 0,
                "page-faults": 202926.60759792654,
                "cycles": 171698324218.05673,
                "instructions": 140034170218.7482,
                "branches": 29945761396.265522,
                "branch-misses": 787756954.8554215,
                "max-rss": 2245979.35924117,
                "wall-time": 55.66875741895422
            }
        },
        "ReleaseLTO-g": {
            "kimwitu++": {
                "task-clock": 43860.314331,
                "context-switches": 1074,
                "cpu-migrations": 1,
                "page-faults": 205957,
                "cycles": 137521838000,
                "instructions": 97478726749,
                "branches": 21072808287,
                "branch-misses": 598374402,
                "max-rss": 1437056,
                "wall-time": 44.46000000000001
            },
            "sqlite3": {
                "task-clock": 61166.66067699999,
                "context-switches": 477,
                "cpu-migrations": 1,
                "page-faults": 110153,
                "cycles": 188118808156,
                "instructions": 151903736707,
                "branches": 32458296469,
                "branch-misses": 846876139,
                "max-rss": 503500,
                "wall-time": 61.33
            },
            "consumer-typeset": {
                "task-clock": 38495.61334299999,
                "context-switches": 864,
                "cpu-migrations": 1,
                "page-faults": 216148,
                "cycles": 117788862829,
                "instructions": 95567632394,
                "branches": 20242718904,
                "branch-misses": 545549511,
                "max-rss": 2959896,
                "wall-time": 40.239999999999995
            },
            "Bullet": {
                "task-clock": 69102.571502,
                "context-switches": 3426,
                "cpu-migrations": 2,
                "page-faults": 561765,
                "cycles": 210107210240,
                "instructions": 157220820558,
                "branches": 33163174587,
                "branch-misses": 857351347,
                "max-rss": 7516084,
                "wall-time": 73.42999999999999
            },
            "tramp3d-v4": {
                "task-clock": 109792.307602,
                "context-switches": 553,
                "cpu-migrations": 1,
                "page-faults": 298843,
                "cycles": 341730245737,
                "instructions": 271063830104,
                "branches": 58600779130,
                "branch-misses": 1306022580,
                "max-rss": 1192428,
                "wall-time": 109.97999999999999
            },
            "mafft": {
                "task-clock": 22117.427288000006,
                "context-switches": 626,
                "cpu-migrations": 0,
                "page-faults": 126325,
                "cycles": 67668020803,
                "instructions": 68622693363,
                "branches": 14488471306,
                "branch-misses": 340129893,
                "max-rss": 1638688,
                "wall-time": 23.029999999999998
            },
            "ClamAV": {
                "task-clock": 58192.79517299999,