{
    "config": 0,
    "clang_size": [],
    "data": {
        "ReleaseThinLTO": {
            "kimwitu++": {
                "task-clock": 41788.53760099999,
                "context-switches": 2060,
                "cpu-migrations": 76,
                "page-faults": 148425,
                "cycles": 127208154204,
                "instructions": 93242862207,
                "branches": 20233667712,
                "branch-misses": 578372749,
                "max-rss": 1209740,
                "wall-time": 38.39
            },
            "sqlite3": {
                "task-clock": 56405.859013,
                "context-switches": 2196,
                "cpu-migrations": 155,
                "page-faults": 61660,
                "cycles": 171448884234,
                "instructions": 139953166289,
                "branches": 30118510233,
                "branch-misses": 808685634,
                "max-rss": 315956,
                "wall-time": 69.25
            },
            "consumer-typeset": {
                "task-clock": 37041.79010600001,
                "context-switches": 2330,
                "cpu-migrations": 105,
                "page-faults": 189060,
                "cycles": 112589493152,
                "instructions": 91555881439,
                "branches": 19510695962,
                "branch-misses": 564617848,
                "max-rss": 2833884,
                "wall-time": 33.51999999999999
            },
            "Bullet": {
                "task-clock": 62028.08556099999,
                "context-switches": 5098,
                "cpu-migrations": 261,
                "page-faults": 498049,
                "cycles": 188193127418,
                "instructions": 139156974759,
                "branches": 29431341372,
                "branch-misses": 784295199,
                "max-rss": 7224040,
                "wall-time": 83.01000000000002
            },
            "tramp3d-v4": {
                "task-clock": 110652.82613,
                "context-switches": 3099,
                "cpu-migrations": 232,
                "page-faults": 128342,
                "cycles": 336752652803,
                "instructions": 286756657350,
                "branches": 62622197744,
                "branch-misses": 1356930131,
                "max-rss": 483712,
                "wall-time": 129.39000000000001
            },
            "mafft": {
                "task-clock": 21570.227479,
                "context-switches": 700,
                "cpu-migrations": 0,
                "page-faults": 110709,
                "cycles": 65737129578,
                "instructions": 57361185176,
                "branches": 12194087158,
                "branch-misses": 297405549,
                "max-rss": 1553192,
                "wall-time": 17.15
            },
            "ClamAV": {
                "task-clock": 50982.026170000005,
                "context-switches": 3949,
                "cpu-migrations": 275,
                "page-faults": 301585,
                "cycles": 155221107371,
                "instructions": 126302260482,
                "branches": 26996885127,
                "branch-misses": 805077562,
                "max-rss": 5226324,
                "wall-time": 54.53999999999999
            },
            "lencod": {
                "task-clock": 67921.89607599998,
                "context-switches": 4073,
                "cpu-migrations": 228,
                "page-faults": 231637,
                "cycles": 206583281198,
                "instructions": 190691828242,
                "branches": 40004360016,
                "branch-misses": 792713370,
                "max-rss": 3123404,
                "wall-time": 59.11999999999999
            },
            "SPASS": {
                "task-clock": 48636.265546,
                "context-switches": 4249,
                "cpu-migrations": 99,
                "page-faults": 175191,
                "cycles": 147844148638,
                "instructions": 115841900149,
                "branches": 24950992881,
                "branch-misses": 752074966,
                "max-rss": 2833608,
                "wall-time": 42.459999999999994
            },
            "7zip": {
                "task-clock": 144282.50116000004,
                "context-switches": 12744,
                "cpu-migrations": 332,
                "page-faults": 812382,
                "cycles": 438623298377,
                "instructions": 325844756666,
                "branches": 69784824349,
                "branch-misses": 2134134134,
                "max-rss": 12398924,
                "wall-time": 130.49999999999994
            },
            "geomean": {
                "task-clock": 56196.332648513766,
                "context-switches": 3167.064412365721,
                "cpu-migrations": 0,
                "page-faults": 203489.6752635625,
                "cycles": 170915511302.0518,
                "instructions": 137896765408.0214,
                "branches": 29519828665.451378,
                "branch-misses": 782089582.9814445,
                "max-rss": 2253118.910067548,
                "wall-time": 55.81201742393111
            }
        },
        "ReleaseLTO-g": {
            "kimwitu++": {
                "task-clock": 45590.18915900001,
                "context-switches": 801,
                "cpu-migrations": 1,
                "page-faults": 206097,
                "cycles": 138188929581,
                "instructions": 96931041027,
                "branches": 20947005357,
                "branch-misses": 596812352,
                "max-rss": 1440760,
                "wall-time": 46.17
            },
            "sqlite3": {
                "task-clock": 61132.310618,
                "context-switches": 363,
                "cpu-migrations": 1,
                "page-faults": 110383,
                "cycles": 186551247567,
                "instructions": 149381388642,
                "branches": 31943384079,
                "branch-misses": 840787975,
                "max-rss": 504904,
                "wall-time": 61.3
            },
            "consumer-typeset": {
                "task-clock": 38690.41488,
                "context-switches": 1105,
                "cpu-migrations": 1,
                "page-faults": 217346,
                "cycles": 117522094661,
                "instructions": 94142025033,
                "branches": 19949736974,
                "branch-misses": 542732910,
                "max-rss": 2978492,
                "wall-time": 40.52999999999998
            },
            "Bullet": {
                "task-clock": 69360.54934100002,
                "context-switches": 2362,
                "cpu-migrations": 2,
                "page-faults": 563019,
                "cycles": 210880084243,
                "instructions": 156390934562,
                "branches": 32981205756,
                "branch-misses": 857380754,
                "max-rss": 7536284,
                "wall-time": 73.63999999999999
            },
            "tramp3d-v4": {
                "task-clock": 112215.636355,
                "context-switches": 1329,
                "cpu-migrations": 1,
                "page-faults": 298441,
                "cycles": 340867280131,
                "instructions": 267590604809,
                "branches": 57862460391,
                "branch-misses": 1304248582,
                "max-rss": 1191612,
                "wall-time": 112.38
            },
            "mafft": {
                "task-clock": 22122.759402999996,
                "context-switches": 585,
                "cpu-migrations": 0,
                "page-faults": 126666,
                "cycles": 67348851669,
                "instructions": 67346249982,
                "branches": 14247401258,
                "branch-misses": 337633819,
                "max-rss": 1644680,
                "wall-time": 23.109999999999992
            },