{
    "config": 0,
    "clang_size": [],
    "data": {
        "ReleaseThinLTO": {
            "kimwitu++": {
                "task-clock": 41963.171873,
                "context-switches": 2186,
                "cpu-migrations": 112,
                "page-faults": 147154,
                "cycles": 126417267744,
                "instructions": 93144588950,
                "branches": 20213969259,
                "branch-misses": 580979713,
                "max-rss": 1207320,
                "wall-time": 39.06
            },
            "sqlite3": {
                "task-clock": 56535.751496,
                "context-switches": 2483,
                "cpu-migrations": 146,
                "page-faults": 62166,
                "cycles": 171501268264,
                "instructions": 139868855693,
                "branches": 30106019386,
                "branch-misses": 810798737,
                "max-rss": 318608,
                "wall-time": 69.02
            },
            "consumer-typeset": {
                "task-clock": 37112.40271,
                "context-switches": 2376,
                "cpu-migrations": 111,
                "page-faults": 186946,
                "cycles": 112445668647,
                "instructions": 91458958062,
                "branches": 19489855876,
                "branch-misses": 565626975,
                "max-rss": 2839344,
                "wall-time": 33.95999999999999
            },
            "Bullet": {
                "task-clock": 62239.77334199999,
                "context-switches": 5035,
                "cpu-migrations": 214,
                "page-faults": 497491,
                "cycles": 187873840748,
                "instructions": 139090892996,
                "branches": 29419108839,
                "branch-misses": 783924436,
                "max-rss": 7221024,
                "wall-time": 83.21000000000002
            },
            "tramp3d-v4": {
                "task-clock": 110569.520189,
                "context-switches": 3228,
                "cpu-migrations": 204,
                "page-faults": 127931,
                "cycles": 333647366824,
                "instructions": 285318504287,
                "branches": 62350096485,
                "branch-misses": 1360656173,
                "max-rss": 484184,
                "wall-time": 129.08
            },
            "mafft": {
                "task-clock": 21670.039868,
                "context-switches": 775,
                "cpu-migrations": 4,
                "page-faults": 111784,
                "cycles": 65567877507,
                "instructions": 57288313448,
                "branches": 12180202140,
                "branch-misses": 297666613,
                "max-rss": 1555196,
                "wall-time": 17.200000000000003
            },
            "ClamAV": {
                "task-clock": 50673.69501599999,
                "context-switches": 3948,
                "cpu-migrations": 181,
                "page-faults": 302021,
                "cycles": 153648754642,
                "instructions": 124577120829,
                "branches": 26666455018,
                "branch-misses": 806456722,
                "max-rss": 5226912,
                "wall-time": 54.04000000000003
            },
            "lencod": {
                "task-clock": 68264.449257,
                "context-switches": 4157,
                "cpu-migrations": 231,
                "page-faults": 228522,
                "cycles": 206149003518,
                "instructions": 190313503200,
                "branches": 39939277723,
                "branch-misses": 800629818,
                "max-rss": 3123676,
                "wall-time": 59.650000000000006
            },
            "SPASS": {
                "task-clock": 48659.028463,
                "context-switches": 3787,
                "cpu-migrations": 87,
                "page-faults": 175781,
                "cycles": 147188477381,
                "instructions": 115642872724,
                "branches": 24915597813,
                "branch-misses": 755479333,
                "max-rss": 2834576,
                "wall-time": 42.650000000000006
            },
            "7zip": {
                "task-clock": 144691.91526200005,
                "context-switches": 12770,
                "cpu-migrations": 314,
                "page-faults": 811239,
                "cycles": 436466216883,
                "instructions": 324704115370,
                "branches": 69573211893,
                "branch-misses": 2133532106,
                "max-rss": 12393544,
                "wall-time": 130.65999999999997
            },
            "geomean": {
                "task-clock": 56297.078108369606,
                "context-switches": 3243.6586074036504,
                "cpu-migrations": 113.72965572489711,
                "page-faults": 203154.6536585426,
                "cycles": 170192192819.93503,
                "instructions": 137477432591.2897,
                "branches": 29440918574.72832,
                "branch-misses": 784276399.9216257,
                "max-rss": 2255426.207283091,
                "wall-time": 56.00960732224453
            }
        },
        "ReleaseLTO-g": {
            "kimwitu++": {
                "task-clock": 45140.49959199999,
                "context-switches": 796,
                "cpu-migrations": 1,
                "page-faults": 206292,
                "cycles": 137289486850,
                "instructions": 96735351991,
                "branches": 20905013927,
                "branch-misses": 600617584,
                "max-rss": 1441260,
                "wall-time": 45.71999999999999
            },
            "sqlite3": {
                "task-clock": 61385.301798,
                "context-switches": 295,
                "cpu-migrations": 1,
                "page-faults": 110278,
                "cycles": 186151747125,
                "instructions": 149323571768,
                "branches": 31934060377,
                "branch-misses": 844966349,
                "max-rss": 504244,
                "wall-time": 61.53
            },
            "consumer-typeset": {
                "task-clock": 38781.381399,
                "context-switches": 925,
                "cpu-migrations": 2,
                "page-faults": 216800,
                "cycles": 117408172963,
                "instructions": 94054742889,
                "branches": 19934239387,
                "branch-misses": 543063956,
                "max-rss": 2976500,
                "wall-time": 40.64
            },
            "Bullet": {
                "task-clock": 69561.073416,
                "context-switches": 2752,
                "cpu-migrations": 1,
                "page-faults": 562554,
                "cycles": 209309710615,
                "instructions": 156368142281,
                "branches": 32976519252,
                "branch-misses": 860262303,
                "max-rss": 7537604,
                "wall-time": 73.99000000000001
            },
            "tramp3d-v4": {
                "task-clock": 111778.620163,
                "context-switches": 1126,
                "cpu-migrations": 1,
                "page-faults": 298383,
                "cycles": 339621247217,
                "instructions": 266598306092,
                "branches": 57656541831,
                "branch-misses": 1306500106,
                "max-rss": 1190244,
                "wall-time": 111.94
            },
            "mafft": {
                "task-clock": 22222.738525,
                "context-switches": 641,
                "cpu-migrations": 0,
                "page-faults": 126763,
                "cycles": 67102613990,
                "instructions": 67249530307,
                "branches": 14230809615,
                "branch-misses": 337007577,
                "max-rss": 1645040,
                "wall-time": 23.209999999999997
            },