{
    "config": 0,
    "clang_size": {
        "size-text": 66883027,
        "size-data": 2785656,
        "size-bss": 284144,
        "size-total": 69952827
    },
    "data": {
        "ReleaseThinLTO": {
            "kimwitu++": {
                "task-clock": 31730.473179,
                "context-switches": 1709,
                "cpu-migrations": 91,
                "page-faults": 160761,
                "cycles": 106850484935,
                "instructions": 92258435793,
                "branches": 19917031221,
                "branch-misses": 505453508,
                "max-rss": 1152668,
                "wall-time": 29.41,
                "size-text": 787080,
                "size-data": 25960,
                "size-bss": 12560,
                "size-total": 825600
            },
            "sqlite3": {
                "task-clock": 47140.771282999995,
                "context-switches": 2356,
                "cpu-migrations": 145,
                "page-faults": 63723,
                "cycles": 158790444783,
                "instructions": 144968694418,
                "branches": 31230701586,
                "branch-misses": 786476387,
                "max-rss": 308896,
                "wall-time": 56.21,
                "size-text": 781474,
                "size-data": 3095,
                "size-bss": 624,
                "size-total": 785193
            },
            "consumer-typeset": {
                "task-clock": 30119.51443699999,
                "context-switches": 2679,
                "cpu-migrations": 112,
                "page-faults": 243705,
                "cycles": 101430967663,
                "instructions": 93739402380,
                "branches": 19932316991,
                "branch-misses": 538936511,
                "max-rss": 2677224,
                "wall-time": 29.500000000000007,
                "size-text": 677634,
                "size-data": 3768,
                "size-bss": 65200,
                "size-total": 746602
            },
            "Bullet": {
                "task-clock": 47807.86255800001,
                "context-switches": 4509,
                "cpu-migrations": 255,
                "page-faults": 628504,
                "cycles": 160707542384,
                "instructions": 139604315501,
                "branches": 29441033903,
                "branch-misses": 702487662,
                "max-rss": 6806144,
                "wall-time": 66.08000000000001,
                "size-text": 393144,
                "size-data": 403696,
                "size-bss": 43328,
                "size-total": 840168
            },
            "tramp3d-v4": {
                "task-clock": 91114.43859199999,
                "context-switches": 2547,
                "cpu-migrations": 49,
                "page-faults": 123342,
                "cycles": 306885847789,
                "instructions": 294504786801,
                "branches": 64435430111,
                "branch-misses": 1282795218,
                "max-rss": 481648,
                "wall-time": 105.53,
                "size-text": 885858,
                "size-data": 1800,
                "size-bss": 1848,
                "size-total": 889506
            },
            "mafft": {
                "task-clock": 17790.011919000004,
                "context-switches": 687,
                "cpu-migrations": 29,
                "page-faults": 139533,
                "cycles": 59929907718,
                "instructions": 59293972276,
                "branches": 12595880537,
                "branch-misses": 292254394,
                "max-rss": 1468184,
                "wall-time": 14.440000000000005,
                "size-text": 275169,
                "size-data": 3052,
                "size-bss": 14911040,
                "size-total": 15189261
            },
            "ClamAV": {
                "task-clock": 42128.92442699998,
                "context-switches": 3647,
                "cpu-migrations": 223,
                "page-faults": 415316,
                "cycles": 141778365424,
                "instructions": 131459788948,
                "branches": 28021417391,
                "branch-misses": 776948229,
                "max-rss": 4932320,
                "wall-time": 45.639999999999986,
                "size-text": 774253,
                "size-data": 52872,
                "size-bss": 4752,
                "size-total": 831877
            },
            "lencod": {
                "task-clock": 56412.99295500001,
                "context-switches": 3861,
                "cpu-migrations": 338,
                "page-faults": 283911,
                "cycles": 189907794925,
                "instructions": 197610479645,
                "branches": 41595419636,
                "branch-misses": 772949132,
                "max-rss": 2940508,
                "wall-time": 49.85,
                "size-text": 958131,
                "size-data": 2144,
                "size-bss": 106176,
                "size-total": 1066451
            },
            "SPASS": {
                "task-clock": 38170.39256600001,
                "context-switches": 3570,
                "cpu-migrations": 128,
                "page-faults": 231786,
                "cycles": 128375332120,
                "instructions": 116221499013,
                "branches": 24977054750,
                "branch-misses": 702910589,
                "max-rss": 2677436,
                "wall-time": 33.629999999999995,
                "size-text": 607600,
                "size-data": 872,
                "size-bss": 346536,
                "size-total": 955008
            },
            "7zip": {
                "task-clock": 114001.55996599996,
                "context-switches": 12208,
                "cpu-migrations": 453,
                "page-faults": 1050326,
                "cycles": 382873817343,
                "instructions": 333468450918,
                "branches": 71177589042,
                "branch-misses": 1983018505,
                "max-rss": 11697648,
                "wall-time": 104.86000000000001,
                "size-text": 1436409,
                "size-data": 4160,
                "size-bss": 29280,
                "size-total": 1469849
            },
            "geomean": {
                "task-clock": 45264.537811567854,
                "context-switches": 2963.4010344280164,
                "cpu-migrations": 137.0658113062467,
                "page-faults": 244873.0279724043,
                "cycles": 152339251211.53116,
                "instructions": 140868807134.29446,
                "branches": 30116816030.510036,
                "branch-misses": 736924752.0580081,
                "max-rss": 2147288.4444574523,
                "wall-time": 45.66139032966591,
                "size-text": 693848.660065021,
                "size-data": 6984.009238215472,
                "size-bss": 35437.433332268796,
                "size-total": 1212039.2022614183
            }
        },
        "O3": {
            "kimwitu++": {
                "task-clock": 24702.400944,
                "context-switches": 904,
                "cpu-migrations": 15,
                "page-faults": 155529,
                "cycles": 82880283908,
                "instructions": 66168063933,
                "branches": 14217148449,
                "branch-misses": 406634354,
                "max-rss": 1179744,
                "wall-time": 25.33,
                "size-text": 805325,
                "size-data": 31168,
                "size-bss": 12592,
                "size-total": 849085
            },
            "sqlite3": {
                "task-clock": 33216.877625,
                "context-switches": 270,
                "cpu-migrations": 3,
                "page-faults": 42240,
                "cycles": 111606256211,
                "instructions": 95897284665,
                "branches": 20519784537,
                "branch-misses": 567787638,
                "max-rss": 250016,