{
    "config": 0,
    "clang_size": {
        "size-text": 66875537,
        "size-data": 2785656,
        "size-bss": 284144,
        "size-total": 69945337
    },
    "data": {
        "ReleaseThinLTO": {
            "kimwitu++": {
                "task-clock": 31559.333796000003,
                "context-switches": 1783,
                "cpu-migrations": 71,
                "page-faults": 160536,
                "cycles": 106339233499,
                "instructions": 92206502601,
                "branches": 19906228631,
                "branch-misses": 502624665,
                "max-rss": 1150744,
                "wall-time": 29.480000000000004,
                "size-text": 787080,
                "size-data": 25960,
                "size-bss": 12560,
                "size-total": 825600
            },
            "sqlite3": {
                "task-clock": 47584.040756999995,
                "context-switches": 2390,
                "cpu-migrations": 90,
                "page-faults": 63908,
                "cycles": 160298441389,
                "instructions": 144941447197,
                "branches": 31224086918,
                "branch-misses": 786503524,
                "max-rss": 308548,
                "wall-time": 58.92,
                "size-text": 781474,
                "size-data": 3095,
                "size-bss": 624,
                "size-total": 785193
            },
            "consumer-typeset": {
                "task-clock": 30127.761304999996,
                "context-switches": 2306,
                "cpu-migrations": 145,
                "page-faults": 242759,
                "cycles": 101292619803,
                "instructions": 93735141098,
                "branches": 19930834925,
                "branch-misses": 537536662,
                "max-rss": 2676176,
                "wall-time": 27.870000000000005,
                "size-text": 677634,
                "size-data": 3768,
                "size-bss": 65200,
                "size-total": 746602
            },
            "Bullet": {
                "task-clock": 47356.57322800001,
                "context-switches": 4582,
                "cpu-migrations": 279,
                "page-faults": 628851,
                "cycles": 159270320517,
                "instructions": 139614673944,
                "branches": 29441627558,
                "branch-misses": 700249715,
                "max-rss": 6810144,
                "wall-time": 65.91000000000001,
                "size-text": 393144,
                "size-data": 403696,
                "size-bss": 43328,
                "size-total": 840168
            },
            "tramp3d-v4": {
                "task-clock": 91053.06355,
                "context-switches": 2491,
                "cpu-migrations": 140,
                "page-faults": 127285,
                "cycles": 306779228139,
                "instructions": 294515636824,
                "branches": 64431362797,
                "branch-misses": 1277138486,
                "max-rss": 477836,
                "wall-time": 105.66,
                "size-text": 885858,
                "size-data": 1800,
                "size-bss": 1848,
                "size-total": 889506
            },
            "mafft": {
                "task-clock": 17777.538603,
                "context-switches": 844,
                "cpu-migrations": 54,
                "page-faults": 139696,
                "cycles": 59893245064,
                "instructions": 59303905247,
                "branches": 12596985133,
                "branch-misses": 293340605,
                "max-rss": 1470576,
                "wall-time": 14.820000000000002,
                "size-text": 275169,
                "size-data": 3052,
                "size-bss": 14911040,
                "size-total": 15189261
            },
            "ClamAV": {
                "task-clock": 42245.962809999975,
                "context-switches": 3643,
                "cpu-migrations": 301,
                "page-faults": 413126,
                "cycles": 142155647705,
                "instructions": 131433318524,
                "branches": 28012019890,
                "branch-misses": 775295955,
                "max-rss": 4937920,
                "wall-time": 45.629999999999974,
                "size-text": 774253,
                "size-data": 52872,
                "size-bss": 4752,
                "size-total": 831877
            },
            "lencod": {
                "task-clock": 56334.95381400001,
                "context-switches": 3651,
                "cpu-migrations": 254,
                "page-faults": 283074,
                "cycles": 189730735669,
                "instructions": 197622959188,
                "branches": 41596144995,
                "branch-misses": 774955187,
                "max-rss": 2942788,
                "wall-time": 49.61000000000001,
                "size-text": 958131,
                "size-data": 2144,
                "size-bss": 106176,
                "size-total": 1066451
            },
            "SPASS": {
                "task-clock": 38063.73729,
                "context-switches": 3295,
                "cpu-migrations": 94,
                "page-faults": 231720,
                "cycles": 127998728352,
                "instructions": 116243661494,
                "branches": 24979412742,
                "branch-misses": 702572875,
                "max-rss": 2683496,
                "wall-time": 33.29,
                "size-text": 607600,
                "size-data": 872,
                "size-bss": 346536,
                "size-total": 955008
            },
            "7zip": {
                "task-clock": 113012.55150700003,
                "context-switches": 11659,
                "cpu-migrations": 465,
                "page-faults": 1050667,
                "cycles": 379813140332,
                "instructions": 333495179912,
                "branches": 71177805591,
                "branch-misses": 1978508198,
                "max-rss": 11717196,
                "wall-time": 103.03,
                "size-text": 1436409,
                "size-data": 4160,
                "size-bss": 29280,
                "size-total": 1469849
            },
            "geomean": {
                "task-clock": 45188.75468484066,
                "context-switches": 2940.7408415241634,
                "cpu-migrations": 151.878950615737,
                "page-faults": 245426.98256480938,
                "cycles": 152097358886.88007,
                "instructions": 140863378750.8938,
                "branches": 30113790893.046165,
                "branch-misses": 735866278.5698184,
                "max-rss": 2146627.2763610412,
                "wall-time": 45.59040495780395,
                "size-text": 693848.660065021,
                "size-data": 6984.009238215472,
                "size-bss": 35437.433332268796,
                "size-total": 1212039.2022614183
            }
        },
        "O3": {
            "kimwitu++": {
                "task-clock": 24245.664117,
                "context-switches": 886,
                "cpu-migrations": 15,
                "page-faults": 155635,
                "cycles": 81516026920,
                "instructions": 66142975243,
                "branches": 14212064628,
                "branch-misses": 403599194,
                "max-rss": 1182052,
                "wall-time": 24.85,
                "size-text": 805325,
                "size-data": 31168,
                "size-bss": 12592,
                "size-total": 849085
            },
            "sqlite3": {
                "task-clock": 32551.653133000003,
                "context-switches": 238,
                "cpu-migrations": 2,
                "page-faults": 42284,
                "cycles": 109598968586,
                "instructions": 95973149668,
                "branches": 20535176739,
                "branch-misses": 565948385,
                "max-rss": 249240,