{
    "config": 0,
    "clang_size": [],
    "data": {
        "ReleaseThinLTO": {
            "kimwitu++": {
                "task-clock": 42487.29361499999,
                "context-switches": 2396,
                "cpu-migrations": 102,
                "page-faults": 148523,
                "cycles": 128495443661,
                "instructions": 93570218839,
                "branches": 20323669349,
                "branch-misses": 579766607,
                "max-rss": 1209804,
                "wall-time": 39.18
            },
            "sqlite3": {
                "task-clock": 58712.439210000004,
                "context-switches": 2590,
                "cpu-migrations": 169,
                "page-faults": 62051,
                "cycles": 177208688914,
                "instructions": 141665243806,
                "branches": 30494823281,
                "branch-misses": 815711835,
                "max-rss": 317716,
                "wall-time": 71.9
            },
            "consumer-typeset": {
                "task-clock": 37906.351871,
                "context-switches": 2458,
                "cpu-migrations": 196,
                "page-faults": 186730,
                "cycles": 114311111368,
                "instructions": 92640502659,
                "branches": 19756530484,
                "branch-misses": 566797075,
                "max-rss": 2836532,
                "wall-time": 34.72999999999998
            },
            "Bullet": {
                "task-clock": 62632.072833,
                "context-switches": 5317,
                "cpu-migrations": 252,
                "page-faults": 497533,
                "cycles": 189305365884,
                "instructions": 139718430184,
                "branches": 29575650758,
                "branch-misses": 784399479,
                "max-rss": 7218700,
                "wall-time": 84.92999999999999
            },
            "tramp3d-v4": {
                "task-clock": 113011.467988,
                "context-switches": 3115,
                "cpu-migrations": 185,
                "page-faults": 127162,
                "cycles": 342352183757,
                "instructions": 289709471838,
                "branches": 63314635487,
                "branch-misses": 1357613526,
                "max-rss": 485784,
                "wall-time": 132.14
            },
            "mafft": {
                "task-clock": 22089.167418,
                "context-switches": 733,
                "cpu-migrations": 5,
                "page-faults": 110738,
                "cycles": 66514255406,
                "instructions": 58007146515,
                "branches": 12327268961,
                "branch-misses": 298131484,
                "max-rss": 1552528,
                "wall-time": 17.599999999999998
            },
            "ClamAV": {
                "task-clock": 52583.26884800003,
                "context-switches": 3978,
                "cpu-migrations": 225,
                "page-faults": 301033,
                "cycles": 158871418811,
                "instructions": 129072585634,
                "branches": 27572565147,
                "branch-misses": 811839893,
                "max-rss": 5223524,
                "wall-time": 55.72999999999997
            },
            "lencod": {
                "task-clock": 69440.895646,
                "context-switches": 4313,
                "cpu-migrations": 242,
                "page-faults": 229884,
                "cycles": 210225266272,
                "instructions": 194216171738,
                "branches": 40735773971,
                "branch-misses": 799045934,
                "max-rss": 3122972,
                "wall-time": 60.33999999999999
            },
            "SPASS": {
                "task-clock": 49428.426614,
                "context-switches": 3960,
                "cpu-migrations": 87,
                "page-faults": 175549,
                "cycles": 149319072333,
                "instructions": 116995198178,
                "branches": 25210440194,
                "branch-misses": 755652410,
                "max-rss": 2826972,
                "wall-time": 43.13999999999999
            },
            "7zip": {
                "task-clock": 147414.30524400002,
                "context-switches": 12668,
                "cpu-migrations": 318,
                "page-faults": 810858,
                "cycles": 445586954645,
                "instructions": 330342977872,
                "branches": 70746292046,
                "branch-misses": 2143269401,
                "max-rss": 12382744,
                "wall-time": 132.75
            },
            "geomean": {
                "task-clock": 57474.858933734606,
                "context-switches": 3313.1756584712675,
                "cpu-migrations": 128.0627866332198,
                "page-faults": 202987.76088104854,
                "cycles": 173651699656.61774,
                "instructions": 139513176540.1379,
                "branches": 29874328124.31173,
                "branch-misses": 785485156.6438112,
                "max-rss": 2254318.898020894,
                "wall-time": 57.1572758548461
            }
        },
        "ReleaseLTO-g": {
            "kimwitu++": {
                "task-clock": 46233.937238,
                "context-switches": 1101,
                "cpu-migrations": 1,
                "page-faults": 205808,
                "cycles": 139517172566,
                "instructions": 97244267789,
                "branches": 21029081493,
                "branch-misses": 599360404,
                "max-rss": 1437760,
                "wall-time": 46.839999999999996
            },
            "sqlite3": {
                "task-clock": 63019.091377000004,
                "context-switches": 477,
                "cpu-migrations": 1,
                "page-faults": 110120,
                "cycles": 190978807023,
                "instructions": 151071177927,
                "branches": 32309658822,
                "branch-misses": 843087080,
                "max-rss": 503456,
                "wall-time": 63.17999999999999
            },
            "consumer-typeset": {
                "task-clock": 39373.437575,
                "context-switches": 871,
                "cpu-migrations": 2,
                "page-faults": 216929,
                "cycles": 119099531163,
                "instructions": 95269824960,
                "branches": 20201455994,
                "branch-misses": 543258130,
                "max-rss": 2973692,
                "wall-time": 41.20000000000001
            },
            "Bullet": {
                "task-clock": 70151.38228399999,
                "context-switches": 3229,
                "cpu-migrations": 1,
                "page-faults": 562175,
                "cycles": 211577170766,
                "instructions": 157167572634,
                "branches": 33167262831,
                "branch-misses": 855961870,
                "max-rss": 7528172,
                "wall-time": 74.53999999999998
            },
            "tramp3d-v4": {
                "task-clock": 115116.50710399999,
                "context-switches": 579,
                "cpu-migrations": 1,
                "page-faults": 298791,
                "cycles": 348477980611,
                "instructions": 270044005689,
                "branches": 58418092382,
                "branch-misses": 1310612406,
                "max-rss": 1192384,
                "wall-time": 115.28999999999999
            },
            "mafft": {
                "task-clock": 22734.807395,
                "context-switches": 640,
                "cpu-migrations": 1,
                "page-faults": 126034,
                "cycles": 68689363922,
                "instructions": 68357987618,
                "branches": 14455249794,
                "branch-misses": 338878459,
                "max-rss": 1638484,
                "wall-time": 23.78
            },