{
    "config": 0,
    "clang_size": {
        "size-text": 66509292,
        "size-data": 2765456,
        "size-bss": 252752,
        "size-total": 69527500
    },
    "data": {
        "ReleaseThinLTO": {
            "kimwitu++": {
                "task-clock": 31823.229024,
                "context-switches": 1781,
                "cpu-migrations": 82,
                "page-faults": 158485,
                "cycles": 107027923930,
                "instructions": 91234313390,
                "branches": 19707659096,
                "branch-misses": 503281815,
                "max-rss": 1143368,
                "wall-time": 29.609999999999992,
                "size-text": 789412,
                "size-data": 25960,
                "size-bss": 12560,
                "size-total": 827932
            },
            "sqlite3": {
                "task-clock": 47479.802696,
                "context-switches": 2029,
                "cpu-migrations": 103,
                "page-faults": 63033,
                "cycles": 159763482549,
                "instructions": 143403269616,
                "branches": 30945311563,
                "branch-misses": 781480856,
                "max-rss": 308964,
                "wall-time": 58.08,
                "size-text": 811258,
                "size-data": 3095,
                "size-bss": 624,
                "size-total": 814977
            },
            "consumer-typeset": {
                "task-clock": 29906.25703699999,
                "context-switches": 2144,
                "cpu-migrations": 106,
                "page-faults": 241777,
                "cycles": 100621325383,
                "instructions": 92643203577,
                "branches": 19727238246,
                "branch-misses": 533768322,
                "max-rss": 2673680,
                "wall-time": 27.700000000000006,
                "size-text": 686914,
                "size-data": 3768,
                "size-bss": 65200,
                "size-total": 755882
            },
            "Bullet": {
                "task-clock": 47591.954168000004,
                "context-switches": 4695,
                "cpu-migrations": 251,
                "page-faults": 625939,
                "cycles": 159897930432,
                "instructions": 139009036328,
                "branches": 29324155299,
                "branch-misses": 701312140,
                "max-rss": 6769208,
                "wall-time": 66.16999999999999,
                "size-text": 395620,
                "size-data": 403696,
                "size-bss": 43328,
                "size-total": 842644
            },
            "tramp3d-v4": {
                "task-clock": 91646.663789,
                "context-switches": 2580,
                "cpu-migrations": 130,
                "page-faults": 126115,
                "cycles": 308499578371,
                "instructions": 292706315081,
                "branches": 64118358254,
                "branch-misses": 1277060158,
                "max-rss": 485016,
                "wall-time": 106.52000000000001,
                "size-text": 906442,
                "size-data": 1800,
                "size-bss": 1848,
                "size-total": 910090
            },
            "mafft": {
                "task-clock": 17899.269337,
                "context-switches": 808,
                "cpu-migrations": 32,
                "page-faults": 138874,
                "cycles": 60189329383,
                "instructions": 58792503843,
                "branches": 12505626748,
                "branch-misses": 293006784,
                "max-rss": 1462072,
                "wall-time": 14.550000000000004,
                "size-text": 279105,
                "size-data": 3052,
                "size-bss": 14911040,
                "size-total": 15193197
            },
            "ClamAV": {
                "task-clock": 41987.938313000006,
                "context-switches": 3785,
                "cpu-migrations": 331,
                "page-faults": 413498,
                "cycles": 141031155799,
                "instructions": 129541680444,
                "branches": 27683134555,
                "branch-misses": 771803997,
                "max-rss": 4907716,
                "wall-time": 45.749999999999986,
                "size-text": 793525,
                "size-data": 52872,
                "size-bss": 4752,
                "size-total": 851149
            },
            "lencod": {
                "task-clock": 56566.850399999996,
                "context-switches": 3874,
                "cpu-migrations": 234,
                "page-faults": 282626,
                "cycles": 190405795592,
                "instructions": 195914625848,
                "branches": 41307031853,
                "branch-misses": 768273412,
                "max-rss": 2923320,
                "wall-time": 49.71000000000001,
                "size-text": 965227,
                "size-data": 2144,
                "size-bss": 106176,
                "size-total": 1073547
            },
            "SPASS": {
                "task-clock": 37924.308453,
                "context-switches": 3452,
                "cpu-migrations": 109,
                "page-faults": 229871,
                "cycles": 127442597566,
                "instructions": 114970302292,
                "branches": 24744582192,
                "branch-misses": 699798205,
                "max-rss": 2662140,
                "wall-time": 33.3,
                "size-text": 617600,
                "size-data": 872,
                "size-bss": 346536,
                "size-total": 965008
            },
            "7zip": {
                "task-clock": 113284.92897500002,
                "context-switches": 11754,
                "cpu-migrations": 468,
                "page-faults": 1044854,
                "cycles": 380691677250,
                "instructions": 329816410962,
                "branches": 70512822122,
                "branch-misses": 1971430976,
                "max-rss": 11645140,
                "wall-time": 103.71,
                "size-text": 1465769,
                "size-data": 4160,
                "size-bss": 29280,
                "size-total": 1499209
            },
            "geomean": {
                "task-clock": 45250.95057921573,
                "context-switches": 2920.3300574854684,
                "cpu-migrations": 143.4643581499071,
                "page-faults": 243843.7421921302,
                "cycles": 152165599062.0331,
                "instructions": 139497435197.00568,
                "branches": 29864806364.30385,
                "branch-misses": 733476154.4159226,
                "max-rss": 2140226.5191921364,
                "wall-time": 45.54072916258323,
                "size-text": 705458.361789031,
                "size-data": 6984.009238215472,
                "size-bss": 35437.433332268796,
                "size-total": 1228907.3505394042
            }
        },
        "O3": {
            "kimwitu++": {
                "task-clock": 24428.508452,
                "context-switches": 885,
                "cpu-migrations": 16,
                "page-faults": 155884,
                "cycles": 81799734766,
                "instructions": 65179317610,
                "branches": 14012366976,
                "branch-misses": 402234623,
                "max-rss": 1177564,
                "wall-time": 25.05,
                "size-text": 807977,
                "size-data": 31168,
                "size-bss": 12592,
                "size-total": 851737
            },
            "sqlite3": {
                "task-clock": 32884.753770999996,
                "context-switches": 150,
                "cpu-migrations": 3,
                "page-faults": 42218,
                "cycles": 110828193428,
                "instructions": 94844253332,
                "branches": 20318411182,
                "branch-misses": 561536584,
                "max-rss": 249384,