{
    "config": 0,
    "clang_size": [],
    "data": {
        "ReleaseThinLTO": {
            "kimwitu++": {
                "task-clock": 42049.66923200001,
                "context-switches": 1902,
                "cpu-migrations": 87,
                "page-faults": 148582,
                "cycles": 127145682784,
                "instructions": 93250562919,
                "branches": 20235435308,
                "branch-misses": 581775450,
                "max-rss": 1211668,
                "wall-time": 38.67000000000001
            },
            "sqlite3": {
                "task-clock": 56437.15006,
                "context-switches": 2759,
                "cpu-migrations": 122,
                "page-faults": 61653,
                "cycles": 170702209230,
                "instructions": 139951685989,
                "branches": 30116164525,
                "branch-misses": 811412168,
                "max-rss": 316636,
                "wall-time": 68.99
            },
            "consumer-typeset": {
                "task-clock": 37103.234448,
                "context-switches": 2442,
                "cpu-migrations": 142,
                "page-faults": 187088,
                "cycles": 112292838317,
                "instructions": 91492356656,
                "branches": 19494058754,
                "branch-misses": 565536689,
                "max-rss": 2840692,
                "wall-time": 34.169999999999995
            },
            "Bullet": {
                "task-clock": 62469.96453200002,
                "context-switches": 5386,
                "cpu-migrations": 267,
                "page-faults": 498255,
                "cycles": 188356484566,
                "instructions": 139156812010,
                "branches": 29434382724,
                "branch-misses": 787695414,
                "max-rss": 7212176,
                "wall-time": 83.99000000000002
            },
            "tramp3d-v4": {
                "task-clock": 110458.811572,
                "context-switches": 3851,
                "cpu-migrations": 196,
                "page-faults": 124211,
                "cycles": 333737769223,
                "instructions": 286689782985,
                "branches": 62608985703,
                "branch-misses": 1357793620,
                "max-rss": 483764,
                "wall-time": 129.69
            },
            "mafft": {
                "task-clock": 21684.512182000002,
                "context-switches": 685,
                "cpu-migrations": 2,
                "page-faults": 110597,
                "cycles": 65600358469,
                "instructions": 57359463187,
                "branches": 12192621151,
                "branch-misses": 298037371,
                "max-rss": 1557792,
                "wall-time": 17.229999999999997
            },
            "ClamAV": {
                "task-clock": 51273.57758499999,
                "context-switches": 4179,
                "cpu-migrations": 192,
                "page-faults": 303073,
                "cycles": 154893599491,
                "instructions": 126235607829,
                "branches": 26975259553,
                "branch-misses": 809859076,
                "max-rss": 5222272,
                "wall-time": 54.459999999999994
            },
            "lencod": {
                "task-clock": 68012.73669800001,
                "context-switches": 3994,
                "cpu-migrations": 197,
                "page-faults": 231305,
                "cycles": 205739240670,
                "instructions": 190642743258,
                "branches": 39988067909,
                "branch-misses": 799552993,
                "max-rss": 3134240,
                "wall-time": 58.410000000000004
            },
            "SPASS": {
                "task-clock": 48885.308383,
                "context-switches": 3920,
                "cpu-migrations": 101,
                "page-faults": 175700,
                "cycles": 147575789468,
                "instructions": 115827723320,
                "branches": 24946888353,
                "branch-misses": 756328206,
                "max-rss": 2828900,
                "wall-time": 42.809999999999995
            },
            "7zip": {
                "task-clock": 145400.74841999996,
                "context-switches": 13186,
                "cpu-migrations": 373,
                "page-faults": 811449,
                "cycles": 438356010177,
                "instructions": 325916965429,
                "branches": 69796529310,
                "branch-misses": 2141310641,
                "max-rss": 12398976,
                "wall-time": 131.32
            },
            "geomean": {
                "task-clock": 56415.56714175674,
                "context-switches": 3308.3525870459225,
                "cpu-migrations": 108.43668731840627,
                "page-faults": 202725.6341523374,
                "cycles": 170465997928.8212,
                "instructions": 137875081395.19745,
                "branches": 29513107704.327038,
                "branch-misses": 785338190.6953777,
                "max-rss": 2255055.6100981766,
                "wall-time": 56.048830995477694
            }
        },
        "ReleaseLTO-g": {
            "kimwitu++": {
                "task-clock": 45208.90442200001,
                "context-switches": 919,
                "cpu-migrations": 1,
                "page-faults": 206032,
                "cycles": 136800636657,
                "instructions": 96855879031,
                "branches": 20929847263,
                "branch-misses": 600181200,
                "max-rss": 1440380,
                "wall-time": 45.8
            },
            "sqlite3": {
                "task-clock": 61637.40558599999,
                "context-switches": 588,
                "cpu-migrations": 1,
                "page-faults": 108860,
                "cycles": 186217566991,
                "instructions": 149447476296,
                "branches": 31958266045,
                "branch-misses": 844053601,
                "max-rss": 498716,
                "wall-time": 61.79
            },
            "consumer-typeset": {
                "task-clock": 38538.858559,
                "context-switches": 878,
                "cpu-migrations": 1,
                "page-faults": 216923,
                "cycles": 116654481398,
                "instructions": 94126595184,
                "branches": 19946472624,
                "branch-misses": 543427008,
                "max-rss": 2976316,
                "wall-time": 40.359999999999985
            },
            "Bullet": {
                "task-clock": 69352.14400900001,
                "context-switches": 3063,
                "cpu-migrations": 2,
                "page-faults": 563121,
                "cycles": 209821533733,
                "instructions": 156444271739,
                "branches": 32992146826,
                "branch-misses": 858730417,
                "max-rss": 7534392,
                "wall-time": 73.76
            },
            "tramp3d-v4": {
                "task-clock": 112123.822329,
                "context-switches": 1124,
                "cpu-migrations": 1,
                "page-faults": 298641,
                "cycles": 338818259586,
                "instructions": 267636348883,
                "branches": 57862588678,
                "branch-misses": 1308115654,
                "max-rss": 1191032,
                "wall-time": 112.30000000000001
            },
            "mafft": {
                "task-clock": 22308.53617600001,
                "context-switches": 556,
                "cpu-migrations": 0,
                "page-faults": 126202,
                "cycles": 67452834935,
                "instructions": 67358011754,
                "branches": 14248729985,
                "branch-misses": 339460478,
                "max-rss": 1643776,
                "wall-time": 23.270000000000003
            },