{
    "config": 0,
    "clang_size": [],
    "data": {
        "ReleaseThinLTO": {
            "kimwitu++": {
                "task-clock": 42000.754716999996,
                "context-switches": 2095,
                "cpu-migrations": 103,
                "page-faults": 148599,
                "cycles": 126712487755,
                "instructions": 93129335955,
                "branches": 20214423852,
                "branch-misses": 575615001,
                "max-rss": 1213024,
                "wall-time": 38.410000000000004
            },
            "sqlite3": {
                "task-clock": 56795.313985,
                "context-switches": 2969,
                "cpu-migrations": 132,
                "page-faults": 61893,
                "cycles": 171620990169,
                "instructions": 139879942623,
                "branches": 30106525410,
                "branch-misses": 812858295,
                "max-rss": 317568,
                "wall-time": 69.32
            },
            "consumer-typeset": {
                "task-clock": 37051.400448,
                "context-switches": 2546,
                "cpu-migrations": 127,
                "page-faults": 187099,
                "cycles": 112205821153,
                "instructions": 91474935617,
                "branches": 19493452826,
                "branch-misses": 564760254,
                "max-rss": 2842636,
                "wall-time": 34.16999999999998
            },
            "Bullet": {
                "task-clock": 61962.46462500001,
                "context-switches": 5230,
                "cpu-migrations": 246,
                "page-faults": 498001,
                "cycles": 187076845274,
                "instructions": 139087971000,
                "branches": 29418772567,
                "branch-misses": 785753362,
                "max-rss": 7217724,
                "wall-time": 83.22000000000007
            },
            "tramp3d-v4": {
                "task-clock": 110119.95019599999,
                "context-switches": 2972,
                "cpu-migrations": 202,
                "page-faults": 128522,
                "cycles": 332920365297,
                "instructions": 285411713869,
                "branches": 62369671882,
                "branch-misses": 1353595794,
                "max-rss": 484216,
                "wall-time": 129.74
            },
            "mafft": {
                "task-clock": 21807.752819000005,
                "context-switches": 689,
                "cpu-migrations": 0,
                "page-faults": 111822,
                "cycles": 65641156408,
                "instructions": 57289512811,
                "branches": 12180064190,
                "branch-misses": 298228703,
                "max-rss": 1556152,
                "wall-time": 17.3
            },
            "ClamAV": {
                "task-clock": 50919.606599999985,
                "context-switches": 4008,
                "cpu-migrations": 188,
                "page-faults": 303917,
                "cycles": 153751433532,
                "instructions": 124590297197,
                "branches": 26668185656,
                "branch-misses": 804881921,
                "max-rss": 5233716,
                "wall-time": 54.01000000000002
            },
            "lencod": {
                "task-clock": 68298.866832,
                "context-switches": 4131,
                "cpu-migrations": 212,
                "page-faults": 229533,
                "cycles": 206497286824,
                "instructions": 190222347744,
                "branches": 39918352474,
                "branch-misses": 801265237,
                "max-rss": 3126252,
                "wall-time": 58.82999999999999
            },
            "SPASS": {
                "task-clock": 48768.845700000005,
                "context-switches": 4120,
                "cpu-migrations": 111,
                "page-faults": 175766,
                "cycles": 147464347598,
                "instructions": 115644110077,
                "branches": 24915093793,
                "branch-misses": 755988399,
                "max-rss": 2836836,
                "wall-time": 42.63
            },
            "7zip": {
                "task-clock": 144884.30551100004,
                "context-switches": 12665,
                "cpu-migrations": 332,
                "page-faults": 811517,
                "cycles": 437166651106,
                "instructions": 324709431213,
                "branches": 69576362922,
                "branch-misses": 2138226935,
                "max-rss": 12394284,
                "wall-time": 130.47000000000003
            },
            "geomean": {
                "task-clock": 56356.52667100372,
                "context-switches": 3285.4190106992946,
                "cpu-migrations": 0,
                "page-faults": 203624.31908791064,
                "cycles": 170216219844.07443,
                "instructions": 137478401525.8522,
                "branches": 29441156701.103966,
                "branch-misses": 783684605.1814181,
                "max-rss": 2256736.5403960384,
                "wall-time": 55.94476538458857
            }
        },
        "ReleaseLTO-g": {
            "kimwitu++": {
                "task-clock": 45248.60559800001,
                "context-switches": 1131,
                "cpu-migrations": 1,
                "page-faults": 205990,
                "cycles": 137244993573,
                "instructions": 96714163596,
                "branches": 20902258459,
                "branch-misses": 600877336,
                "max-rss": 1439664,
                "wall-time": 45.87
            },
            "sqlite3": {
                "task-clock": 61393.299552,
                "context-switches": 725,
                "cpu-migrations": 1,
                "page-faults": 110392,
                "cycles": 185955766785,
                "instructions": 149290560345,
                "branches": 31928610227,
                "branch-misses": 843754791,
                "max-rss": 505400,
                "wall-time": 61.56
            },
            "consumer-typeset": {
                "task-clock": 38674.70669799999,
                "context-switches": 706,
                "cpu-migrations": 2,
                "page-faults": 217090,
                "cycles": 116836864266,
                "instructions": 94088179440,
                "branches": 19941050371,
                "branch-misses": 542945068,
                "max-rss": 2978016,
                "wall-time": 40.470000000000006
            },
            "Bullet": {
                "task-clock": 68932.073312,
                "context-switches": 3597,
                "cpu-migrations": 1,
                "page-faults": 562919,
                "cycles": 209370555267,
                "instructions": 156463143108,
                "branches": 32992103330,
                "branch-misses": 858056353,
                "max-rss": 7539476,
                "wall-time": 73.24000000000001
            },
            "tramp3d-v4": {
                "task-clock": 111740.595374,
                "context-switches": 543,
                "cpu-migrations": 1,
                "page-faults": 298845,
                "cycles": 338908782607,
                "instructions": 266802142894,
                "branches": 57715403671,
                "branch-misses": 1306992336,
                "max-rss": 1191664,
                "wall-time": 111.89
            },
            "mafft": {
                "task-clock": 22244.256449999997,
                "context-switches": 606,
                "cpu-migrations": 1,
                "page-faults": 126884,
                "cycles": 67164921008,
                "instructions": 67272441251,
                "branches": 14235376555,
                "branch-misses": 337620156,
                "max-rss": 1644284,
                "wall-time": 23.229999999999997
            },