{
    "config": 0,
    "clang_size": [],
    "data": {
        "ReleaseThinLTO": {
            "kimwitu++": {
                "task-clock": 40521.699915000005,
                "context-switches": 2178,
                "cpu-migrations": 94,
                "page-faults": 147070,
                "cycles": 126630786728,
                "instructions": 93839030817,
                "branches": 20377406273,
                "branch-misses": 577116654,
                "max-rss": 1196612,
                "wall-time": 36.870000000000005
            },
            "sqlite3": {
                "task-clock": 53696.380517,
                "context-switches": 2224,
                "cpu-migrations": 121,
                "page-faults": 62103,
                "cycles": 173444515862,
                "instructions": 142573577155,
                "branches": 30654549053,
                "branch-misses": 814752535,
                "max-rss": 317236,
                "wall-time": 65.83
            },
            "consumer-typeset": {
                "task-clock": 35282.21896500001,
                "context-switches": 2390,
                "cpu-migrations": 133,
                "page-faults": 188639,
                "cycles": 113526393663,
                "instructions": 92923253456,
                "branches": 19792176437,
                "branch-misses": 568429455,
                "max-rss": 2822812,
                "wall-time": 32.22
            },
            "Bullet": {
                "task-clock": 59735.48960999999,
                "context-switches": 4996,
                "cpu-migrations": 206,
                "page-faults": 495970,
                "cycles": 188083326179,
                "instructions": 139745371697,
                "branches": 29564376877,
                "branch-misses": 784438840,
                "max-rss": 7196016,
                "wall-time": 81.04999999999998
            },
            "tramp3d-v4": {
                "task-clock": 107326.197752,
                "context-switches": 3169,
                "cpu-migrations": 224,
                "page-faults": 129165,
                "cycles": 338411109616,
                "instructions": 291339151470,
                "branches": 63593116564,
                "branch-misses": 1359625428,
                "max-rss": 486524,
                "wall-time": 125.91999999999999
            },
            "mafft": {
                "task-clock": 20336.30414600001,
                "context-switches": 670,
                "cpu-migrations": 1,
                "page-faults": 112304,
                "cycles": 66045223099,
                "instructions": 58265615343,
                "branches": 12366635125,
                "branch-misses": 297949894,
                "max-rss": 1547504,
                "wall-time": 16.14
            },
            "ClamAV": {
                "task-clock": 49122.14923199997,
                "context-switches": 3832,
                "cpu-migrations": 221,
                "page-faults": 301801,
                "cycles": 157595521545,
                "instructions": 129715839517,
                "branches": 27645460941,
                "branch-misses": 816142895,
                "max-rss": 5208376,
                "wall-time": 52.03
            },
            "lencod": {
                "task-clock": 65893.123691,
                "context-switches": 4127,
                "cpu-migrations": 241,
                "page-faults": 229386,
                "cycles": 209057404028,
                "instructions": 194605522518,
                "branches": 40725610436,
                "branch-misses": 807338554,
                "max-rss": 3116576,
                "wall-time": 57.11
            },
            "SPASS": {
                "task-clock": 47188.167398,
                "context-switches": 3614,
                "cpu-migrations": 101,
                "page-faults": 174618,
                "cycles": 148759216698,
                "instructions": 117524334360,
                "branches": 25295181619,
                "branch-misses": 757275630,
                "max-rss": 2819464,
                "wall-time": 41.599999999999994
            },
            "7zip": {
                "task-clock": 140847.502887,
                "context-switches": 12215,
                "cpu-migrations": 292,
                "page-faults": 810526,
                "cycles": 441365247145,
                "instructions": 331045600067,
                "branches": 70771961365,
                "branch-misses": 2147969418,
                "max-rss": 12381260,
                "wall-time": 126.21999999999997
            },
            "geomean": {
                "task-clock": 54114.02623482656,
                "context-switches": 3113.9752895297024,
                "cpu-migrations": 100.9251409263288,
                "page-faults": 203442.04758445953,
                "cycles": 172009505828.62598,
                "instructions": 140018666741.2457,
                "branches": 29943035473.393024,
                "branch-misses": 786899279.2595834,
                "max-rss": 2247583.003051498,
                "wall-time": 53.74228510936665
            }
        },
        "ReleaseLTO-g": {
            "kimwitu++": {
                "task-clock": 44534.228403,
                "context-switches": 990,
                "cpu-migrations": 1,
                "page-faults": 205716,
                "cycles": 137722795597,
                "instructions": 97435860556,
                "branches": 21063537474,
                "branch-misses": 598767580,
                "max-rss": 1437592,
                "wall-time": 45.15
            },
            "sqlite3": {
                "task-clock": 57391.74996,
                "context-switches": 394,
                "cpu-migrations": 1,
                "page-faults": 110099,
                "cycles": 189139643006,
                "instructions": 152000396144,
                "branches": 32481458657,
                "branch-misses": 847020948,
                "max-rss": 503188,
                "wall-time": 57.540000000000006
            },
            "consumer-typeset": {
                "task-clock": 35934.96710500002,
                "context-switches": 854,
                "cpu-migrations": 1,
                "page-faults": 216391,
                "cycles": 118232108255,
                "instructions": 95587095952,
                "branches": 20246882701,
                "branch-misses": 544761086,
                "max-rss": 2959604,
                "wall-time": 37.620000000000005
            },
            "Bullet": {
                "task-clock": 68756.054837,
                "context-switches": 3242,
                "cpu-migrations": 2,
                "page-faults": 561436,
                "cycles": 210003018269,
                "instructions": 157281714358,
                "branches": 33174958415,
                "branch-misses": 857028321,
                "max-rss": 7509672,
                "wall-time": 72.97999999999999
            },
            "tramp3d-v4": {
                "task-clock": 107398.061604,
                "context-switches": 952,
                "cpu-migrations": 1,
                "page-faults": 298947,
                "cycles": 341485797572,
                "instructions": 270869118837,
                "branches": 58548182160,
                "branch-misses": 1305803514,
                "max-rss": 1192896,
                "wall-time": 107.56
            },
            "mafft": {
                "task-clock": 20569.952149999997,
                "context-switches": 530,
                "cpu-migrations": 1,
                "page-faults": 128057,
                "cycles": 68179532807,
                "instructions": 68618933210,
                "branches": 14489226109,
                "branch-misses": 340440878,
                "max-rss": 1637188,
                "wall-time": 21.43
            },
            "ClamAV": {
                "task-clock": 55171.139058999994,