{
    "config": 0,
    "clang_size": [],
    "data": {
        "ReleaseThinLTO": {
            "kimwitu++": {
                "task-clock": 42093.003262000006,
                "context-switches": 2211,
                "cpu-migrations": 88,
                "page-faults": 147212,
                "cycles": 127917541259,
                "instructions": 93548744793,
                "branches": 20306162090,
                "branch-misses": 579454428,
                "max-rss": 1205088,
                "wall-time": 39.179999999999986
            },
            "sqlite3": {
                "task-clock": 57251.828382,
                "context-switches": 2853,
                "cpu-migrations": 172,
                "page-faults": 61529,
                "cycles": 172925160205,
                "instructions": 141569305531,
                "branches": 30474658613,
                "branch-misses": 814942888,
                "max-rss": 315488,
                "wall-time": 71.08
            },
            "consumer-typeset": {
                "task-clock": 37440.93173100001,
                "context-switches": 2242,
                "cpu-migrations": 101,
                "page-faults": 187138,
                "cycles": 113128359173,
                "instructions": 92579419141,
                "branches": 19740824597,
                "branch-misses": 567918757,
                "max-rss": 2840588,
                "wall-time": 33.54
            },
            "Bullet": {
                "task-clock": 62153.108458,
                "context-switches": 5528,
                "cpu-migrations": 206,
                "page-faults": 498056,
                "cycles": 188884015771,
                "instructions": 139636937318,
                "branches": 29543706084,
                "branch-misses": 788738052,
                "max-rss": 7211512,
                "wall-time": 83.36999999999998
            },
            "tramp3d-v4": {
                "task-clock": 111241.588081,
                "context-switches": 3802,
                "cpu-migrations": 156,
                "page-faults": 128477,
                "cycles": 337869742942,
                "instructions": 289393804417,
                "branches": 63195462469,
                "branch-misses": 1359104696,
                "max-rss": 483792,
                "wall-time": 130.07999999999998
            },
            "mafft": {
                "task-clock": 21883.477400000003,
                "context-switches": 768,
                "cpu-migrations": 7,
                "page-faults": 111539,
                "cycles": 66162067578,
                "instructions": 58004746821,
                "branches": 12329816918,
                "branch-misses": 300684409,
                "max-rss": 1554412,
                "wall-time": 17.659999999999997
            },
            "ClamAV": {
                "task-clock": 52187.74137300001,
                "context-switches": 4133,
                "cpu-migrations": 216,
                "page-faults": 302742,
                "cycles": 157585006407,
                "instructions": 129035819972,
                "branches": 27581578310,
                "branch-misses": 814091283,
                "max-rss": 5228192,
                "wall-time": 55.06000000000001
            },
            "lencod": {
                "task-clock": 68565.424336,
                "context-switches": 3923,
                "cpu-migrations": 211,
                "page-faults": 231005,
                "cycles": 208123766727,
                "instructions": 193935651870,
                "branches": 40684091505,
                "branch-misses": 803591747,
                "max-rss": 3124388,
                "wall-time": 59.199999999999996
            },
            "SPASS": {
                "task-clock": 48936.932223,
                "context-switches": 3987,
                "cpu-migrations": 131,
                "page-faults": 175497,
                "cycles": 147926109563,
                "instructions": 116789788079,
                "branches": 25159102843,
                "branch-misses": 758513887,
                "max-rss": 2828596,
                "wall-time": 42.97
            },
            "7zip": {
                "task-clock": 146229.34944999998,
                "context-switches": 12755,
                "cpu-migrations": 330,
                "page-faults": 810887,
                "cycles": 443306978033,
                "instructions": 330217316368,
                "branches": 70720672859,
                "branch-misses": 2150842983,
                "max-rss": 12383592,
                "wall-time": 132.26000000000002
            },
            "geomean": {
                "task-clock": 56800.70483373035,
                "context-switches": 3368.742302230467,
                "cpu-migrations": 121.08612450859525,
                "page-faults": 203265.6276677733,
                "cycles": 172048120624.4335,
                "instructions": 139413466225.43314,
                "branches": 29849184864.061375,
                "branch-misses": 787954264.7476587,
                "max-rss": 2251746.54757386,
                "wall-time": 56.49809081651664
            }
        },
        "ReleaseLTO-g": {
            "kimwitu++": {
                "task-clock": 45667.89887600001,
                "context-switches": 935,
                "cpu-migrations": 1,
                "page-faults": 206451,
                "cycles": 138047950398,
                "instructions": 97387278472,
                "branches": 21043778807,
                "branch-misses": 601857635,
                "max-rss": 1442280,
                "wall-time": 46.28000000000001
            },
            "sqlite3": {
                "task-clock": 62150.870821000004,
                "context-switches": 627,
                "cpu-migrations": 1,
                "page-faults": 110262,
                "cycles": 187832029105,
                "instructions": 151450784820,
                "branches": 32386486015,
                "branch-misses": 848800913,
                "max-rss": 504124,
                "wall-time": 62.3
            },
            "consumer-typeset": {
                "task-clock": 38854.081839,
                "context-switches": 879,
                "cpu-migrations": 2,
                "page-faults": 216665,
                "cycles": 117452210710,
                "instructions": 95326047868,
                "branches": 20208882530,
                "branch-misses": 546096392,
                "max-rss": 2969284,
                "wall-time": 40.65999999999998
            },
            "Bullet": {
                "task-clock": 69864.113796,
                "context-switches": 2994,
                "cpu-migrations": 1,
                "page-faults": 562338,
                "cycles": 211136083628,
                "instructions": 157170278308,
                "branches": 33153565085,
                "branch-misses": 861870103,
                "max-rss": 7533436,
                "wall-time": 74.25
            },
            "tramp3d-v4": {
                "task-clock": 112316.50604899999,
                "context-switches": 1147,
                "cpu-migrations": 1,
                "page-faults": 298782,
                "cycles": 340336854495,
                "instructions": 270204874920,
                "branches": 58422400290,
                "branch-misses": 1309281252,
                "max-rss": 1191920,
                "wall-time": 112.5
            },
            "mafft": {
                "task-clock": 22595.012734,
                "context-switches": 586,
                "cpu-migrations": 0,
                "page-faults": 126136,
                "cycles": 68037851051,
                "instructions": 68359186737,
                "branches": 14460871685,
                "branch-misses": 339522032,
                "max-rss": 1644632,
                "wall-time": 23.560000000000002
            },