{
    "config": 0,
    "clang_size": [],
    "data": {
        "ReleaseThinLTO": {
            "kimwitu++": {
                "task-clock": 41968.16642299999,
                "context-switches": 2293,
                "cpu-migrations": 80,
                "page-faults": 149693,
                "cycles": 127474842384,
                "instructions": 93598909907,
                "branches": 20329084063,
                "branch-misses": 576044327,
                "max-rss": 1210160,
                "wall-time": 38.63999999999999
            },
            "sqlite3": {
                "task-clock": 58014.68232,
                "context-switches": 2389,
                "cpu-migrations": 126,
                "page-faults": 62004,
                "cycles": 176230038180,
                "instructions": 141634673672,
                "branches": 30489564459,
                "branch-misses": 814066243,
                "max-rss": 318176,
                "wall-time": 70.81
            },
            "consumer-typeset": {
                "task-clock": 37541.63195299999,
                "context-switches": 2484,
                "cpu-migrations": 116,
                "page-faults": 186838,
                "cycles": 113996136020,
                "instructions": 92645573931,
                "branches": 19759669963,
                "branch-misses": 567885397,
                "max-rss": 2835124,
                "wall-time": 34.64999999999999
            },
            "Bullet": {
                "task-clock": 62109.438261999996,
                "context-switches": 5146,
                "cpu-migrations": 200,
                "page-faults": 496648,
                "cycles": 188575192247,
                "instructions": 139727370680,
                "branches": 29577424662,
                "branch-misses": 781616673,
                "max-rss": 7209140,
                "wall-time": 83.32999999999998
            },
            "tramp3d-v4": {
                "task-clock": 112989.725657,
                "context-switches": 8486,
                "cpu-migrations": 235,
                "page-faults": 128056,
                "cycles": 342774761506,
                "instructions": 289790381981,
                "branches": 63332206990,
                "branch-misses": 1366247230,
                "max-rss": 484208,
                "wall-time": 134.37
            },
            "mafft": {
                "task-clock": 21751.785234000003,
                "context-switches": 795,
                "cpu-migrations": 1,
                "page-faults": 111535,
                "cycles": 66157438581,
                "instructions": 58027827575,
                "branches": 12333070738,
                "branch-misses": 297945802,
                "max-rss": 1553480,
                "wall-time": 17.27
            },
            "ClamAV": {
                "task-clock": 52227.94321999997,
                "context-switches": 3926,
                "cpu-migrations": 206,
                "page-faults": 300656,
                "cycles": 158564713028,
                "instructions": 129039166870,
                "branches": 27566543749,
                "branch-misses": 811968261,
                "max-rss": 5213812,
                "wall-time": 55.429999999999986
            },
            "lencod": {
                "task-clock": 70052.243039,
                "context-switches": 16259,
                "cpu-migrations": 273,
                "page-faults": 230782,
                "cycles": 211779986495,
                "instructions": 194321267682,
                "branches": 40756751044,
                "branch-misses": 811522096,
                "max-rss": 3121540,
                "wall-time": 64.09
            },
            "SPASS": {
                "task-clock": 49228.259917999996,
                "context-switches": 3802,
                "cpu-migrations": 107,
                "page-faults": 175759,
                "cycles": 149274731459,
                "instructions": 116997964381,
                "branches": 25211264692,
                "branch-misses": 757338329,
                "max-rss": 2827456,
                "wall-time": 43.08
            },
            "7zip": {
                "task-clock": 146676.93750300002,
                "context-switches": 12524,
                "cpu-migrations": 381,
                "page-faults": 810574,
                "cycles": 445027949678,
                "instructions": 330445068283,
                "branches": 70765543074,
                "branch-misses": 2143709247,
                "max-rss": 12410088,
                "wall-time": 132.72000000000003
            },
            "geomean": {
                "task-clock": 57102.66549299068,
                "context-switches": 4127.728302251281,
                "cpu-migrations": 102.33766414908668,
                "page-faults": 203466.4582670231,
                "cycles": 173297847187.54953,
                "instructions": 139533545125.91882,
                "branches": 29879293695.039856,
                "branch-misses": 786562423.9411261,
                "max-rss": 2253719.355067656,
                "wall-time": 57.16073710916335
            }
        },
        "ReleaseLTO-g": {
            "kimwitu++": {
                "task-clock": 45550.106061,
                "context-switches": 1085,
                "cpu-migrations": 1,
                "page-faults": 206009,
                "cycles": 138565601839,
                "instructions": 97260800083,
                "branches": 21030959969,
                "branch-misses": 600394709,
                "max-rss": 1439444,
                "wall-time": 46.150000000000006
            },
            "sqlite3": {
                "task-clock": 62634.112265,
                "context-switches": 433,
                "cpu-migrations": 1,
                "page-faults": 108650,
                "cycles": 190353410673,
                "instructions": 151041230941,
                "branches": 32306341770,
                "branch-misses": 847213287,
                "max-rss": 497792,
                "wall-time": 62.8
            },
            "consumer-typeset": {
                "task-clock": 39069.828924999994,
                "context-switches": 934,
                "cpu-migrations": 1,
                "page-faults": 216595,
                "cycles": 118800033461,
                "instructions": 95275711055,
                "branches": 20205774145,
                "branch-misses": 544656789,
                "max-rss": 2969928,
                "wall-time": 40.93999999999998
            },
            "Bullet": {
                "task-clock": 69104.489726,
                "context-switches": 3364,
                "cpu-migrations": 1,
                "page-faults": 562130,
                "cycles": 209960971868,
                "instructions": 157173366048,
                "branches": 33168820358,
                "branch-misses": 854060696,
                "max-rss": 7527244,
                "wall-time": 73.46
            },
            "tramp3d-v4": {
                "task-clock": 114201.941598,
                "context-switches": 684,
                "cpu-migrations": 2,
                "page-faults": 298620,
                "cycles": 347050645380,
                "instructions": 269846602542,
                "branches": 58364789511,
                "branch-misses": 1310683625,
                "max-rss": 1192344,
                "wall-time": 114.35
            },
            "mafft": {
                "task-clock": 22626.308779,
                "context-switches": 659,
                "cpu-migrations": 0,
                "page-faults": 126143,
                "cycles": 68714505286,
                "instructions": 68326605559,
                "branches": 14448829762,
                "branch-misses": 338743899,
                "max-rss": 1642160,
                "wall-time": 23.63
            },
            "ClamAV": {
                "task-clock": 59770.73016299999,